0.586623,0.32084,-1,-1,4
0.710987,0.380305,-1,-1,2
0.119955,0.164219,-1,-1,0
0.746398,0.389625,-1,-1,2
0.603152,0.23043,-1,-1,4
0.783176,0.24411,-1,-1,3
0.087224,0.141361,-1,-1,0
0.202906,0.326281,-1,-1,1
0.531342,0.089139,-1,-1,5
0.650931,0.315495,-1,-1,4
0.440458,0.404011,-1,-1,1
0.409835,0.34572,-1,-1,1
0.2143,0.077556,-1,-1,0
0.443264,0.417931,-1,-1,1
0.195796,0.097204,-1,-1,0
0.409952,0.04205,-1,-1,5
0.953399,0.12088,-1,-1,-1
0.58262,0.206297,-1,-1,-1
0.538899,0.11643,-1,-1,5
0.093401,0.159599,-1,-1,0
0.313468,0.230003,-1,-1,0
0.652519,0.151583,-1,-1,4
0.871882,0.113863,-1,-1,3
0.543273,0.292359,-1,-1,4
0.387447,0.389826,-1,-1,1
0.322808,0.086283,-1,-1,0
0.53781,0.143259,-1,-1,5
0.125064,0.077361,-1,-1,0
0.624414,0.426379,-1,-1,2
0.323019,0.113631,-1,-1,0
0.664136,0.372254,-1,-1,2
0.549145,0.06226,-1,-1,5
0.235554,0.228946,-1,-1,1
0.784639,0.10238,-1,-1,3
0.362562,0.306815,-1,-1,-1
0.501144,0.058141,-1,-1,5
0.508305,0.181974,-1,-1,5
0.412454,0.307212,-1,-1,1
0.298564,0.282302,-1,-1,0
0.811184,0.249621,-1,-1,3
0.526168,0.082625,-1,-1,5
0.417941,0.329609,-1,-1,1
0.567998,0.060885,-1,-1,5
0.851452,0.151669,-1,-1,3
0.876831,0.149712,-1,-1,3
0.336463,0.360645,-1,-1,1
0.038249,0.072642,-1,-1,-1
0.164748,0.062706,-1,-1,0
0.346978,0.181383,-1,-1,0
0.223433,0.22461,-1,-1,1
0.593617,0.247602,-1,-1,4
0.235535,0.15592,-1,-1,1
0.7235,0.079681,-1,-1,3
0.079329,0.201024,-1,-1,0
0.862056,0.12447,-1,-1,3
0.576067,0.108021,-1,-1,5
0.892966,0.137249,-1,-1,3
0.648741,0.037257,-1,-1,5
0.184901,0.067038,-1,-1,0
0.374011,0.40293,-1,-1,1
0.566468,0.305171,-1,-1,4
0.801963,0.326489,-1,-1,3
0.098375,0.172011,-1,-1,0
0.955113,0.128034,-1,-1,-1
0.624781,0.218484,-1,-1,4
0.630815,0.220859,-1,-1,4
0.571797,0.378358,-1,-1,2
0.524538,0.075649,-1,-1,5
0.650345,0.399356,-1,-1,2
0.075086,0.138826,-1,-1,0
0.843222,0.127693,-1,-1,3
0.248955,0.263581,-1,-1,-1
0.348872,0.351904,-1,-1,-1
0.201521,0.415685,-1,-1,1
0.423375,0.360179,-1,-1,1
0.843141,0.114982,-1,-1,3
0.372658,0.363596,-1,-1,1
0.236206,0.061339,-1,-1,0
0.183741,0.283518,-1,-1,1
0.4067,0.251652,-1,-1,1
0.285438,0.304599,-1,-1,0
0.305484,0.052617,-1,-1,0
0.901671,0.330917,-1,-1,3
0.547508,0.12905,-1,-1,5
0.120938,0.203847,-1,-1,0
0.356468,0.383743,-1,-1,1
0.472732,0.052101,-1,-1,5
0.290096,0.107829,-1,-1,0
0.809458,0.169101,-1,-1,3
0.59355,0.303171,-1,-1,4
0.089316,0.212904,-1,-1,0
0.299673,0.247024,-1,-1,0
0.567569,0.07957,-1,-1,5
0.743089,0.375808,-1,-1,2
0.405693,0.102366,-1,-1,5
0.337708,0.131772,-1,-1,0
0.575321,0.108462,-1,-1,5
0.704495,0.171003,-1,-1,-1
0.880233,0.176232,-1,-1,3
0.233974,0.06626,-1,-1,0
0.534934,0.185923,-1,-1,5
0.801522,0.187971,-1,-1,3
0.566331,0.306096,-1,-1,4
0.204669,0.351765,-1,-1,1
0.56003,0.047125,-1,-1,5
0.627326,0.200198,-1,-1,4
0.695219,0.400155,-1,-1,2
0.442157,0.385548,-1,-1,1
0.171663,0.364532,-1,-1,1
0.779655,0.215911,-1,-1,3
0.847443,0.107385,-1,-1,3
0.764069,0.106471,-1,-1,3
0.240538,0.30061,-1,-1,1
0.553519,0.221369,-1,-1,5
0.441866,0.241853,-1,-1,1
0.631152,0.056204,-1,-1,5
0.074185,0.130393,-1,-1,0
0.771366,0.189657,-1,-1,3
0.860016,0.283546,-1,-1,3
0.274481,0.130179,-1,-1,0
0.834193,0.209216,-1,-1,3
0.210832,0.340355,-1,-1,1
0.306276,0.111519,-1,-1,0
0.107219,0.172963,-1,-1,0
0.343856,0.091319,-1,-1,0
0.838744,0.095835,-1,-1,3
0.061252,0.264819,-1,-1,-1
0.584311,0.325728,-1,-1,4
0.438684,0.070958,-1,-1,5
0.740602,0.400783,-1,-1,2
0.429526,0.347289,-1,-1,1
0.042565,0.144064,-1,-1,-1
0.650465,0.205265,-1,-1,4
0.422965,0.157101,-1,-1,1
0.674984,0.389657,-1,-1,2
0.514468,0.157163,-1,-1,5
0.558414,0.165692,-1,-1,5
0.867588,0.174958,-1,-1,3
0.268364,0.416562,-1,-1,1
0.593121,0.317623,-1,-1,4
0.819048,0.100797,-1,-1,3
0.882096,0.354511,-1,-1,3
0.855192,0.337907,-1,-1,3
0.787088,0.065484,-1,-1,3
0.399144,0.323443,-1,-1,1
0.196623,0.172815,-1,-1,1
0.292169,0.404641,-1,-1,1
0.693032,0.12327,-1,-1,-1
0.388286,0.359941,-1,-1,1
0.638863,0.191198,-1,-1,4
0.648267,0.391757,-1,-1,2
0.819115,0.229398,-1,-1,3
0.869347,0.332345,-1,-1,3
0.32699,0.084463,-1,-1,0
0.208024,0.227575,-1,-1,1
0.359879,0.359684,-1,-1,1
0.65328,0.095545,-1,-1,5
0.533752,0.286612,-1,-1,4
0.586069,0.211567,-1,-1,-1
0.482155,0.057938,-1,-1,5
0.860826,0.232661,-1,-1,3
0.297249,0.26355,-1,-1,0
0.527522,0.133645,-1,-1,5
0.437367,0.065653,-1,-1,5
0.663835,0.389607,-1,-1,2
0.107466,0.149304,-1,-1,0
0.85589,0.188989,-1,-1,3
0.592419,0.196042,-1,-1,4
0.41662,0.405736,-1,-1,1
0.552992,0.31508,-1,-1,4
0.877847,0.088917,-1,-1,3
0.337121,0.259487,-1,-1,0
0.336144,0.382577,-1,-1,1
0.858192,0.163268,-1,-1,3
0.805861,0.192056,-1,-1,3
0.777244,0.068131,-1,-1,3
0.245874,0.065923,-1,-1,0
0.555085,0.117492,-1,-1,5
0.551756,0.11828,-1,-1,5
0.630775,0.286449,-1,-1,4
0.511415,0.43138,-1,-1,-1
0.75611,0.094497,-1,-1,3
0.419006,0.18684,-1,-1,1
0.112163,0.211302,-1,-1,0
0.433013,0.174152,-1,-1,1
0.843605,0.272732,-1,-1,3
0.793802,0.131474,-1,-1,3
0.519452,0.183319,-1,-1,5
0.237457,0.270915,-1,-1,1
0.320423,0.238783,-1,-1,0
0.589519,0.367708,-1,-1,2
0.524617,0.119645,-1,-1,5
0.570693,0.251661,-1,-1,-1
0.183358,0.237157,-1,-1,1
0.415486,0.187896,-1,-1,1
0.635016,0.05916,-1,-1,5
0.395062,0.414792,-1,-1,1
0.760417,0.21855,-1,-1,3
0.599645,0.384104,-1,-1,2
0.602069,0.375738,-1,-1,2
0.434998,0.460641,-1,-1,-1
0.201184,0.280077,-1,-1,1
0.84257,0.050326,-1,-1,3
0.396641,0.183264,-1,-1,1
0.543631,0.143503,-1,-1,5
0.623171,0.074283,-1,-1,5
0.188048,0.207987,-1,-1,1
0.862984,0.335109,-1,-1,3
0.953567,0.011791,-1,-1,-1
0.592963,0.420324,-1,-1,2
0.087345,0.302069,-1,-1,0
0.83446,0.11624,-1,-1,3
0.270013,0.361615,-1,-1,1
0.247208,0.197486,-1,-1,-1
0.485901,0.064246,-1,-1,5
0.794907,0.226928,-1,-1,3
0.834741,0.435607,-1,-1,-1
0.921412,0.182364,-1,-1,-1
0.281982,0.265121,-1,-1,0
0.640553,0.486185,-1,-1,-1
0.229895,0.079291,-1,-1,0
0.889021,0.322243,-1,-1,3
0.442514,0.04655,-1,-1,5
0.55753,0.075494,-1,-1,5
0.821307,0.282618,-1,-1,3
0.315998,0.219609,-1,-1,0
0.627998,0.077118,-1,-1,5
0.293882,0.195021,-1,-1,0
0.653652,0.373406,-1,-1,2
0.235206,0.216246,-1,-1,1
0.18035,0.238931,-1,-1,1
0.780104,0.12204,-1,-1,3
0.359652,0.408935,-1,-1,1
0.720689,0.243233,-1,-1,-1
0.60724,0.370121,-1,-1,2
0.85585,0.268401,-1,-1,3
0.195284,0.190597,-1,-1,1
0.547797,0.183248,-1,-1,5
0.875082,0.285903,-1,-1,3
0.820396,0.274256,-1,-1,3
0.230812,0.088265,-1,-1,0
0.076917,0.133192,-1,-1,0
0.622572,0.25138,-1,-1,4
0.864222,0.082965,-1,-1,3
0.445433,0.414818,-1,-1,1
0.43758,0.306818,-1,-1,1
0.5162,0.038901,-1,-1,5
0.45324,0.096986,-1,-1,5
0.440193,0.416895,-1,-1,1
0.524581,0.212235,-1,-1,5
0.343089,0.088703,-1,-1,0
0.638077,0.33047,-1,-1,4
0.094596,0.23504,-1,-1,0
0.183553,0.354264,-1,-1,1
0.636896,0.312716,-1,-1,4
0.304835,0.40957,-1,-1,1
0.849984,0.153482,-1,-1,3
0.872241,0.117554,-1,-1,3
0.487206,0.105008,-1,-1,5
0.40772,0.262946,-1,-1,1
0.55081,0.224294,-1,-1,5
0.42501,0.278808,-1,-1,1
0.796093,0.458997,-1,-1,-1
0.447118,0.064799,-1,-1,5
0.867149,0.133267,-1,-1,3
0.241939,0.077388,-1,-1,0
0.077556,0.094195,-1,-1,0
0.610089,0.1413,-1,-1,4
0.649161,0.383706,-1,-1,2
0.754786,0.082893,-1,-1,3
0.511736,0.153807,-1,-1,5
0.875871,0.212845,-1,-1,3
0.836026,0.16653,-1,-1,3
0.512168,0.12439,-1,-1,5
0.40615,0.389823,-1,-1,1
0.644133,0.16676,-1,-1,4
0.857104,0.388059,-1,-1,3
0.023572,0.122754,-1,-1,-1
0.730407,0.106062,-1,-1,3
0.880035,0.315566,-1,-1,3
0.849316,0.367997,-1,-1,3
0.210639,0.315819,-1,-1,1
0.75389,0.07307,-1,-1,3
0.286473,0.075018,-1,-1,0
0.325623,0.286641,-1,-1,0
0.860107,0.186471,-1,-1,3
0.453093,0.083551,-1,-1,5
0.122906,0.274556,-1,-1,0
0.00874,0.176796,-1,-1,-1
0.52616,0.391173,-1,-1,2
0.806508,0.093113,-1,-1,3
0.503958,0.183465,-1,-1,5
0.465506,0.448676,-1,-1,-1
0.421895,0.256136,-1,-1,1
0.318054,0.375986,-1,-1,1
0.640728,0.371423,-1,-1,2
0.76339,0.260623,-1,-1,3
0.898086,0.156468,-1,-1,-1
0.394821,0.287152,-1,-1,1
0.769923,0.21454,-1,-1,3
0.283597,0.12197,-1,-1,0
0.175526,0.385072,-1,-1,1
0.629369,0.155516,-1,-1,4
0.363706,0.156912,-1,-1,-1
0.863003,0.081625,-1,-1,3
0.819228,0.191649,-1,-1,3
0.297942,0.373625,-1,-1,1
0.100939,0.11281,-1,-1,0
0.442466,0.064014,-1,-1,5
0.30474,0.153645,-1,-1,0
0.046358,0.157605,-1,-1,-1
0.648014,0.082979,-1,-1,5
0.310554,0.072944,-1,-1,0
0.506395,0.403265,-1,-1,2
0.859474,0.313318,-1,-1,3
0.796118,0.081767,-1,-1,3
0.563176,0.291882,-1,-1,4
0.181928,0.098871,-1,-1,0
0.756022,0.223225,-1,-1,3
0.609933,0.051879,-1,-1,5
0.653457,0.247281,-1,-1,4
0.653581,0.235537,-1,-1,4
0.712866,0.374201,-1,-1,2
0.797254,0.3908,-1,-1,-1
0.120609,0.091609,-1,-1,0
0.187409,0.21419,-1,-1,1
0.380792,0.417018,-1,-1,1
0.788315,0.260665,-1,-1,3
0.712827,0.389573,-1,-1,2
0.408059,0.242599,-1,-1,1
0.566134,0.081435,-1,-1,5
0.3968,0.350089,-1,-1,1
0.791131,0.063966,-1,-1,3
0.274815,0.418912,-1,-1,1
0.547396,0.295677,-1,-1,4
0.110546,0.282404,-1,-1,0
0.116887,0.059305,-1,-1,0
0.81241,0.206688,-1,-1,3
0.78062,0.105284,-1,-1,3
0.7115,0.383244,-1,-1,2
0.425791,0.266403,-1,-1,1
0.872855,0.347494,-1,-1,3
0.583403,0.422768,-1,-1,2
0.604981,0.04884,-1,-1,5
0.294439,0.096538,-1,-1,0
0.540639,0.049872,-1,-1,5
0.10673,0.227217,-1,-1,0
0.814573,0.101364,-1,-1,3
0.376649,0.331658,-1,-1,-1
0.39458,0.22003,-1,-1,1
0.817858,0.10899,-1,-1,3
0.56843,0.407133,-1,-1,2
0.263877,0.376618,-1,-1,1
0.781262,0.421177,-1,-1,-1
0.142906,0.066636,-1,-1,0
0.318882,0.266075,-1,-1,0
0.084244,0.082546,-1,-1,0
0.622784,0.182419,-1,-1,4
0.847099,0.272184,-1,-1,3
0.459236,0.051409,-1,-1,5
0.868462,0.143957,-1,-1,3
0.554257,0.130625,-1,-1,5
0.089788,0.294398,-1,-1,0
0.825107,0.179532,-1,-1,3
0.761685,0.05701,-1,-1,3
0.15065,0.103848,-1,-1,0
0.270706,0.068224,-1,-1,0
0.598965,0.236757,-1,-1,4
0.422829,0.350048,-1,-1,1
0.417089,0.317457,-1,-1,1
0.824827,0.249181,-1,-1,3
0.791117,0.189444,-1,-1,3
0.236826,0.093316,-1,-1,0
0.705372,0.124369,-1,-1,-1
0.255069,0.089032,-1,-1,0
0.222794,0.251744,-1,-1,1
0.756987,0.257463,-1,-1,3
0.446454,0.249002,-1,-1,1
0.524219,0.16247,-1,-1,5
0.237835,0.272543,-1,-1,1
0.301174,0.127478,-1,-1,0
0.548013,0.362805,-1,-1,2
0.086427,0.112288,-1,-1,0
0.280371,0.32161,-1,-1,0
0.722978,0.232463,-1,-1,-1
0.188674,0.378073,-1,-1,1
0.575986,0.295542,-1,-1,4
0.215335,0.094971,-1,-1,0
0.828796,0.30142,-1,-1,3
0.515257,0.068181,-1,-1,5
0.726692,0.427842,-1,-1,-1
0.310296,0.099256,-1,-1,0
0.309703,0.230233,-1,-1,0
0.33558,0.114268,-1,-1,0
0.448081,0.207816,-1,-1,1
0.802415,0.324318,-1,-1,3
0.403244,0.202086,-1,-1,1
0.736377,0.070011,-1,-1,3
0.316935,0.113471,-1,-1,0
0.209685,0.055562,-1,-1,0
0.087518,0.322904,-1,-1,0
0.185538,0.068802,-1,-1,0
0.644018,0.199641,-1,-1,4
0.739799,0.403091,-1,-1,2
0.440494,0.399853,-1,-1,1
0.810537,0.138094,-1,-1,3
0.850482,0.209356,-1,-1,3
0.797214,0.10339,-1,-1,3
0.339109,0.293391,-1,-1,0
0.801228,0.182048,-1,-1,3
0.299118,0.391479,-1,-1,1
0.294554,0.172767,-1,-1,0
0.710208,0.440872,-1,-1,-1
0.194315,0.197024,-1,-1,1
0.495647,0.459772,-1,-1,-1
0.647671,0.119819,-1,-1,-1
0.853022,0.257347,-1,-1,3
0.434688,0.294182,-1,-1,1
0.89592,0.137059,-1,-1,3
0.198011,0.396032,-1,-1,1
0.215302,0.274829,-1,-1,1
0.889513,0.346891,-1,-1,3
0.842516,0.216503,-1,-1,3
0.599206,0.142888,-1,-1,4
0.775006,0.444773,-1,-1,-1
0.001578,0.294478,-1,-1,-1
0.651021,0.306821,-1,-1,4
0.810819,0.165935,-1,-1,3
0.322353,0.185425,-1,-1,0
0.446072,0.407422,-1,-1,1
0.77797,0.113016,-1,-1,3
0.392358,0.307315,-1,-1,1
0.385278,0.415843,-1,-1,1
0.737173,0.065343,-1,-1,3
0.827994,0.31515,-1,-1,3
0.52857,0.186681,-1,-1,5
0.262212,0.390021,-1,-1,1
0.451284,0.092757,-1,-1,5
0.842551,0.181131,-1,-1,3
0.644963,0.172538,-1,-1,4
0.213446,0.09503,-1,-1,0
0.294585,0.269759,-1,-1,0
0.395249,0.198535,-1,-1,1
0.181403,0.341931,-1,-1,1
0.739219,0.321319,-1,-1,-1
0.569941,0.058819,-1,-1,5
0.826681,0.081428,-1,-1,3
0.878374,0.26976,-1,-1,3
0.090155,0.41711,-1,-1,-1
0.809161,0.183195,-1,-1,3
0.144105,0.081586,-1,-1,0
0.298855,0.308489,-1,-1,0
0.439917,0.072684,-1,-1,5
0.230318,0.285585,-1,-1,1
0.558775,0.418268,-1,-1,2
0.292153,0.38203,-1,-1,1
0.646163,0.226262,-1,-1,4
0.61272,0.089465,-1,-1,5
0.845925,0.309767,-1,-1,3
0.447455,0.387176,-1,-1,1
0.81077,0.212173,-1,-1,3
0.115137,0.122971,-1,-1,0
0.120949,0.249843,-1,-1,0
0.807677,0.149089,-1,-1,3
0.335711,0.302942,-1,-1,0
0.819367,0.151938,-1,-1,3
0.837123,0.263486,-1,-1,3
0.860835,0.086895,-1,-1,3
0.420227,0.091377,-1,-1,5
0.824153,0.132337,-1,-1,3
0.805372,0.089946,-1,-1,3
0.818751,0.323366,-1,-1,3
0.668457,0.242732,-1,-1,-1
0.118243,0.092666,-1,-1,0
0.443719,0.056494,-1,-1,5
0.544581,0.410002,-1,-1,2
0.550974,0.217118,-1,-1,5
0.076594,0.201615,-1,-1,0
0.112618,0.249965,-1,-1,0
0.306911,0.261129,-1,-1,0
0.850799,0.303294,-1,-1,3
0.536155,0.411053,-1,-1,2
0.091681,0.165091,-1,-1,0
0.98966,0.077113,-1,-1,-1
0.296904,0.052597,-1,-1,0
0.786786,0.116727,-1,-1,3
0.734136,0.069709,-1,-1,3
0.424323,0.154441,-1,-1,1
0.598805,0.054647,-1,-1,5
0.888043,0.168466,-1,-1,3
0.327505,0.139115,-1,-1,0
0.433003,0.216799,-1,-1,1
0.270058,0.377601,-1,-1,1
0.236331,0.419161,-1,-1,1
0.447417,0.320877,-1,-1,1
0.609398,0.413283,-1,-1,2
0.152182,0.078888,-1,-1,0
0.140173,0.084618,-1,-1,0
0.625794,0.308716,-1,-1,4
0.911096,0.239412,-1,-1,-1
0.550842,0.105744,-1,-1,5
0.622789,0.265542,-1,-1,4
0.284139,0.180863,-1,-1,0
0.666907,0.366002,-1,-1,2
0.631324,0.290455,-1,-1,4
0.825334,0.330789,-1,-1,3
0.410589,0.061794,-1,-1,5
0.294398,0.247395,-1,-1,0
0.972075,0.470176,-1,-1,-1
0.6085,0.102891,-1,-1,5
0.903206,0.266537,-1,-1,-1
0.174978,0.058016,-1,-1,0
0.651567,0.281963,-1,-1,4
0.881209,0.083931,-1,-1,3
0.593728,0.368591,-1,-1,2
0.690674,0.420933,-1,-1,2
0.267893,0.408359,-1,-1,1
0.314232,0.318804,-1,-1,0
0.646577,0.326201,-1,-1,4
0.564358,0.274589,-1,-1,4
0.407021,0.202091,-1,-1,1
0.853931,0.259326,-1,-1,3
0.63412,0.217329,-1,-1,4
0.234593,0.229645,-1,-1,1
0.20872,0.086406,-1,-1,0
0.792791,0.107286,-1,-1,3
0.554353,0.10685,-1,-1,5
0.354177,0.367693,-1,-1,1
0.230676,0.081329,-1,-1,0
0.873835,0.372409,-1,-1,3
0.427487,0.408149,-1,-1,1
0.286419,0.322077,-1,-1,0
0.726016,0.31424,-1,-1,-1
0.844816,0.320067,-1,-1,3
0.297241,0.154633,-1,-1,0
0.631296,0.314923,-1,-1,4
0.290866,0.416958,-1,-1,1
0.675998,0.427342,-1,-1,2
0.606712,0.231414,-1,-1,4
0.534746,0.110524,-1,-1,5
0.290208,0.103291,-1,-1,0
0.421067,0.166527,-1,-1,1
0.818673,0.309522,-1,-1,3
0.43543,0.392069,-1,-1,1
0.334265,0.394577,-1,-1,1
0.144688,0.384455,-1,-1,-1
0.554466,0.31135,-1,-1,4
0.096366,0.148243,-1,-1,0
0.895126,0.28845,-1,-1,-1
0.82342,0.235442,-1,-1,3
0.657954,0.370716,-1,-1,2
0.971152,0.296981,-1,-1,-1
0.748877,0.089003,-1,-1,3
0.122019,0.055629,-1,-1,0
0.089978,0.051423,-1,-1,0
0.24012,0.2245,-1,-1,1
0.778893,0.204508,-1,-1,3
0.435858,0.418529,-1,-1,1
0.695637,0.369208,-1,-1,2
0.548,0.058944,-1,-1,5
0.083618,0.273971,-1,-1,0
0.123005,0.307307,-1,-1,0
0.669706,0.422573,-1,-1,2
0.39528,0.416677,-1,-1,1
0.86703,0.100222,-1,-1,3
0.486265,0.454634,-1,-1,-1
0.944056,0.069527,-1,-1,-1
0.384085,0.40154,-1,-1,1
0.891556,0.365286,-1,-1,3
0.852869,0.216383,-1,-1,3
0.211772,0.16349,-1,-1,1
0.693446,0.422476,-1,-1,2
0.286716,0.306701,-1,-1,0
0.83424,0.097746,-1,-1,3
0.192157,0.353224,-1,-1,1
0.178738,0.38554,-1,-1,1
0.437343,0.151903,-1,-1,1
0.594332,0.322466,-1,-1,4
0.294565,0.095773,-1,-1,0
0.428982,0.084527,-1,-1,5
0.546895,0.125487,-1,-1,5
0.827867,0.130604,-1,-1,3
0.126332,0.225896,-1,-1,0
0.89699,0.328911,-1,-1,3
0.758446,0.246051,-1,-1,3
0.408518,0.406046,-1,-1,1
0.653374,0.190134,-1,-1,4
0.800705,0.113427,-1,-1,3
0.571744,0.270556,-1,-1,4
0.734375,0.382778,-1,-1,2
0.785679,0.087289,-1,-1,3
0.406388,0.1965,-1,-1,1
0.726684,0.091155,-1,-1,3
0.604767,0.069016,-1,-1,5
0.200998,0.377471,-1,-1,1
0.286986,0.2205,-1,-1,0
0.856276,0.165992,-1,-1,3
0.540562,0.419609,-1,-1,2
0.199808,0.398093,-1,-1,1
0.283941,0.151776,-1,-1,0
0.922187,0.300187,-1,-1,-1
0.232788,0.349196,-1,-1,1
0.404859,0.364786,-1,-1,1
0.420573,0.389272,-1,-1,1
0.820141,0.334129,-1,-1,3
0.679412,0.373626,-1,-1,2
0.224042,0.411505,-1,-1,1
0.467676,0.048256,-1,-1,5
0.63357,0.390121,-1,-1,2
0.675256,0.410289,-1,-1,2
0.8518,0.11177,-1,-1,3
0.814203,0.16377,-1,-1,3
0.814613,0.189743,-1,-1,3
0.410473,0.08093,-1,-1,5
0.622551,0.153406,-1,-1,4
0.379687,0.362281,-1,-1,1
0.601764,0.05401,-1,-1,5
0.773572,0.072832,-1,-1,3
0.651077,0.401669,-1,-1,2
0.110233,0.178706,-1,-1,0
0.164406,0.110321,-1,-1,0
0.319236,0.402746,-1,-1,1
0.241604,0.053508,-1,-1,0
0.836781,0.285415,-1,-1,3
0.730653,0.440995,-1,-1,-1
0.092796,0.162813,-1,-1,0
0.562858,0.040407,-1,-1,5
0.579831,0.105781,-1,-1,5
0.768073,0.270188,-1,-1,3
0.614085,0.209829,-1,-1,4
0.873267,0.09823,-1,-1,3
0.621666,0.251637,-1,-1,4
0.760978,0.192173,-1,-1,3
0.824922,0.229813,-1,-1,3
0.03834,0.108756,-1,-1,-1
0.342163,0.074569,-1,-1,0
0.939781,0.474182,-1,-1,-1
0.240193,0.189514,-1,-1,1
0.477989,0.460797,-1,-1,-1
0.614289,0.451629,-1,-1,-1
0.959032,0.110885,-1,-1,-1
0.143268,0.273738,-1,-1,-1
0.092963,0.127914,-1,-1,0
0.34754,0.386816,-1,-1,1
0.622171,0.253698,-1,-1,4
0.093254,0.224002,-1,-1,0
0.738043,0.058583,-1,-1,3
0.402369,0.054054,-1,-1,5
0.423196,0.306057,-1,-1,1
0.534588,0.319433,-1,-1,4
0.104366,0.074016,-1,-1,0
0.079339,0.063286,-1,-1,0
0.101407,0.248415,-1,-1,0
0.501034,0.104264,-1,-1,5
0.665254,0.412029,-1,-1,2
0.41278,0.154767,-1,-1,1
0.440238,0.312839,-1,-1,1
0.080613,0.103692,-1,-1,0
0.798254,0.170292,-1,-1,3
0.511927,0.18316,-1,-1,5
0.329725,0.238505,-1,-1,0
0.852099,0.01726,-1,-1,-1
0.772919,0.429939,-1,-1,-1
0.333717,0.1677,-1,-1,0
0.61503,0.211613,-1,-1,4
0.248633,0.09984,-1,-1,0
0.8132,0.089858,-1,-1,3
0.831243,0.229219,-1,-1,3
0.612454,0.123885,-1,-1,4
0.343097,0.251147,-1,-1,0
0.089476,0.297219,-1,-1,0
0.125591,0.237094,-1,-1,0
0.227722,0.405222,-1,-1,1
0.266206,0.064626,-1,-1,0
0.042482,0.139681,-1,-1,-1
0.880013,0.175802,-1,-1,3
0.271749,0.393249,-1,-1,1
0.09466,0.213518,-1,-1,0
0.400954,0.378732,-1,-1,1
0.712623,0.367831,-1,-1,2
0.88766,0.111733,-1,-1,3
0.611673,0.091534,-1,-1,5
0.788083,0.188816,-1,-1,3
0.665981,0.364649,-1,-1,2
0.209982,0.11515,-1,-1,0
0.316447,0.230725,-1,-1,0
0.647831,0.400254,-1,-1,2
0.19404,0.104649,-1,-1,0
0.23215,0.408577,-1,-1,1
0.281096,0.184938,-1,-1,0
0.831965,0.202998,-1,-1,3
0.402318,0.372724,-1,-1,1
0.203915,0.248157,-1,-1,1
0.593791,0.265938,-1,-1,4
0.052026,0.218625,-1,-1,-1
0.853061,0.160947,-1,-1,3
0.107805,0.207645,-1,-1,0
0.856987,0.053735,-1,-1,3
0.4038,0.174366,-1,-1,1
0.182534,0.154641,-1,-1,1
0.323591,0.285482,-1,-1,0
0.423513,0.39058,-1,-1,1
0.775896,0.256069,-1,-1,3
0.527403,0.387706,-1,-1,2
0.690158,0.108559,-1,-1,-1
0.456898,0.44219,-1,-1,-1
0.420125,0.192067,-1,-1,1
0.131978,0.067252,-1,-1,0
0.874626,0.258433,-1,-1,3
0.610284,0.014235,-1,-1,-1
0.220604,0.225725,-1,-1,1
0.319117,0.324236,-1,-1,0
0.418415,0.391363,-1,-1,1
0.608808,0.156192,-1,-1,4
0.148831,0.090765,-1,-1,0
0.401332,0.296387,-1,-1,1
0.398944,0.230171,-1,-1,1
0.640118,0.201879,-1,-1,4
0.335425,0.066601,-1,-1,0
0.939171,0.368319,-1,-1,-1
0.113835,0.456597,-1,-1,-1
0.820514,0.248006,-1,-1,3
0.785995,0.268018,-1,-1,3
0.515923,0.223558,-1,-1,5
0.806831,0.182097,-1,-1,3
0.185866,0.313286,-1,-1,1
0.752487,0.104872,-1,-1,3
0.802088,0.287593,-1,-1,3
0.606391,0.167075,-1,-1,4
0.213935,0.24234,-1,-1,1
0.60201,0.321398,-1,-1,4
0.341583,0.299244,-1,-1,0
0.607417,0.056117,-1,-1,5
0.80234,0.372928,-1,-1,-1
0.50254,0.122454,-1,-1,5
0.949484,0.23273,-1,-1,-1
0.217347,0.368514,-1,-1,1
0.081096,0.168425,-1,-1,0
0.231776,0.327792,-1,-1,1
0.640875,0.139227,-1,-1,4
0.621046,0.239054,-1,-1,4
0.426243,0.216759,-1,-1,1
0.422885,0.259014,-1,-1,1
0.227093,0.072358,-1,-1,0
0.838145,0.189602,-1,-1,3
0.761059,0.07089,-1,-1,3
0.805732,0.481692,-1,-1,-1
0.832911,0.181468,-1,-1,3
0.07226,0.295046,-1,-1,0
0.772503,0.444535,-1,-1,-1
0.753168,0.092837,-1,-1,3
0.393569,0.367251,-1,-1,1
0.623107,0.295489,-1,-1,4
0.416792,0.073054,-1,-1,5
0.361877,0.111367,-1,-1,-1
0.634345,0.095811,-1,-1,5
0.25366,0.173767,-1,-1,-1
0.834169,0.340645,-1,-1,3
0.555204,0.192767,-1,-1,5
0.125212,0.260262,-1,-1,0
0.757812,0.224024,-1,-1,3
0.845792,0.302816,-1,-1,3
0.465754,0.090265,-1,-1,5
0.512042,0.055203,-1,-1,5
0.628626,0.368522,-1,-1,2
0.809305,0.281173,-1,-1,3
0.328244,0.359703,-1,-1,1
0.202054,0.303752,-1,-1,1
0.333703,0.137372,-1,-1,0
0.553035,0.404455,-1,-1,2
0.952415,0.124045,-1,-1,-1
0.268224,0.455371,-1,-1,-1
0.062238,0.28443,-1,-1,-1
0.537797,0.200513,-1,-1,5
0.160331,0.056666,-1,-1,0
0.986567,0.47662,-1,-1,-1
0.827339,0.246532,-1,-1,3
0.318922,0.240181,-1,-1,0
0.388492,0.399369,-1,-1,1
0.031604,0.076011,-1,-1,-1
0.631369,0.409495,-1,-1,2
0.311308,0.209915,-1,-1,0
0.650219,0.140118,-1,-1,4
0.843436,0.116125,-1,-1,3
0.555343,0.420714,-1,-1,2
0.174187,0.113621,-1,-1,0
0.589673,0.191265,-1,-1,4
0.817484,0.330987,-1,-1,3
0.818581,0.169695,-1,-1,3
0.439765,0.230693,-1,-1,1
0.104367,0.282799,-1,-1,0
0.761687,0.276871,-1,-1,3
0.171722,0.078411,-1,-1,0
0.888872,0.360826,-1,-1,3
0.085775,0.352537,-1,-1,-1
0.395973,0.207864,-1,-1,1
0.829973,0.190447,-1,-1,3
0.926131,0.074906,-1,-1,-1
0.735264,0.398933,-1,-1,2
0.610559,0.276613,-1,-1,4
0.080911,0.168617,-1,-1,0
0.792709,0.105553,-1,-1,3
0.320377,0.190818,-1,-1,0
0.866054,0.073173,-1,-1,3
0.716318,0.395546,-1,-1,2
0.178299,0.253663,-1,-1,1
0.356155,0.410415,-1,-1,1
0.870668,0.072887,-1,-1,3
0.326233,0.177751,-1,-1,0
0.088391,0.165006,-1,-1,0
0.510831,0.163094,-1,-1,5
0.213827,0.400628,-1,-1,1
0.626334,0.302861,-1,-1,4
0.116385,0.279853,-1,-1,0
0.314979,0.376821,-1,-1,1
0.424401,0.175885,-1,-1,1
0.087153,0.217717,-1,-1,0
0.508733,0.405553,-1,-1,2
0.075553,0.121861,-1,-1,0
0.868244,0.369583,-1,-1,3
0.197177,0.180399,-1,-1,1
0.12324,0.088034,-1,-1,0
0.715478,0.186847,-1,-1,-1
0.625387,0.398585,-1,-1,2
0.387575,0.373666,-1,-1,1
0.431032,0.17685,-1,-1,1
0.410176,0.306329,-1,-1,1
0.274192,0.066653,-1,-1,0
0.189196,0.217224,-1,-1,1
0.75495,0.0728,-1,-1,3
0.852765,0.293094,-1,-1,3
0.211703,0.361602,-1,-1,1
0.451252,0.096751,-1,-1,5
0.896502,0.378216,-1,-1,3
0.780037,0.073698,-1,-1,3
0.308693,0.065145,-1,-1,0
0.396005,0.322925,-1,-1,1
0.564542,0.40673,-1,-1,2
0.206671,0.165716,-1,-1,1
0.082855,0.295383,-1,-1,0
0.847393,0.167585,-1,-1,3
0.323347,0.404519,-1,-1,1
0.704077,0.153133,-1,-1,-1
0.32208,0.137217,-1,-1,0
0.639027,0.306067,-1,-1,4
0.117712,0.300318,-1,-1,0
0.287934,0.374244,-1,-1,1
0.58289,0.105695,-1,-1,5
0.304518,0.394581,-1,-1,1
0.356311,0.319775,-1,-1,-1
0.349072,0.363901,-1,-1,1
0.806173,0.286099,-1,-1,3
0.632997,0.224535,-1,-1,4
0.514633,0.383701,-1,-1,2
0.192602,0.410358,-1,-1,1
0.610484,0.062733,-1,-1,5
0.158128,0.068471,-1,-1,0
0.15061,0.107581,-1,-1,0
0.285294,0.261516,-1,-1,0
0.533361,0.330546,-1,-1,4
0.600703,0.42811,-1,-1,2
0.615439,0.315311,-1,-1,4
0.602741,0.215481,-1,-1,4
0.227837,0.058928,-1,-1,0
0.093011,0.286006,-1,-1,0
0.751957,0.05142,-1,-1,3
0.405056,0.389625,-1,-1,1
0.341209,0.303299,-1,-1,0
0.749663,0.132089,-1,-1,-1
0.867374,0.264037,-1,-1,3
0.416744,0.199026,-1,-1,1
0.840966,0.265714,-1,-1,3
0.281965,0.055633,-1,-1,0
0.781832,0.072613,-1,-1,3
0.805468,0.083931,-1,-1,3
0.346687,0.261784,-1,-1,0
0.592356,0.366235,-1,-1,2
0.523613,0.116634,-1,-1,5
0.640343,0.273652,-1,-1,4
0.740674,0.082922,-1,-1,3
0.671027,0.457048,-1,-1,-1
0.200586,0.245812,-1,-1,1
0.645607,0.326762,-1,-1,4
0.349377,0.079013,-1,-1,0
0.127323,0.193276,-1,-1,0
0.474944,0.340227,-1,-1,-1
0.409898,0.361743,-1,-1,1
0.442891,0.282775,-1,-1,1
0.444203,0.051283,-1,-1,5
0.316133,0.185564,-1,-1,0
0.795669,0.238789,-1,-1,3
0.49577,0.082043,-1,-1,5
0.482177,0.106337,-1,-1,5
0.239358,0.296673,-1,-1,1
0.198428,0.057917,-1,-1,0
0.324593,0.36123,-1,-1,1
0.772535,0.257821,-1,-1,3
0.214411,0.380371,-1,-1,1
0.738546,0.07565,-1,-1,3
0.865142,0.068228,-1,-1,3
0.723637,0.106176,-1,-1,3
0.852126,0.074136,-1,-1,3
0.853599,0.357206,-1,-1,3
0.654334,0.07799,-1,-1,5
0.528216,0.125508,-1,-1,5
0.324284,0.280452,-1,-1,0
0.883903,0.082308,-1,-1,3
0.185856,0.07985,-1,-1,0
0.816955,0.156246,-1,-1,3
0.724842,0.389872,-1,-1,2
0.761259,0.198206,-1,-1,3
0.652958,0.182928,-1,-1,4
0.783765,0.238486,-1,-1,3
0.096484,0.128783,-1,-1,0
0.682032,0.440827,-1,-1,-1
0.543283,0.105821,-1,-1,5
0.76872,0.099736,-1,-1,3
0.894455,0.117294,-1,-1,3
0.616879,0.380586,-1,-1,2
0.115468,0.08374,-1,-1,0
0.359716,0.106743,-1,-1,-1
0.646765,0.329043,-1,-1,4
0.84281,0.109433,-1,-1,3
0.209757,0.113722,-1,-1,0
0.316963,0.220859,-1,-1,0
0.481,0.070701,-1,-1,5
0.512794,0.154968,-1,-1,5
0.872612,0.101019,-1,-1,3
0.098834,0.065602,-1,-1,0
0.62674,0.188441,-1,-1,4
0.55097,0.024085,-1,-1,-1
0.738241,0.381893,-1,-1,2
0.862358,0.081637,-1,-1,3
0.17689,0.073596,-1,-1,0
0.087447,0.100193,-1,-1,0
0.446209,0.28278,-1,-1,1
0.729642,0.087042,-1,-1,3
0.612919,0.281241,-1,-1,4
0.413826,0.397145,-1,-1,1
0.854022,0.279984,-1,-1,3
0.509711,0.121243,-1,-1,5
0.633842,0.379454,-1,-1,2
0.505922,0.181275,-1,-1,5
0.236171,0.325163,-1,-1,1
0.293807,0.229415,-1,-1,0
0.58543,0.195457,-1,-1,4
0.762342,0.247909,-1,-1,3
0.638545,0.244925,-1,-1,4
0.239347,0.318781,-1,-1,1
0.571545,0.090141,-1,-1,5
0.689665,0.36481,-1,-1,2
0.111458,0.310684,-1,-1,0
0.751687,0.233701,-1,-1,3
0.250097,0.307626,-1,-1,-1
0.238673,0.105735,-1,-1,0
0.252561,0.18403,-1,-1,-1
0.284558,0.054625,-1,-1,0
0.198811,0.406042,-1,-1,1
0.849254,0.350562,-1,-1,3
0.906736,0.342163,-1,-1,3
0.830653,0.295136,-1,-1,3
0.43028,0.155649,-1,-1,1
0.562824,0.366125,-1,-1,2
0.862593,0.284578,-1,-1,3
0.081807,0.14955,-1,-1,0
0.440872,0.055818,-1,-1,5
0.432168,0.08046,-1,-1,5
0.402751,0.407412,-1,-1,1
0.824855,0.199502,-1,-1,3
0.144011,0.08895,-1,-1,0
0.333268,0.276543,-1,-1,0
0.875321,0.253941,-1,-1,3
0.105268,0.128398,-1,-1,0
0.838236,0.089248,-1,-1,3
0.81777,0.337914,-1,-1,3
0.744447,0.056652,-1,-1,3
0.529599,0.13705,-1,-1,5
0.312756,0.184417,-1,-1,0
0.559645,0.074113,-1,-1,5
0.283818,0.322466,-1,-1,0
0.754735,0.384508,-1,-1,2
0.86158,0.125736,-1,-1,3
0.43405,0.10696,-1,-1,5
0.399391,0.268503,-1,-1,1
0.61027,0.423919,-1,-1,2
0.574141,0.319597,-1,-1,4
0.340187,0.142567,-1,-1,0
0.196984,0.33085,-1,-1,1
0.875439,0.074966,-1,-1,3
0.334957,0.254714,-1,-1,0
0.189874,0.165826,-1,-1,1
0.597409,0.226123,-1,-1,4
0.556704,0.098919,-1,-1,5
0.532805,0.289788,-1,-1,4
0.25147,0.086601,-1,-1,0
0.41177,0.313768,-1,-1,1
0.625738,0.375511,-1,-1,2
0.392554,0.182906,-1,-1,1
0.554482,0.192145,-1,-1,5
0.640781,0.313508,-1,-1,4
0.552371,0.054144,-1,-1,5
0.235006,0.18827,-1,-1,1
0.769105,0.081657,-1,-1,3
0.316486,0.287422,-1,-1,0
0.543307,0.077558,-1,-1,5
0.640224,0.092244,-1,-1,5
0.195564,0.106545,-1,-1,0
0.561195,0.065946,-1,-1,5
0.122532,0.187249,-1,-1,0
0.847502,0.222409,-1,-1,3
0.536217,0.131203,-1,-1,5
0.461709,0.063086,-1,-1,5
0.218607,0.178572,-1,-1,1
0.444163,0.396882,-1,-1,1
0.560573,0.305484,-1,-1,4
0.459788,0.107224,-1,-1,5
0.828601,0.272681,-1,-1,3
0.306466,0.176228,-1,-1,0
0.517666,0.090537,-1,-1,5
0.319804,0.172212,-1,-1,0
0.453652,0.056339,-1,-1,5
0.519513,0.419069,-1,-1,2
0.606168,0.376644,-1,-1,2
0.766284,0.416772,-1,-1,2
0.110067,0.266775,-1,-1,0
0.87166,0.071725,-1,-1,3
0.878529,0.197387,-1,-1,3
0.110992,0.230395,-1,-1,0
0.631307,0.147674,-1,-1,4
0.800115,0.273372,-1,-1,3
0.751494,0.415492,-1,-1,2
0.801083,0.224989,-1,-1,3
0.626914,0.288128,-1,-1,4
0.514422,0.407468,-1,-1,2
0.106714,0.195118,-1,-1,0
0.14474,0.114679,-1,-1,0
0.544438,0.365299,-1,-1,2
0.237681,0.418772,-1,-1,1
0.139069,0.270636,-1,-1,-1
0.631938,0.305185,-1,-1,4
0.480717,0.054482,-1,-1,5
0.634208,0.184979,-1,-1,4
0.196443,0.32665,-1,-1,1
0.30777,0.214665,-1,-1,0
0.875083,0.373193,-1,-1,3
0.054534,0.205816,-1,-1,-1
0.580609,0.225158,-1,-1,-1
0.40857,0.337165,-1,-1,1
0.615289,0.254617,-1,-1,4
0.596727,0.379545,-1,-1,2
0.281387,0.140067,-1,-1,0
0.966653,0.088808,-1,-1,-1
0.152288,0.424602,-1,-1,-1
0.236704,0.21943,-1,-1,1
0.871994,0.230126,-1,-1,3
0.537311,0.407249,-1,-1,2
0.769093,0.438503,-1,-1,-1
0.689633,0.097609,-1,-1,-1
0.855134,0.248006,-1,-1,3
0.835321,0.214185,-1,-1,3
0.548455,0.217313,-1,-1,5
0.562749,0.071011,-1,-1,5
0.626997,0.381262,-1,-1,2
0.108864,0.169599,-1,-1,0
0.067567,0.120805,-1,-1,0
0.650927,0.048532,-1,-1,5
0.544756,0.40449,-1,-1,2
0.585685,0.404078,-1,-1,2
0.198371,0.078153,-1,-1,0
0.355623,0.095278,-1,-1,-1
0.11916,0.276778,-1,-1,0
0.043149,0.137554,-1,-1,-1
0.83289,0.299877,-1,-1,3
0.163129,0.08885,-1,-1,0
0.286257,0.165006,-1,-1,0
0.547891,0.120826,-1,-1,5
0.731238,0.400256,-1,-1,2
0.796369,0.209789,-1,-1,3
0.266066,0.055351,-1,-1,0
0.674748,0.06854,-1,-1,5
0.211262,0.306741,-1,-1,1
0.308112,0.083669,-1,-1,0
0.204153,0.311906,-1,-1,1
0.816939,0.238727,-1,-1,3
0.317361,0.308452,-1,-1,0
0.558759,0.215864,-1,-1,5
0.337668,0.172674,-1,-1,0
0.340927,0.092502,-1,-1,0
0.777026,0.064815,-1,-1,3
0.584081,0.453404,-1,-1,-1
0.863324,0.037128,-1,-1,-1
0.874551,0.262625,-1,-1,3
0.254299,0.184439,-1,-1,-1
0.534078,0.458184,-1,-1,-1
0.311248,0.297169,-1,-1,0
0.582438,0.048061,-1,-1,5
0.633455,0.227379,-1,-1,4
0.286885,0.219575,-1,-1,0
0.075248,0.313171,-1,-1,0
0.360558,0.414161,-1,-1,1
0.112843,0.057181,-1,-1,0
0.530911,0.418486,-1,-1,2
0.305339,0.248979,-1,-1,0
0.795893,0.116329,-1,-1,3
0.372479,0.416157,-1,-1,1
0.191018,0.168561,-1,-1,1
0.557034,0.20174,-1,-1,5
0.280209,0.191056,-1,-1,0
0.496754,0.381687,-1,-1,2
0.869821,0.162003,-1,-1,3
0.876981,0.358115,-1,-1,3
0.494867,0.099382,-1,-1,5
0.100342,0.198783,-1,-1,0
0.884286,0.339855,-1,-1,3
0.432861,0.296837,-1,-1,1
0.156219,0.098046,-1,-1,0
