0,0,6,8,13,0.086012,0.133120
1,1,4,70,39,0.704936,0.395397
2,2,1,13,24,0.139431,0.240784
3,3,4,57,39,0.574372,0.394351
4,4,6,45,4,0.456395,0.045822
5,5,1,13,29,0.138826,0.299640
6,6,4,15,5,0.155696,0.055562
7,7,6,16,4,0.165099,0.045214
8,8,6,54,9,0.543816,0.093963
9,9,3,41,26,0.417658,0.264330
10,10,3,20,15,0.207138,0.157460
11,11,3,30,18,0.304087,0.183522
12,12,4,10,19,0.104881,0.195331
13,13,6,23,30,0.232391,0.305740
14,14,9,8,6,0.086584,0.063878
15,15,6,62,22,0.626044,0.223864
16,16,4,64,21,0.646730,0.215049
17,17,1,78,27,0.788417,0.275627
18,18,3,21,29,0.214810,0.298131
19,19,7,77,26,0.774967,0.262013
20,20,3,41,34,0.415465,0.344601
21,21,5,11,11,0.113364,0.114404
22,22,3,55,35,0.555944,0.358925
23,23,3,78,22,0.787498,0.224865
24,24,5,64,18,0.645589,0.184901
25,25,1,78,47,0.782804,0.474395
26,26,3,54,28,0.545086,0.286932
27,27,3,49,11,0.497668,0.117554
28,28,5,32,7,0.323914,0.073565
29,29,3,53,10,0.535543,0.104665
30,30,4,32,35,0.325230,0.354533
31,31,1,68,41,0.683227,0.415053
32,32,4,8,29,0.088472,0.293839
33,33,5,85,12,0.856455,0.125847
34,34,4,62,19,0.624480,0.193224
35,35,4,62,36,0.625587,0.366061
36,36,11,29,38,0.294499,0.385405
37,37,6,23,7,0.234353,0.074849
38,38,2,87,24,0.873832,0.243777
39,39,10,52,15,0.524960,0.154127
40,40,6,7,9,0.075859,0.095469
41,41,10,39,40,0.394727,0.405920
42,42,4,48,7,0.482725,0.073575
43,43,4,76,20,0.766309,0.208310
44,44,5,83,41,0.838511,0.415550
45,45,2,66,15,0.665930,0.152335
46,46,3,60,15,0.604348,0.153811
47,47,4,48,6,0.483766,0.062385
48,48,7,10,21,0.104050,0.214732
49,49,3,55,40,0.553599,0.405127
50,50,6,64,16,0.643283,0.163764
51,51,6,10,17,0.104888,0.175914
52,52,5,10,10,0.102394,0.103747
53,53,3,19,31,0.194212,0.313949
54,54,3,65,22,0.654199,0.227098
55,55,4,11,10,0.116096,0.104466
56,56,5,30,12,0.305036,0.126978
57,57,6,29,29,0.297130,0.295387
58,58,5,53,30,0.536199,0.303313
59,59,1,18,31,0.181701,0.319468
60,60,3,87,21,0.876476,0.211708
61,61,7,20,24,0.206208,0.244071
62,62,2,89,36,0.894894,0.364352
63,63,3,87,34,0.873790,0.341787
64,64,6,44,15,0.442146,0.155149
65,65,5,31,5,0.313715,0.055761
66,66,6,66,40,0.665234,0.405763
67,67,1,66,42,0.663374,0.426540
68,68,2,5,19,0.052589,0.195166
69,69,5,42,21,0.425611,0.216182
70,70,4,49,8,0.492821,0.088204
71,71,9,29,22,0.295015,0.224424
72,72,4,26,35,0.264627,0.354401
73,73,6,6,28,0.065629,0.284247
74,74,3,55,41,0.555118,0.415428
75,75,6,44,41,0.443993,0.413414
76,76,6,56,3,0.562085,0.035659
77,77,5,76,18,0.765353,0.185632
78,78,10,9,15,0.094245,0.154357
79,79,3,7,26,0.079122,0.266928
80,80,6,41,20,0.415618,0.205543
81,81,9,69,41,0.693487,0.415530
82,82,5,22,21,0.225014,0.215821
83,83,5,30,20,0.305780,0.202905
84,84,5,61,16,0.616505,0.165455
85,85,1,37,34,0.371013,0.345868
86,86,3,12,15,0.124452,0.154315
87,87,3,82,8,0.826240,0.086160
88,88,8,18,18,0.187106,0.184291
89,89,1,58,4,0.589289,0.040034
90,90,5,78,26,0.784245,0.262358
91,91,6,7,11,0.075615,0.112271
92,92,10,45,8,0.453156,0.085347
93,93,8,85,21,0.856107,0.215742
94,94,1,31,34,0.312296,0.340958
95,95,3,36,35,0.364415,0.354286
96,96,3,84,6,0.841758,0.061868
97,97,3,25,40,0.254613,0.406852
98,98,5,44,27,0.443165,0.276620
99,99,7,48,4,0.481699,0.046081
100,100,6,13,6,0.132969,0.064609
101,101,1,22,38,0.227431,0.387797
102,102,5,52,21,0.526273,0.214468
103,103,4,39,14,0.395304,0.148578
104,104,3,33,8,0.334652,0.084303
105,105,2,34,23,0.342354,0.235810
106,106,1,79,3,0.795951,0.038948
107,107,6,20,35,0.204445,0.352873
108,108,7,38,35,0.385468,0.354797
109,109,2,30,5,0.304431,0.054744
110,110,7,86,13,0.866891,0.132827
111,111,2,70,40,0.703135,0.404613
112,112,2,57,38,0.574276,0.385510
113,113,2,70,17,0.707987,0.172259
114,114,7,77,20,0.774481,0.204021
115,115,3,9,22,0.094044,0.225815
116,116,1,50,35,0.502417,0.358713
117,117,3,32,10,0.326032,0.104310
118,118,4,79,20,0.795997,0.205141
119,119,7,29,39,0.295259,0.395909
120,120,3,31,8,0.312372,0.086550
121,121,2,52,3,0.525149,0.037071
122,122,1,80,40,0.803674,0.407773
123,123,2,10,15,0.106080,0.156116
124,124,4,78,23,0.784516,0.234994
125,125,6,57,26,0.575641,0.264497
126,126,5,52,20,0.523862,0.207329
127,127,8,62,27,0.624189,0.274778
128,128,1,98,26,0.982053,0.261597
129,129,5,59,29,0.593978,0.293501
130,130,1,36,9,0.360212,0.090787
131,131,4,57,41,0.574583,0.415715
132,132,5,62,6,0.625586,0.065716
133,133,3,30,35,0.306645,0.356151
134,134,6,43,14,0.435357,0.144363
135,135,1,57,29,0.574077,0.291915
136,136,4,11,14,0.115628,0.145847
137,137,6,83,29,0.834679,0.296056
138,138,3,58,29,0.582661,0.294266
139,139,5,51,39,0.517519,0.393221
140,140,1,94,12,0.947304,0.121887
141,141,6,55,15,0.553950,0.155608
142,142,2,62,4,0.622184,0.045081
143,143,9,54,20,0.544935,0.206303
144,144,4,65,4,0.653779,0.045648
145,145,5,41,36,0.412975,0.363674
146,146,4,86,31,0.865852,0.316269
147,147,7,66,39,0.665874,0.396294
148,148,2,84,31,0.844846,0.314948
149,149,5,20,4,0.207150,0.046994
150,150,6,28,27,0.283077,0.274325
151,151,7,33,12,0.334912,0.124716
152,152,7,33,26,0.335761,0.266845
153,153,1,21,3,0.218556,0.030535
154,154,6,30,6,0.306038,0.064198
155,155,6,78,9,0.785396,0.095718
156,156,2,57,5,0.575091,0.055865
157,157,3,62,21,0.622343,0.211864
158,158,3,40,22,0.404032,0.223599
159,159,5,11,16,0.114581,0.165407
160,160,1,65,45,0.654292,0.456648
161,161,5,41,7,0.413843,0.073634
162,162,5,41,17,0.416280,0.175713
163,163,5,28,28,0.286648,0.284492
164,164,10,61,13,0.615112,0.135179
165,165,2,32,41,0.325191,0.412815
166,166,3,32,14,0.324941,0.147076
167,167,7,84,21,0.845795,0.213493
168,168,5,84,30,0.845532,0.304488
169,169,3,42,15,0.424889,0.155078
170,170,4,32,37,0.325565,0.374029
171,171,4,33,16,0.337569,0.164025
172,172,5,85,25,0.855151,0.253095
173,173,3,29,41,0.294604,0.412759
174,174,6,8,30,0.087194,0.304361
175,175,1,7,13,0.075086,0.130492
176,176,2,17,9,0.173608,0.095186
177,177,2,87,29,0.875553,0.293978
178,178,3,43,32,0.434630,0.328006
179,179,4,3,8,0.038266,0.084397
180,180,2,77,22,0.772488,0.227185
181,181,6,80,8,0.805047,0.083815
182,182,4,52,39,0.523319,0.392360
183,183,5,33,9,0.337136,0.095173
184,184,9,55,30,0.553769,0.305938
185,185,2,56,6,0.565744,0.062606
186,186,3,65,18,0.653851,0.186792
187,187,8,85,20,0.854878,0.204217
188,188,7,59,15,0.595715,0.152852
189,189,5,69,40,0.696396,0.406452
190,190,3,42,4,0.425593,0.045574
191,191,3,62,38,0.625670,0.386403
192,192,2,62,32,0.623255,0.324398
193,193,4,20,34,0.206309,0.344220
194,194,1,21,33,0.210832,0.333971
195,195,7,43,39,0.433594,0.394329
196,196,3,51,38,0.514829,0.386420
197,197,6,14,5,0.144292,0.055110
198,198,7,84,33,0.845258,0.333195
199,199,2,52,29,0.528531,0.293865
200,200,3,41,32,0.415040,0.324426
201,201,3,43,24,0.435028,0.246754
202,202,4,87,11,0.874688,0.113228
203,203,3,63,15,0.637371,0.156769
204,204,7,41,18,0.414106,0.182747
205,205,4,65,30,0.653614,0.305137
206,206,4,40,40,0.405177,0.402050
207,207,5,75,23,0.757862,0.233056
208,208,5,12,31,0.125094,0.313292
209,209,1,84,43,0.845781,0.430508
210,210,3,33,7,0.333305,0.075229
211,211,5,60,18,0.604823,0.184131
212,212,5,8,27,0.083505,0.274025
213,213,4,76,23,0.764298,0.235117
214,214,4,8,20,0.086667,0.205629
215,215,5,60,4,0.607358,0.046741
216,216,2,43,31,0.434955,0.313381
217,217,5,20,17,0.203927,0.176520
218,218,1,21,13,0.212903,0.139290
219,219,4,84,17,0.844452,0.172392
220,220,6,32,21,0.324484,0.215752
221,221,6,30,8,0.305711,0.084075
222,222,6,24,38,0.246968,0.386872
223,223,4,96,7,0.966456,0.075829
224,224,3,67,40,0.674415,0.406003
225,225,5,22,31,0.226501,0.314971
226,226,4,10,31,0.106411,0.314456
227,227,1,57,24,0.570693,0.244419
228,228,4,65,25,0.653901,0.257145
229,229,2,12,12,0.125557,0.126239
230,230,2,28,39,0.280804,0.391644
231,231,6,81,22,0.815030,0.225009
232,232,4,58,7,0.585026,0.075140
233,233,5,38,36,0.385635,0.366774
234,234,4,21,40,0.216270,0.407623
235,235,3,27,38,0.272949,0.386187
236,236,7,50,15,0.505365,0.155604
237,237,6,65,28,0.654649,0.284123
238,238,5,33,22,0.334311,0.224074
239,239,2,43,41,0.434715,0.412323
240,240,5,40,23,0.405462,0.236862
241,241,7,44,37,0.444335,0.375942
242,242,6,63,41,0.633964,0.414371
243,243,3,83,4,0.834301,0.044978
244,244,1,71,5,0.712770,0.053350
245,245,3,86,24,0.862470,0.243794
246,246,1,67,45,0.671027,0.451794
247,247,4,77,5,0.778045,0.056716
248,248,4,34,22,0.343324,0.223985
249,249,3,57,23,0.574671,0.235062
250,250,1,43,1,0.438781,0.011558
251,251,9,42,35,0.424848,0.355341
252,252,5,42,19,0.425184,0.195325
253,253,2,65,31,0.655966,0.316900
254,254,3,41,16,0.412742,0.164016
255,255,1,96,25,0.961819,0.259463
256,256,7,39,19,0.392750,0.193667
257,257,4,39,36,0.398024,0.363706
258,258,8,80,17,0.805970,0.174977
259,259,2,11,4,0.112330,0.046990
260,260,5,83,11,0.836481,0.116953
261,261,3,20,16,0.205360,0.167899
262,262,5,63,29,0.635901,0.296680
263,263,1,88,19,0.881540,0.197863
264,264,6,19,39,0.195038,0.394756
265,265,3,24,40,0.244752,0.404539
266,266,4,81,21,0.814239,0.216648
267,267,6,87,15,0.875459,0.153611
268,268,6,23,9,0.236621,0.095448
269,269,2,56,27,0.566716,0.278119
270,270,4,61,24,0.612296,0.243396
271,271,5,29,4,0.296010,0.045226
272,272,7,83,34,0.834356,0.344958
273,273,5,28,8,0.282785,0.086373
274,274,5,9,8,0.095950,0.082384
275,275,3,11,29,0.114542,0.292616
276,276,4,22,17,0.225886,0.172111
277,277,6,86,5,0.866611,0.056742
278,278,2,33,39,0.335091,0.395083
279,279,11,37,35,0.375801,0.355944
280,280,1,91,28,0.911343,0.284047
281,281,5,80,25,0.805243,0.254210
282,282,5,33,19,0.336337,0.195885
283,283,5,54,35,0.546916,0.358000
284,284,5,54,26,0.543462,0.265612
285,285,9,75,6,0.755425,0.064413
286,286,1,96,8,0.962356,0.083245
287,287,2,34,16,0.343145,0.164136
288,288,3,77,23,0.773520,0.236488
289,289,1,51,19,0.517217,0.192860
290,290,3,72,39,0.723796,0.395551
291,291,1,14,14,0.147433,0.143456
292,292,2,84,16,0.844387,0.166540
293,293,6,64,4,0.643473,0.043220
294,294,6,29,30,0.296483,0.305237
295,295,3,59,19,0.597125,0.192820
296,296,3,82,16,0.828384,0.166706
297,297,3,31,31,0.317401,0.313539
298,298,4,49,9,0.494481,0.093865
299,299,3,39,41,0.394020,0.411873
300,300,8,40,36,0.404844,0.364534
301,301,3,58,42,0.586765,0.421813
302,302,7,12,8,0.124721,0.084598
303,303,3,8,23,0.083530,0.234337
304,304,3,71,17,0.712424,0.178455
305,305,9,41,22,0.415796,0.226112
306,306,8,82,7,0.824095,0.075247
307,307,6,65,36,0.656615,0.366323
308,308,1,89,14,0.898086,0.148305
309,309,2,25,39,0.255462,0.396950
310,310,6,52,17,0.525847,0.176235
311,311,3,16,8,0.167093,0.082297
312,312,7,49,7,0.496097,0.074035
313,313,1,53,33,0.532609,0.330645
314,314,1,83,31,0.832089,0.311894
315,315,5,28,25,0.284127,0.256377
316,316,3,22,10,0.225019,0.104194
317,317,4,22,24,0.223034,0.244374
318,318,4,23,39,0.233944,0.395962
319,319,2,84,23,0.846937,0.238989
320,320,6,29,26,0.295673,0.266010
321,321,3,64,17,0.644954,0.176086
322,322,3,22,41,0.225203,0.414085
323,323,3,12,20,0.122952,0.202855
324,324,4,57,4,0.574268,0.042730
325,325,5,21,36,0.214470,0.364078
326,326,4,40,31,0.405111,0.315920
327,327,4,21,22,0.212210,0.225173
328,328,4,62,8,0.626139,0.082011
329,329,4,71,7,0.715503,0.076058
330,330,2,72,25,0.726462,0.256443
331,331,5,62,14,0.625184,0.145616
332,332,7,79,15,0.795812,0.156419
333,333,2,65,6,0.655911,0.067710
334,334,3,43,37,0.433307,0.374887
335,335,7,76,7,0.765166,0.074184
336,336,3,14,42,0.147782,0.426611
337,337,4,34,7,0.345228,0.074912
338,338,5,71,41,0.715976,0.411685
339,339,1,59,40,0.597252,0.409771
340,340,2,9,7,0.096726,0.073323
341,341,1,92,31,0.927168,0.312347
342,342,3,19,33,0.191914,0.334033
343,343,2,80,44,0.802813,0.444974
344,344,3,8,38,0.085083,0.383304
345,345,4,78,6,0.782279,0.064462
346,346,4,84,26,0.844400,0.266461
347,347,1,33,48,0.334252,0.482800
348,348,6,82,4,0.824640,0.043876
349,349,10,31,17,0.314919,0.176923
350,350,3,30,22,0.305437,0.222769
351,351,6,35,35,0.353848,0.353519
352,352,5,63,38,0.635087,0.385546
353,353,4,22,25,0.222875,0.258356
354,354,7,20,9,0.204843,0.095117
355,355,3,81,23,0.817301,0.234723
356,356,6,21,23,0.217117,0.235238
357,357,5,86,9,0.866243,0.096524
358,358,3,61,32,0.612692,0.321225
359,359,9,53,19,0.534535,0.194459
360,360,4,81,10,0.815827,0.104304
361,361,5,32,25,0.325733,0.253981
362,362,1,43,34,0.435585,0.347210
363,363,6,42,31,0.424088,0.314963
364,364,4,33,38,0.336293,0.385237
365,365,4,44,40,0.444240,0.406577
366,366,3,58,38,0.583054,0.386010
367,367,6,19,4,0.194791,0.047696
368,368,2,62,3,0.623794,0.038856
369,369,7,69,38,0.694777,0.385256
370,370,4,31,12,0.315931,0.124990
371,371,3,20,10,0.207938,0.104997
372,372,5,9,10,0.093744,0.107160
373,373,6,60,24,0.603748,0.244886
374,374,5,10,26,0.104228,0.265125
375,375,5,18,33,0.184072,0.333901
376,376,4,21,39,0.214458,0.394693
377,377,3,32,26,0.327612,0.263685
378,378,3,30,37,0.304491,0.373866
379,379,4,57,30,0.573097,0.306110
380,380,5,88,16,0.882753,0.165866
381,381,8,26,8,0.264401,0.087280
382,382,4,44,29,0.445671,0.296446
383,383,2,10,28,0.105128,0.282911
384,384,7,30,21,0.305442,0.215964
385,385,4,58,36,0.585764,0.364079
386,386,5,39,17,0.395002,0.174271
387,387,5,64,7,0.645056,0.073540
388,388,1,99,5,0.991944,0.052990
389,389,4,42,29,0.422171,0.296216
390,390,2,98,15,0.985605,0.154178
391,391,4,86,10,0.864279,0.104912
392,392,1,8,17,0.083665,0.173087
393,393,2,52,5,0.529147,0.058768
394,394,3,63,9,0.635173,0.096185
395,395,2,50,42,0.507340,0.425241
396,396,1,39,25,0.393508,0.255352
397,397,4,21,21,0.213137,0.211479
398,398,3,59,4,0.595695,0.046641
399,399,2,69,10,0.692624,0.105458
400,400,3,18,41,0.184199,0.411735
401,401,3,10,22,0.101755,0.225905
402,402,1,98,47,0.986567,0.471555
403,403,3,30,40,0.302920,0.407113
404,404,4,19,14,0.194246,0.144195
405,405,5,34,35,0.344450,0.356110
406,406,3,12,5,0.127439,0.054980
407,407,2,44,18,0.445156,0.183445
408,408,4,64,13,0.643837,0.132736
409,409,5,34,36,0.344207,0.367858
410,410,9,42,38,0.423831,0.384125
411,411,5,87,27,0.873735,0.277944
412,412,5,21,38,0.215072,0.386609
413,413,4,56,7,0.566843,0.073348
414,414,7,44,30,0.443788,0.305518
415,415,6,28,4,0.284570,0.044600
416,416,5,11,28,0.115884,0.283093
417,417,3,34,10,0.343361,0.104573
418,418,3,17,10,0.174757,0.105637
419,419,8,63,30,0.635123,0.304700
420,420,4,42,26,0.424381,0.266873
421,421,3,60,7,0.606661,0.074205
422,422,4,19,18,0.192636,0.186292
423,423,3,53,26,0.534645,0.269565
424,424,4,55,11,0.554967,0.115744
425,425,5,44,8,0.447180,0.086688
426,426,9,87,10,0.874610,0.105826
427,427,3,22,4,0.223578,0.047608
428,428,4,50,18,0.505374,0.185119
429,429,3,86,0,0.867039,0.007503
430,430,7,54,19,0.545238,0.192128
431,431,4,28,26,0.287729,0.264481
432,432,4,75,22,0.752921,0.225391
433,433,6,7,10,0.075116,0.107011
434,434,11,71,37,0.713894,0.373996
435,435,3,29,24,0.296700,0.242564
436,436,3,60,17,0.606905,0.175924
437,437,5,29,28,0.295319,0.284632
438,438,4,32,15,0.322691,0.156075
439,439,5,53,36,0.532498,0.365865
440,440,2,17,19,0.178363,0.195349
441,441,1,5,20,0.051160,0.201192
442,442,7,23,5,0.235720,0.054873
443,443,4,85,15,0.855589,0.155706
444,444,3,65,40,0.655973,0.407333
445,445,4,58,37,0.581077,0.375958
446,446,3,89,11,0.896148,0.114734
447,447,10,84,24,0.844160,0.243023
448,448,7,83,28,0.833411,0.285464
449,449,2,54,16,0.542906,0.161741
450,450,10,22,33,0.224345,0.334369
451,451,5,18,28,0.186481,0.285868
452,452,3,51,8,0.515950,0.083785
453,453,5,78,5,0.786872,0.053261
454,454,4,42,36,0.422612,0.364760
455,455,7,55,39,0.556551,0.396291
456,456,6,67,36,0.675345,0.365077
457,457,1,5,25,0.059428,0.258268
458,458,8,46,8,0.467593,0.086022
459,459,4,54,12,0.545972,0.122376
460,460,6,85,36,0.856370,0.362448
461,461,4,33,25,0.335061,0.255081
462,462,4,76,19,0.765141,0.192821
463,463,5,53,4,0.534224,0.045435
464,464,5,31,23,0.314153,0.233520
465,465,6,83,13,0.835249,0.136087
466,466,4,81,11,0.814467,0.115366
467,467,3,89,32,0.894503,0.325670
468,468,4,65,7,0.654735,0.074346
469,469,8,22,20,0.222958,0.205872
470,470,3,74,33,0.744203,0.334991
471,471,5,59,16,0.595142,0.164335
472,472,3,20,28,0.206501,0.285044
473,473,3,51,20,0.515212,0.208320
474,474,9,21,9,0.215194,0.094518
475,475,5,32,12,0.323217,0.124674
476,476,5,11,27,0.114023,0.274695
477,477,7,79,18,0.792909,0.183966
478,478,3,39,38,0.393853,0.383582
479,479,4,44,24,0.442619,0.242358
480,480,2,49,16,0.498042,0.168701
481,481,5,35,8,0.354943,0.085165
482,482,2,73,31,0.738460,0.317103
483,483,6,22,9,0.224713,0.094456
484,484,5,65,20,0.651008,0.204425
485,485,2,79,11,0.792637,0.116706
486,486,4,40,5,0.403714,0.057194
487,487,1,42,28,0.425391,0.281376
488,488,7,32,38,0.325866,0.384550
489,489,1,54,38,0.543462,0.385710
490,490,1,93,23,0.936756,0.231831
491,491,7,47,7,0.475014,0.075450
492,492,3,85,31,0.855498,0.316878
493,493,2,78,16,0.785025,0.161852
494,494,2,42,27,0.424521,0.275435
495,495,4,33,29,0.335773,0.296796
496,496,2,19,17,0.194298,0.174835
497,497,2,15,4,0.153446,0.046615
498,498,1,75,34,0.750181,0.348797
499,499,4,64,40,0.642801,0.404554
500,500,3,72,22,0.723646,0.226746
501,501,6,63,26,0.634242,0.264467
502,502,5,11,25,0.113902,0.256024
503,503,4,35,7,0.353903,0.076913
504,504,6,79,12,0.794211,0.123223
505,505,3,61,9,0.613865,0.095016
506,506,4,41,35,0.413646,0.355753
507,507,3,51,42,0.514253,0.424681
508,508,4,57,9,0.575905,0.098702
509,509,3,81,24,0.811974,0.242949
510,510,4,63,5,0.633794,0.053693
511,511,7,73,6,0.734715,0.064518
512,512,5,85,30,0.856038,0.306257
513,513,4,57,40,0.574755,0.404233
514,514,5,82,9,0.823225,0.093344
515,515,2,30,36,0.303728,0.366579
516,516,5,33,20,0.336296,0.202719
517,517,3,55,12,0.556367,0.126357
518,518,1,27,40,0.271812,0.405082
519,519,4,26,10,0.263567,0.103876
520,520,3,59,13,0.596718,0.134255
521,521,4,63,3,0.634456,0.037512
522,522,4,62,31,0.624186,0.315014
523,523,4,16,10,0.166150,0.102043
524,524,1,71,43,0.710208,0.435461
525,525,8,88,34,0.885838,0.345121
526,526,5,31,14,0.317798,0.145332
527,527,6,81,16,0.816216,0.162228
528,528,5,29,21,0.295694,0.217091
529,529,3,44,38,0.442874,0.386066
530,530,3,62,7,0.624685,0.075199
531,531,9,32,27,0.324404,0.276449
532,532,9,31,20,0.315583,0.203951
533,533,7,42,7,0.426200,0.073994
534,534,5,48,5,0.485115,0.054349
535,535,3,95,11,0.953643,0.115845
536,536,6,80,29,0.802626,0.296460
537,537,3,87,26,0.876088,0.265188
538,538,3,44,16,0.445528,0.161224
539,539,5,35,37,0.355989,0.374633
540,540,7,27,37,0.275206,0.374832
541,541,3,51,7,0.513687,0.075099
542,542,3,60,40,0.607619,0.403962
543,543,4,65,37,0.655252,0.374783
544,544,1,64,38,0.648267,0.385871
545,545,5,29,16,0.295333,0.166596
546,546,6,85,28,0.853073,0.284968
547,547,5,54,6,0.546057,0.065386
548,548,3,65,14,0.651916,0.144112
549,549,5,10,11,0.104812,0.117721
550,550,4,60,21,0.605404,0.217953
551,551,2,59,30,0.593685,0.304764
552,552,5,50,36,0.504475,0.364868
553,553,3,81,45,0.816071,0.455522
554,554,1,31,44,0.316173,0.445355
555,555,3,73,7,0.735327,0.072341
556,556,3,85,38,0.854221,0.384448
557,557,4,11,7,0.115625,0.076814
558,558,4,74,41,0.744482,0.412650
559,559,1,49,0,0.493848,0.008216
560,560,4,80,27,0.807516,0.276301
561,561,6,30,25,0.304866,0.254495
562,562,2,52,42,0.524629,0.421064
563,563,3,43,8,0.433760,0.083051
564,564,5,54,14,0.544500,0.145831
565,565,4,79,23,0.795956,0.235585
566,566,3,25,10,0.256541,0.103496
567,567,1,69,16,0.690494,0.167035
568,568,3,61,18,0.614189,0.184430
569,569,5,23,35,0.235096,0.356866
570,570,4,76,17,0.765916,0.177100
571,571,3,8,11,0.084334,0.117371
572,572,9,33,15,0.334666,0.154807
573,573,7,55,6,0.557320,0.065942
574,574,8,76,5,0.764134,0.054279
575,575,1,15,42,0.152583,0.422024
576,576,6,87,19,0.875348,0.196349
577,577,6,10,27,0.104777,0.274292
578,578,2,30,41,0.303846,0.413301
579,579,1,54,42,0.541883,0.421027
580,580,7,29,36,0.294228,0.364374
581,581,5,86,7,0.862908,0.074557
582,582,5,7,6,0.076315,0.064050
583,583,4,7,7,0.074072,0.074900
584,584,9,43,38,0.435569,0.384434
585,585,1,70,38,0.705613,0.383505
586,586,2,41,13,0.417249,0.137498
587,587,4,32,29,0.324550,0.294383
588,588,1,30,31,0.305275,0.316071
589,589,3,66,41,0.668882,0.416477
590,590,9,80,7,0.805573,0.074918
591,591,7,85,32,0.855104,0.324762
592,592,6,75,8,0.755302,0.084804
593,593,7,76,8,0.764307,0.085469
594,594,4,44,36,0.446488,0.363974
595,595,1,49,42,0.497292,0.420737
596,596,3,32,19,0.323819,0.195516
597,597,3,64,31,0.645313,0.318387
598,598,3,43,29,0.432771,0.295013
599,599,5,32,16,0.325563,0.165156
600,600,4,25,17,0.254336,0.175779
601,601,3,80,12,0.804621,0.125640
602,602,5,39,28,0.397392,0.283519
603,603,6,9,29,0.095840,0.296115
604,604,1,64,48,0.640553,0.481213
605,605,8,53,40,0.533987,0.404825
606,606,3,8,31,0.086425,0.316137
607,607,3,21,34,0.213668,0.345330
608,608,3,40,34,0.404979,0.344675
609,609,3,77,8,0.775763,0.083860
610,610,2,53,6,0.535538,0.068785
611,611,1,94,8,0.940441,0.086952
612,612,7,84,4,0.844147,0.044455
613,613,4,11,31,0.115700,0.312276
614,614,2,32,30,0.325895,0.307040
615,615,3,55,20,0.555757,0.208488
616,616,5,7,23,0.075949,0.235917
617,617,3,9,23,0.094415,0.235249
618,618,6,21,17,0.217547,0.174615
619,619,5,14,8,0.146188,0.082634
620,620,3,51,40,0.516207,0.403440
621,621,5,8,5,0.083848,0.055971
622,622,3,10,29,0.102040,0.291942
623,623,2,61,22,0.615567,0.221487
624,624,3,63,18,0.637409,0.184941
625,625,8,76,9,0.766844,0.096291
626,626,6,84,14,0.845472,0.144423
627,627,4,84,13,0.846744,0.137307
628,628,6,61,6,0.612858,0.063857
629,629,6,80,26,0.803055,0.265633
630,630,5,71,39,0.711322,0.394277
631,631,5,52,12,0.527339,0.125633
632,632,4,4,10,0.041587,0.106125
633,633,3,10,25,0.103617,0.253254
634,634,5,76,22,0.764107,0.224073
635,635,5,18,7,0.185279,0.072707
636,636,2,50,41,0.505436,0.416281
637,637,6,88,36,0.883071,0.363367
638,638,4,29,19,0.293177,0.197006
639,639,3,15,6,0.152270,0.067797
640,640,3,22,16,0.227731,0.164997
641,641,5,23,26,0.236757,0.266622
642,642,1,0,44,0.006393,0.445603
643,643,2,29,40,0.292540,0.401793
644,644,5,18,17,0.184673,0.176838
645,645,4,64,6,0.645125,0.064208
646,646,6,40,9,0.403836,0.094500
647,647,6,53,7,0.536275,0.075617
648,648,4,21,16,0.214839,0.167075
649,649,5,61,26,0.614719,0.266385
650,650,3,56,8,0.565043,0.084051
651,651,3,58,40,0.585946,0.405422
652,652,4,14,4,0.142094,0.046594
653,653,5,9,16,0.096248,0.164797
654,654,6,53,35,0.534306,0.356897
655,655,4,43,28,0.437131,0.287064
656,656,5,81,12,0.812893,0.126104
657,657,2,91,22,0.916533,0.223444
658,658,3,87,33,0.875748,0.332383
659,659,7,62,40,0.624162,0.405709
660,660,4,7,5,0.075068,0.055059
661,661,2,22,23,0.222071,0.232441
662,662,2,64,14,0.646419,0.147233
663,663,7,31,9,0.313652,0.095144
664,664,2,63,27,0.632990,0.274963
665,665,8,78,25,0.785400,0.256065
666,666,3,63,36,0.635345,0.366023
667,667,4,21,19,0.215570,0.195384
668,668,4,55,8,0.554559,0.083396
669,669,4,83,30,0.835505,0.305986
670,670,2,60,39,0.605975,0.396693
671,671,7,11,8,0.114004,0.084291
672,672,4,15,9,0.153349,0.096042
673,673,5,18,5,0.186149,0.056065
674,674,7,29,14,0.295077,0.146921
675,675,6,31,22,0.313618,0.224333
676,676,3,41,41,0.415633,0.413760
677,677,3,10,4,0.102325,0.044923
678,678,1,37,2,0.379581,0.024808
679,679,4,73,36,0.734709,0.365921
680,680,4,86,25,0.865376,0.253748
681,681,4,8,28,0.085057,0.285702
682,682,2,70,16,0.705150,0.164873
683,683,5,32,5,0.322586,0.055604
684,684,7,56,29,0.564707,0.295782
685,685,4,41,27,0.414615,0.276088
686,686,2,60,27,0.603395,0.277358
687,687,10,55,9,0.554552,0.094570
688,688,5,89,9,0.894296,0.095643
689,689,5,36,37,0.366985,0.376340
690,690,2,17,25,0.177850,0.251956
691,691,7,74,8,0.745191,0.084208
692,692,5,41,15,0.415503,0.154975
693,693,3,85,8,0.852878,0.086443
694,694,4,9,21,0.095060,0.214085
695,695,7,74,9,0.744770,0.094417
696,696,4,77,18,0.773653,0.185294
697,697,2,77,9,0.775617,0.095223
698,698,5,88,15,0.884773,0.155112
699,699,5,87,8,0.875415,0.084438
700,700,11,72,7,0.725866,0.074878
701,701,2,72,28,0.727264,0.281310
702,702,1,73,34,0.737436,0.349832
703,703,3,63,31,0.634629,0.313592
704,704,1,61,15,0.613161,0.153444
705,705,3,86,26,0.864138,0.262422
706,706,3,62,16,0.623009,0.168357
707,707,2,83,43,0.832530,0.433894
708,708,2,25,18,0.251930,0.184266
709,709,3,39,30,0.393356,0.301919
710,710,6,10,24,0.103866,0.244858
711,711,1,62,42,0.624414,0.420827
712,712,2,86,18,0.864687,0.188041
713,713,3,21,37,0.215994,0.375247
714,714,4,65,41,0.653875,0.414009
715,715,4,82,27,0.822217,0.272079
716,716,1,1,21,0.016853,0.215866
717,717,7,86,15,0.866553,0.154585
718,718,3,64,15,0.641746,0.156876
719,719,1,38,37,0.385174,0.378411
720,720,4,32,18,0.324550,0.182979
721,721,4,12,21,0.127717,0.215836
722,722,1,47,33,0.474944,0.333842
723,723,2,51,2,0.516354,0.029109
724,724,3,23,37,0.237865,0.374401
725,725,3,81,31,0.815689,0.312565
726,726,2,7,22,0.076577,0.226784
727,727,6,55,21,0.554406,0.215145
728,728,5,33,10,0.332507,0.104599
729,729,1,90,8,0.907679,0.086719
730,730,3,73,27,0.732967,0.275342
731,731,6,32,23,0.325645,0.232755
732,732,4,84,35,0.846575,0.353176
733,733,6,51,21,0.516426,0.215188
734,734,5,55,28,0.555672,0.284929
735,735,6,53,17,0.535907,0.175504
736,736,4,77,19,0.776221,0.196245
737,737,4,78,4,0.783088,0.046640
738,738,5,19,15,0.193125,0.157056
739,739,5,37,36,0.376628,0.365922
740,740,2,39,16,0.394649,0.166244
741,741,8,29,9,0.293332,0.095981
742,742,1,75,41,0.750749,0.417555
743,743,5,29,13,0.296677,0.135994
744,744,3,75,20,0.755233,0.206173
745,745,2,62,18,0.623907,0.184434
746,746,1,59,28,0.598634,0.287687
747,747,3,46,3,0.467037,0.038326
748,748,2,83,35,0.837360,0.350877
749,749,2,57,27,0.576752,0.277728
750,750,7,20,38,0.204784,0.383966
751,751,4,20,18,0.204802,0.185147
752,752,3,20,6,0.207558,0.067031
753,753,1,11,41,0.115764,0.413210
754,754,5,7,18,0.074343,0.181975
755,755,3,48,8,0.485332,0.087542
756,756,7,39,39,0.396717,0.394540
757,757,2,59,25,0.594322,0.258767
758,758,4,31,18,0.314045,0.185006
759,759,6,84,32,0.843441,0.324011
760,760,5,58,31,0.584578,0.314754
761,761,5,57,31,0.576046,0.314432
762,762,5,28,17,0.283317,0.175223
763,763,6,27,5,0.273669,0.054060
764,764,1,59,35,0.591506,0.357376
765,765,5,12,9,0.125921,0.094376
766,766,7,19,40,0.192245,0.404645
767,767,1,18,39,0.187839,0.398960
768,768,5,26,14,0.264017,0.143853
769,769,4,51,41,0.516553,0.415012
770,770,4,60,37,0.607333,0.373945
771,771,7,9,19,0.094110,0.195284
772,772,5,26,9,0.265740,0.094876
773,773,2,34,19,0.340987,0.194255
774,774,2,84,8,0.848936,0.086106
775,775,1,78,19,0.784187,0.196277
776,776,3,64,26,0.640504,0.265059
777,777,5,59,36,0.594308,0.364626
778,778,5,3,6,0.035679,0.065354
779,779,4,18,19,0.186339,0.194425
780,780,1,37,15,0.377543,0.150942
781,781,6,63,20,0.633630,0.206836
782,782,1,40,8,0.404863,0.084292
783,783,4,85,35,0.853774,0.354782
784,784,1,79,25,0.792080,0.254363
785,785,5,28,35,0.285312,0.353888
786,786,4,28,13,0.283511,0.134429
787,787,5,82,24,0.825779,0.241164
788,788,6,33,36,0.336145,0.363471
789,789,4,11,45,0.116133,0.453613
790,790,1,32,44,0.322503,0.448884
791,791,6,33,35,0.333967,0.354319
792,792,3,63,37,0.632464,0.376963
793,793,5,64,30,0.642539,0.305434
794,794,7,41,37,0.414537,0.377086
795,795,8,17,7,0.175052,0.075721
796,796,2,72,21,0.723943,0.213303
797,797,4,58,9,0.583170,0.096608
798,798,1,30,46,0.308134,0.469195
799,799,2,39,29,0.395181,0.297544
800,800,5,18,23,0.183998,0.235093
801,801,3,82,6,0.826070,0.066225
802,802,5,64,29,0.646388,0.296388
803,803,5,35,38,0.355381,0.385082
804,804,4,24,4,0.243728,0.042995
805,805,6,40,4,0.402673,0.046063
806,806,6,53,39,0.533512,0.394945
807,807,4,30,16,0.305168,0.165756
808,808,2,61,12,0.615016,0.122211
809,809,7,22,34,0.222807,0.345127
810,810,5,4,13,0.043534,0.136139
811,811,3,65,24,0.651522,0.244247
812,812,5,53,12,0.534227,0.122056
813,813,5,58,41,0.583882,0.416792
814,814,4,34,6,0.342808,0.062855
815,815,3,52,4,0.525546,0.042971
816,816,6,18,14,0.184377,0.145162
817,817,5,51,9,0.516427,0.094032
818,818,6,31,27,0.315662,0.276442
819,819,4,32,24,0.324284,0.245525
820,820,4,68,8,0.684447,0.084469
821,821,4,88,37,0.884923,0.373574
822,822,5,44,3,0.444422,0.036003
823,823,1,42,41,0.427960,0.411656
824,824,5,40,35,0.405033,0.357204
825,825,3,30,4,0.306301,0.047282
826,826,3,9,9,0.095403,0.096118
827,827,3,28,9,0.285621,0.091947
828,828,2,42,9,0.422768,0.097531
829,829,1,80,46,0.804610,0.463650
830,830,3,64,37,0.645467,0.376280
831,831,3,12,11,0.122909,0.112683
832,832,3,4,11,0.042457,0.114571
833,833,4,88,31,0.885131,0.315049
834,834,9,34,38,0.345894,0.385294
835,835,3,83,12,0.833286,0.126152
836,836,5,76,21,0.764922,0.212185
837,837,1,80,33,0.800126,0.334285
838,838,10,23,21,0.236062,0.213884
839,839,1,1,0,0.012998,0.005640
840,840,4,62,37,0.626133,0.373357
841,841,3,72,23,0.723905,0.233665
842,842,1,59,9,0.597358,0.094073
843,843,4,31,36,0.316028,0.366938
844,844,3,84,25,0.842806,0.254628
845,845,4,8,25,0.085887,0.253288
846,846,2,25,33,0.253420,0.336531
847,847,3,50,9,0.500843,0.092536
848,848,2,40,20,0.402118,0.208547
849,849,1,49,44,0.492936,0.449961
850,850,2,10,20,0.100767,0.203918
851,851,3,22,19,0.225571,0.194746
852,852,4,9,25,0.096394,0.253511
853,853,5,59,37,0.597286,0.375600
854,854,3,56,15,0.561625,0.153126
855,855,4,11,20,0.113730,0.203719
856,856,4,60,30,0.605698,0.305845
857,857,6,41,30,0.414321,0.304598
858,858,5,79,17,0.796607,0.175201
859,859,2,43,5,0.434410,0.056285
860,860,4,85,7,0.853806,0.075539
861,861,4,29,27,0.294915,0.276724
862,862,1,89,26,0.897837,0.265471
863,863,5,86,27,0.862026,0.275073
864,864,6,47,8,0.474419,0.085434
865,865,1,95,6,0.951326,0.066963
866,866,2,19,9,0.194802,0.096941
867,867,2,80,28,0.801581,0.285126
868,868,3,22,32,0.225061,0.323750
869,869,4,52,16,0.524702,0.164747
870,870,6,85,4,0.855187,0.046461
871,871,4,87,22,0.874580,0.225419
872,872,3,57,7,0.574283,0.071619
873,873,2,19,32,0.196713,0.322254
874,874,5,20,31,0.206504,0.313650
875,875,3,84,27,0.846025,0.277336
876,876,3,68,37,0.682705,0.376874
877,877,5,8,26,0.084537,0.267266
878,878,2,6,24,0.062460,0.244163
879,879,1,32,32,0.321855,0.323331
880,880,3,52,9,0.526952,0.096333
881,881,2,40,14,0.409308,0.149389
882,882,1,92,21,0.923206,0.215853
883,883,3,26,15,0.263133,0.151747
884,884,5,73,41,0.735276,0.412870
885,885,4,41,6,0.414214,0.065623
886,886,1,26,33,0.260414,0.334729
887,887,3,19,41,0.197891,0.411340
888,888,9,18,9,0.184589,0.094337
889,889,2,74,40,0.744452,0.404690
890,890,7,84,11,0.844628,0.115470
891,891,6,35,40,0.356849,0.405252
892,892,4,9,24,0.095873,0.246634
893,893,6,60,38,0.603596,0.385260
894,894,3,8,14,0.085703,0.142842
895,895,1,17,30,0.178609,0.308081
896,896,5,64,8,0.643911,0.085321
897,897,6,15,41,0.155366,0.414033
898,898,3,65,27,0.652960,0.275476
899,899,6,23,14,0.234112,0.146318
900,900,1,98,34,0.985177,0.345890
901,901,4,25,6,0.257036,0.063682
902,902,1,3,24,0.031276,0.241769
903,903,5,81,18,0.814292,0.184955
904,904,4,79,22,0.795140,0.222626
905,905,5,11,24,0.116189,0.244792
906,906,2,75,36,0.751863,0.363573
907,907,1,63,7,0.637142,0.076585
908,908,6,8,19,0.085098,0.193747
909,909,2,19,34,0.194519,0.347548
910,910,6,62,29,0.624424,0.295525
911,911,2,60,14,0.608929,0.145155
912,912,5,59,38,0.595921,0.386665
913,913,5,10,9,0.103627,0.094260
914,914,1,75,24,0.755807,0.249779
915,915,4,56,30,0.563742,0.305003
916,916,4,31,28,0.315526,0.282954
917,917,4,88,35,0.885723,0.353528
918,918,7,40,38,0.404868,0.384294
919,919,2,26,7,0.262068,0.075274
920,920,4,77,43,0.773381,0.436390
921,921,1,77,2,0.773177,0.022287
922,922,11,60,36,0.603367,0.364222
923,923,2,40,39,0.400237,0.392784
924,924,3,86,8,0.862306,0.082326
925,925,2,29,6,0.292240,0.062032
926,926,4,31,30,0.315162,0.305653
927,927,1,58,44,0.584081,0.448115
928,928,1,27,27,0.276241,0.277497
929,929,5,26,4,0.264011,0.045195
930,930,8,18,30,0.185327,0.305192
931,931,5,73,29,0.733832,0.294487
932,932,2,89,37,0.894635,0.373706
933,933,4,63,13,0.634653,0.137204
934,934,6,56,41,0.567190,0.415407
935,935,2,82,33,0.825426,0.331282
936,936,4,18,37,0.186290,0.374694
937,937,4,40,30,0.405114,0.307747
938,938,3,50,7,0.504704,0.078246
939,939,5,64,9,0.643723,0.096224
940,940,6,82,32,0.822766,0.325597
941,941,1,77,0,0.779989,0.009618
942,942,3,84,15,0.844365,0.156672
943,943,2,65,5,0.654263,0.055129
944,944,1,49,12,0.496089,0.120008
945,945,2,34,13,0.340386,0.135440
946,946,2,12,30,0.124403,0.300419
947,947,2,84,29,0.844509,0.293094
948,948,2,85,18,0.857820,0.181277
949,949,4,52,14,0.524757,0.143630
950,950,4,40,25,0.404778,0.254325
951,951,5,50,13,0.505500,0.135041
952,952,7,12,18,0.124655,0.182599
953,953,5,78,18,0.786065,0.185618
954,954,5,18,20,0.187179,0.204074
955,955,5,82,14,0.825008,0.142061
956,956,5,41,4,0.413622,0.045359
957,957,1,49,37,0.496754,0.375703
958,958,6,87,25,0.874975,0.255123
959,959,2,22,6,0.227772,0.064980
960,960,5,51,6,0.514094,0.066695
961,961,3,43,7,0.432660,0.073360
962,962,4,66,35,0.667010,0.358742
963,963,4,61,25,0.616198,0.254304
964,964,1,87,30,0.870463,0.302576
965,965,4,87,17,0.874388,0.175732
966,966,1,20,48,0.209168,0.485281
967,967,3,33,17,0.336307,0.173296
968,968,1,55,1,0.550970,0.014640
969,969,4,88,14,0.885018,0.143521
970,970,2,53,38,0.534426,0.384271
971,971,4,81,27,0.813927,0.274949
972,972,2,81,17,0.814905,0.176925
973,973,4,88,30,0.884027,0.306906
974,974,5,65,26,0.653189,0.265051
975,975,1,14,20,0.144406,0.208285
976,976,6,85,9,0.854404,0.095424
977,977,2,60,20,0.602098,0.204365
978,978,1,86,2,0.863324,0.027810
979,979,6,69,36,0.694512,0.364943
980,980,8,8,9,0.082833,0.093885
981,981,3,34,21,0.341382,0.212856
982,982,3,46,9,0.465464,0.092673
983,983,3,13,44,0.136343,0.446306
984,984,5,38,41,0.382384,0.410721
985,985,2,89,33,0.891670,0.335065
986,986,7,31,37,0.314631,0.375096
987,987,1,80,11,0.801770,0.117810
988,988,2,27,34,0.271879,0.346826
989,989,6,33,31,0.333368,0.312499
990,990,6,43,6,0.435926,0.064309
991,991,4,63,40,0.632752,0.404092
992,992,6,82,12,0.824167,0.123383
993,993,6,28,14,0.283380,0.144713
994,994,2,22,39,0.225132,0.395783
995,995,3,28,10,0.285650,0.109334
996,996,7,72,9,0.724205,0.093305
997,997,2,33,27,0.336761,0.274967
998,998,2,59,3,0.596013,0.035102
999,999,6,20,33,0.205509,0.337165
1000,1000,5,52,11,0.526985,0.115768
1001,1001,6,58,3,0.583730,0.036284
1002,1002,4,86,21,0.864329,0.212438
1003,1003,4,81,14,0.816407,0.145938
1004,1004,3,65,13,0.652247,0.134527
1005,1005,1,69,35,0.693855,0.358785
1006,1006,3,58,18,0.587676,0.185916
1007,1007,5,63,23,0.635605,0.234743
1008,1008,3,12,4,0.124851,0.046530
1009,1009,3,20,23,0.203047,0.236704
1010,1010,2,54,7,0.548454,0.074294
1011,1011,2,59,5,0.597399,0.055244
1012,1012,1,55,46,0.553152,0.469465
1013,1013,2,30,27,0.307979,0.276310
1014,1014,4,87,18,0.875334,0.186803
1015,1015,2,28,24,0.285822,0.246011
1016,1016,7,52,38,0.524872,0.384009
1017,1017,7,56,36,0.564246,0.365632
1018,1018,5,23,25,0.234787,0.255472
1019,1019,4,13,5,0.133468,0.054196
1020,1020,2,46,5,0.465819,0.054161
1021,1021,4,62,15,0.625342,0.154011
1022,1022,5,63,8,0.636229,0.082680
1023,1023,3,77,17,0.777366,0.174481
1024,1024,1,4,25,0.043609,0.252598
1025,1025,7,56,28,0.564310,0.286338
1026,1026,3,19,38,0.193683,0.385694
1027,1027,4,63,21,0.631911,0.216106
1028,1028,3,28,6,0.284337,0.066841
1029,1029,1,49,21,0.498990,0.212745
1030,1030,2,79,26,0.794304,0.264040
1031,1031,2,62,30,0.623713,0.301889
1032,1032,4,28,29,0.286779,0.297816
1033,1033,4,41,38,0.414520,0.385979
1034,1034,3,60,31,0.606493,0.315987
1035,1035,1,56,12,0.560516,0.124924
1036,1036,4,45,9,0.456498,0.095729
1037,1037,2,44,26,0.446411,0.266481
1038,1038,1,15,31,0.152669,0.312913
1039,1039,3,44,7,0.445378,0.075026
1040,1040,6,44,9,0.444330,0.094392
1041,1041,7,36,38,0.366215,0.386657
1042,1042,1,18,32,0.181510,0.329585
1043,1043,4,17,8,0.177046,0.084785
1044,1044,4,51,5,0.516438,0.056809
1045,1045,5,29,15,0.292113,0.152196
1046,1046,1,66,6,0.669492,0.064000
1047,1047,5,28,36,0.286210,0.366415
1048,1048,5,51,4,0.515733,0.044943
1049,1049,3,21,32,0.215717,0.323862
1050,1050,2,41,14,0.411919,0.146892
1051,1051,1,66,22,0.668443,0.220948
1052,1052,5,61,41,0.615508,0.414370
1053,1053,4,50,14,0.504672,0.144851
1054,1054,5,95,10,0.956342,0.105199
1055,1055,2,60,26,0.605420,0.264573
1056,1056,5,59,21,0.595587,0.216935
1057,1057,4,90,4,0.903005,0.046192
1058,1058,7,17,37,0.176908,0.375606
1059,1059,1,4,20,0.046495,0.207676
1060,1060,4,82,23,0.824624,0.234410
1061,1061,4,13,4,0.136370,0.044651
1062,1062,5,74,36,0.745636,0.364755
1063,1063,5,20,39,0.203656,0.396124
1064,1064,3,75,9,0.751379,0.092804
1065,1065,1,0,28,0.001578,0.287650
1066,1066,2,22,14,0.227942,0.145660
1067,1067,3,68,36,0.687620,0.365061
1068,1068,2,23,19,0.232010,0.195372
1069,1069,6,24,8,0.242801,0.083163
1070,1070,6,86,35,0.864088,0.355436
1071,1071,3,58,28,0.585970,0.284067
1072,1072,4,84,10,0.844507,0.105098
1073,1073,2,78,20,0.786391,0.208151
1074,1074,3,41,19,0.414194,0.196520
1075,1075,3,8,4,0.087211,0.043339
1076,1076,5,9,28,0.093091,0.285511
1077,1077,6,89,12,0.895113,0.126961
1078,1078,4,39,37,0.394632,0.372221
1079,1079,3,19,29,0.194213,0.292703
1080,1080,1,96,19,0.964101,0.191473
1081,1081,6,31,6,0.313364,0.064513
1082,1082,6,21,10,0.215746,0.105090
1083,1083,4,51,12,0.516693,0.124698
1084,1084,4,59,20,0.597359,0.202102
1085,1085,6,11,17,0.113952,0.175107
1086,1086,5,79,16,0.796034,0.163881
1087,1087,2,83,19,0.832746,0.196727
1088,1088,2,80,6,0.800934,0.068518
1089,1089,6,81,30,0.815823,0.303751
1090,1090,4,49,5,0.496865,0.056183
1091,1091,2,29,35,0.295781,0.357619
1092,1092,9,22,7,0.224642,0.072958
1093,1093,5,55,13,0.557410,0.133126
1094,1094,2,94,28,0.945782,0.284885
1095,1095,4,21,27,0.213676,0.274625
1096,1096,3,28,20,0.284552,0.206466
1097,1097,3,50,37,0.506214,0.375309
1098,1098,3,55,10,0.552997,0.109065
1099,1099,6,56,4,0.566028,0.045529
1100,1100,2,87,28,0.874308,0.282923
1101,1101,3,61,27,0.614111,0.273325
1102,1102,3,11,19,0.114945,0.195949
1103,1103,9,44,4,0.445088,0.045641
1104,1104,6,71,38,0.714289,0.385201
1105,1105,6,75,21,0.756580,0.213685
1106,1106,3,72,8,0.725998,0.083359
1107,1107,3,55,18,0.554256,0.183897
1108,1108,2,90,34,0.904646,0.344558
1109,1109,2,59,32,0.597736,0.323384
1110,1110,4,68,39,0.683055,0.396813
1111,1111,2,42,8,0.421713,0.085494
1112,1112,4,38,38,0.387804,0.383940
1113,1113,1,41,5,0.410589,0.052715
1114,1114,3,89,34,0.894707,0.345778
1115,1115,3,43,22,0.437760,0.224437
1116,1116,6,82,29,0.826127,0.294418
1117,1117,6,49,10,0.497855,0.106025
1118,1118,4,12,19,0.125855,0.196135
1119,1119,6,83,10,0.833870,0.105115
1120,1120,1,19,48,0.198057,0.485250
1121,1121,4,66,38,0.663832,0.385183
1122,1122,3,48,45,0.484337,0.453112
1123,1123,6,31,10,0.313592,0.106068
1124,1124,3,83,25,0.835841,0.254120
1125,1125,9,19,8,0.194566,0.084328
1126,1126,2,11,13,0.117879,0.134664
1127,1127,7,62,24,0.623944,0.246876
1128,1128,1,34,9,0.345000,0.097781
1129,1129,4,81,13,0.817240,0.136841
1130,1130,2,23,17,0.237755,0.178494
1131,1131,2,22,8,0.223247,0.083046
1132,1132,3,79,4,0.795155,0.043820
1133,1133,3,53,28,0.534104,0.282993
1134,1134,3,73,9,0.735283,0.096006
1135,1135,1,60,42,0.600703,0.422576
1136,1136,3,85,17,0.856162,0.172986
1137,1137,1,10,47,0.109732,0.476987
1138,1138,3,32,4,0.326366,0.045886
1139,1139,6,28,19,0.286083,0.194923
1140,1140,7,79,28,0.792486,0.283795
1141,1141,3,29,8,0.293050,0.087511
1142,1142,2,80,19,0.805985,0.193769
1143,1143,4,61,5,0.614530,0.055596
1144,1144,5,79,9,0.794245,0.095702
1145,1145,3,5,18,0.051145,0.183798
1146,1146,4,81,20,0.815456,0.205467
1147,1147,3,81,8,0.811845,0.085408
1148,1148,5,85,26,0.853858,0.263364
1149,1149,1,91,25,0.913355,0.255500
1150,1150,2,79,19,0.793117,0.194264
1151,1151,4,86,11,0.862464,0.115530
1152,1152,7,24,6,0.244602,0.065236
1153,1153,1,46,41,0.469684,0.417706
1154,1154,2,85,27,0.855067,0.275557
1155,1155,2,97,44,0.977510,0.446145
1156,1156,5,62,5,0.624673,0.055792
1157,1157,1,42,32,0.427149,0.323527
1158,1158,3,74,4,0.747168,0.047409
1159,1159,5,90,33,0.904357,0.335293
1160,1160,4,18,16,0.184703,0.163386
1161,1161,3,56,26,0.566750,0.267594
1162,1162,4,31,24,0.314620,0.246685
1163,1163,2,96,6,0.969210,0.064439
1164,1164,6,53,15,0.536285,0.154826
1165,1165,1,98,16,0.985244,0.160395
1166,1166,6,84,20,0.844582,0.205387
1167,1167,1,96,12,0.963137,0.125315
1168,1168,2,29,5,0.296463,0.057306
1169,1169,2,31,19,0.315565,0.197403
1170,1170,7,28,31,0.282627,0.314086
1171,1171,2,53,20,0.535434,0.203544
1172,1172,4,23,22,0.235220,0.224252
1173,1173,1,93,42,0.937177,0.428977
1174,1174,1,78,11,0.780104,0.113544
1175,1175,7,12,6,0.125644,0.064862
1176,1176,7,82,26,0.826590,0.265117
1177,1177,1,70,42,0.701340,0.420889
1178,1178,4,23,32,0.231994,0.322982
1179,1179,2,33,34,0.335656,0.346306
1180,1180,5,27,7,0.276214,0.073902
1181,1181,5,52,41,0.524471,0.413300
1182,1182,6,19,30,0.195784,0.304283
1183,1183,4,82,17,0.827006,0.172266
1184,1184,3,27,6,0.271605,0.061313
1185,1185,5,20,37,0.201681,0.372759
1186,1186,5,4,15,0.047416,0.156883
1187,1187,2,40,3,0.408409,0.035084
1188,1188,4,37,39,0.373408,0.396739
1189,1189,2,76,10,0.767361,0.103867
1190,1190,5,8,15,0.085202,0.154962
1191,1191,2,66,37,0.668091,0.374010
1192,1192,6,87,23,0.873650,0.235292
1193,1193,5,21,30,0.213200,0.303963
1194,1194,8,81,4,0.815654,0.044903
1195,1195,7,61,8,0.614946,0.085450
1196,1196,3,10,30,0.103715,0.302685
1197,1197,3,49,18,0.498475,0.184656
1198,1198,5,61,30,0.614394,0.305599
1199,1199,7,21,8,0.214714,0.084477
1200,1200,5,60,22,0.604627,0.226104
1201,1201,9,81,32,0.814093,0.326540
1202,1202,5,55,31,0.554998,0.315075
1203,1203,3,53,14,0.535285,0.143867
1204,1204,1,35,47,0.355011,0.478982
1205,1205,4,12,7,0.126268,0.077489
1206,1206,5,17,5,0.173530,0.054855
1207,1207,5,14,10,0.145994,0.103054
1208,1208,2,32,47,0.324824,0.472868
1209,1209,1,82,34,0.827152,0.341266
1210,1210,4,45,43,0.454850,0.432963
1211,1211,1,35,31,0.356311,0.313192
1212,1212,6,74,38,0.746631,0.385636
1213,1213,1,36,30,0.362562,0.300106
1214,1214,3,54,18,0.547452,0.185233
1215,1215,4,63,39,0.634478,0.394685
1216,1216,7,59,24,0.594161,0.244111
1217,1217,2,27,11,0.279052,0.115022
1218,1218,1,54,33,0.546978,0.333998
1219,1219,2,3,9,0.037165,0.091084
1220,1220,4,32,40,0.325145,0.404452
1221,1221,4,13,9,0.133125,0.095035
1222,1222,1,39,32,0.399399,0.328790
1223,1223,1,2,1,0.029973,0.015305
1224,1224,6,18,34,0.185543,0.344384
1225,1225,4,23,29,0.233860,0.296151
1226,1226,3,16,6,0.165147,0.062027
1227,1227,5,42,20,0.425549,0.204972
1228,1228,2,18,36,0.184010,0.361905
1229,1229,4,38,40,0.384934,0.403328
1230,1230,3,80,31,0.804009,0.316655
1231,1231,5,64,20,0.643499,0.204903
1232,1232,2,47,45,0.474147,0.453921
1233,1233,10,82,10,0.824509,0.103835
1234,1234,2,34,31,0.343960,0.315141
1235,1235,1,81,5,0.812668,0.059453
1236,1236,2,49,39,0.496898,0.390767
1237,1237,5,42,6,0.423255,0.067415
1238,1238,5,7,19,0.076510,0.192079
1239,1239,1,17,15,0.177714,0.155832
1240,1240,4,64,32,0.644147,0.321656
1241,1241,2,18,15,0.185352,0.154049
1242,1242,3,13,7,0.134095,0.075372
1243,1243,6,22,18,0.225354,0.184492
1244,1244,2,83,18,0.835253,0.184298
1245,1245,4,85,33,0.853813,0.333467
1246,1246,5,42,25,0.425068,0.255958
1247,1247,5,29,37,0.293992,0.375779
1248,1248,3,4,33,0.045565,0.336222
1249,1249,2,25,16,0.254701,0.165546
1250,1250,4,87,12,0.875148,0.127551
1251,1251,1,20,14,0.204546,0.141098
1252,1252,3,34,8,0.341927,0.084792
1253,1253,3,74,37,0.743714,0.377780
1254,1254,2,5,23,0.056655,0.238608
1255,1255,8,54,15,0.543290,0.152933
1256,1256,1,66,10,0.666954,0.105303
1257,1257,6,81,9,0.817178,0.093153
1258,1258,3,28,7,0.283707,0.075424
1259,1259,4,86,16,0.867567,0.167615
1260,1260,1,14,26,0.143268,0.266710
1261,1261,4,11,18,0.112309,0.183940
1262,1262,6,56,37,0.565275,0.376392
1263,1263,4,51,11,0.513169,0.116989
1264,1264,3,39,22,0.397822,0.221587
1265,1265,2,23,13,0.238927,0.139040
1266,1266,3,78,28,0.787836,0.287172
1267,1267,3,52,7,0.528640,0.076352
1268,1268,3,54,17,0.544245,0.172691
1269,1269,4,60,12,0.606018,0.126361
1270,1270,1,14,2,0.142527,0.028069
1271,1271,8,20,25,0.203247,0.254585
1272,1272,6,80,15,0.804377,0.155049
1273,1273,1,11,9,0.114564,0.092824
1274,1274,4,31,21,0.314349,0.214447
1275,1275,2,24,5,0.244874,0.055785
1276,1276,2,49,3,0.496166,0.038243
1277,1277,1,86,34,0.861922,0.347902
1278,1278,2,68,7,0.682231,0.072472
1279,1279,3,7,4,0.076334,0.044533
1280,1280,6,50,11,0.504953,0.114829
1281,1281,2,83,7,0.832173,0.077159
1282,1282,7,56,5,0.564777,0.054613
1283,1283,5,28,11,0.284016,0.117401
1284,1284,1,10,7,0.107850,0.078160
1285,1285,6,40,19,0.403680,0.194840
1286,1286,1,52,27,0.528187,0.279311
1287,1287,3,43,15,0.432305,0.153495
1288,1288,3,86,36,0.866740,0.365000
1289,1289,2,86,37,0.865018,0.372153
1290,1290,5,43,23,0.434888,0.234818
1291,1291,2,27,9,0.278835,0.095348
1292,1292,4,31,16,0.313975,0.166951
1293,1293,4,26,40,0.265532,0.406034
1294,1294,4,18,35,0.182313,0.353147
1295,1295,5,52,18,0.525687,0.184368
1296,1296,6,19,36,0.196203,0.363818
1297,1297,2,39,18,0.397450,0.184332
1298,1298,3,87,14,0.874160,0.144213
1299,1299,4,16,40,0.162901,0.404085
1300,1300,2,24,18,0.243700,0.185695
1301,1301,3,89,10,0.895111,0.105909
1302,1302,2,10,5,0.103448,0.056255
1303,1303,1,55,23,0.554094,0.238326
1304,1304,2,36,39,0.364989,0.395715
1305,1305,4,30,24,0.306474,0.244257
1306,1306,2,4,40,0.044910,0.404908
1307,1307,2,9,5,0.095177,0.056418
1308,1308,3,76,6,0.764380,0.063933
1309,1309,5,78,24,0.786596,0.245345
1310,1310,2,29,18,0.295523,0.185216
1311,1311,6,43,16,0.433430,0.163925
1312,1312,3,10,6,0.103976,0.064769
1313,1313,2,12,23,0.126337,0.231787
1314,1314,3,20,8,0.205031,0.086304
1315,1315,2,9,26,0.093421,0.264502
1316,1316,4,82,22,0.825047,0.224489
1317,1317,2,19,28,0.196873,0.287316
1318,1318,1,76,40,0.760332,0.408969
1319,1319,3,74,5,0.743190,0.058675
1320,1320,4,23,18,0.234255,0.184828
1321,1321,3,70,36,0.708073,0.367637
1322,1322,5,68,40,0.681418,0.404087
1323,1323,3,84,22,0.844059,0.226792
1324,1324,4,19,16,0.194547,0.163002
1325,1325,5,31,29,0.314968,0.296390
1326,1326,4,84,28,0.845084,0.284122
1327,1327,4,59,17,0.594665,0.175898
1328,1328,3,54,5,0.547233,0.055712
1329,1329,3,30,9,0.305340,0.093755
1330,1330,4,61,17,0.614993,0.177348
1331,1331,5,73,5,0.735415,0.053223
1332,1332,1,5,8,0.051093,0.089861
1333,1333,3,83,17,0.833089,0.174344
1334,1334,7,54,11,0.544597,0.116603
1335,1335,1,59,27,0.596455,0.275258
1336,1336,4,89,35,0.895197,0.356798
1337,1337,8,80,30,0.804608,0.306263
1338,1338,3,71,19,0.716365,0.196662
1339,1339,6,30,30,0.305298,0.304422
1340,1340,1,7,35,0.077198,0.356153
1341,1341,5,79,10,0.795300,0.103430
1342,1342,6,44,39,0.443760,0.395074
1343,1343,3,11,23,0.115399,0.234897
1344,1344,1,54,43,0.540096,0.436089
1345,1345,5,45,6,0.456432,0.065397
1346,1346,3,79,13,0.796536,0.134823
1347,1347,4,79,8,0.792433,0.085452
1348,1348,4,88,13,0.882552,0.133989
1349,1349,2,78,8,0.784860,0.085722
1350,1350,2,61,36,0.614843,0.365838
1351,1351,8,18,27,0.183909,0.275302
1352,1352,4,11,30,0.114571,0.304310
1353,1353,4,79,30,0.794469,0.306363
1354,1354,4,62,39,0.626034,0.393541
1355,1355,4,56,24,0.568306,0.244362
1356,1356,2,71,40,0.718521,0.402571
1357,1357,1,68,9,0.689511,0.097803
1358,1358,3,43,18,0.435824,0.184974
1359,1359,1,8,7,0.084244,0.073668
1360,1360,1,58,15,0.588024,0.157611
1361,1361,1,49,38,0.498781,0.386897
1362,1362,8,24,7,0.244559,0.074562
1363,1363,5,74,6,0.746500,0.064045
1364,1364,1,54,29,0.546417,0.294577
1365,1365,4,63,4,0.633206,0.046089
1366,1366,1,78,2,0.788837,0.020748
1367,1367,3,46,44,0.464254,0.444227
1368,1368,3,78,10,0.784718,0.103169
1369,1369,2,46,7,0.466775,0.076196
1370,1370,2,39,5,0.397127,0.053934
1371,1371,4,64,19,0.644675,0.194277
1372,1372,4,25,7,0.254024,0.077649
1373,1373,2,19,19,0.196354,0.197524
1374,1374,3,84,7,0.845489,0.077453
1375,1375,4,17,24,0.176887,0.246450
1376,1376,2,43,36,0.437974,0.365060
1377,1377,4,51,15,0.511685,0.154493
1378,1378,7,22,30,0.222959,0.305023
1379,1379,3,83,14,0.835337,0.144887
1380,1380,6,18,38,0.184822,0.386026
1381,1381,4,55,7,0.555434,0.074924
1382,1382,1,84,47,0.848682,0.470221
1383,1383,2,88,20,0.883304,0.206625
1384,1384,2,84,40,0.845496,0.406548
1385,1385,4,33,30,0.336949,0.304954
1386,1386,3,8,40,0.088420,0.405191
1387,1387,9,44,33,0.444165,0.334837
1388,1388,1,16,41,0.160602,0.413785
1389,1389,4,34,17,0.344675,0.175823
1390,1390,6,89,28,0.893679,0.283181
1391,1391,3,76,24,0.763559,0.242315
1392,1392,4,36,40,0.364579,0.405718
1393,1393,5,87,37,0.876484,0.375960
1394,1394,2,26,41,0.266012,0.411594
1395,1395,6,43,17,0.435777,0.175997
1396,1396,5,27,4,0.272097,0.044558
1397,1397,1,88,11,0.883971,0.117298
1398,1398,5,62,9,0.623034,0.096997
1399,1399,2,44,21,0.443617,0.214402
1400,1400,4,39,15,0.396761,0.155469
1401,1401,1,38,16,0.382816,0.167071
1402,1402,6,54,39,0.544492,0.394929
1403,1403,3,21,18,0.214942,0.186571
1404,1404,1,15,8,0.156219,0.089318
1405,1405,3,33,18,0.335459,0.185492
1406,1406,5,43,19,0.435732,0.193427
1407,1407,3,40,18,0.404772,0.185904
1408,1408,1,95,40,0.950387,0.406121
1409,1409,5,54,31,0.545771,0.316221
1410,1410,3,10,16,0.105699,0.163083
1411,1411,1,77,25,0.772535,0.250639
1412,1412,1,13,32,0.137530,0.323347
1413,1413,2,41,29,0.411638,0.296804
1414,1414,1,70,24,0.708203,0.243998
1415,1415,1,80,36,0.802340,0.366860
1416,1416,5,65,39,0.653846,0.392633
1417,1417,3,51,22,0.515538,0.223702
1418,1418,4,73,28,0.734406,0.284725
1419,1419,4,18,4,0.186515,0.045279
1420,1420,2,91,24,0.911114,0.244873
1421,1421,4,67,7,0.677768,0.072385
1422,1422,2,51,10,0.515837,0.103333
1423,1423,5,80,18,0.805487,0.183440
1424,1424,1,11,47,0.115222,0.471526
1425,1425,2,83,24,0.834903,0.243658
1426,1426,1,14,18,0.141212,0.180666
1427,1427,3,57,37,0.572362,0.373391
1428,1428,1,95,9,0.953265,0.092427
1429,1429,2,17,27,0.177027,0.271667
1430,1430,4,59,39,0.592771,0.394556
1431,1431,4,82,31,0.826029,0.312148
1432,1432,3,13,8,0.134212,0.086302
1433,1433,4,26,38,0.263275,0.383210
1434,1434,4,58,39,0.585391,0.394974
1435,1435,5,61,31,0.615240,0.315561
1436,1436,1,55,17,0.558326,0.177948
1437,1437,3,72,42,0.725350,0.423610
1438,1438,4,31,25,0.314247,0.253538
1439,1439,3,85,6,0.854214,0.065019
1440,1440,4,76,41,0.765464,0.415674
1441,1441,4,12,45,0.125789,0.452206
1442,1442,2,85,23,0.856331,0.235721
1443,1443,1,36,12,0.362633,0.124790
1444,1444,5,87,36,0.874510,0.364690
1445,1445,3,54,4,0.545479,0.044770
1446,1446,3,81,6,0.814529,0.065574
1447,1447,3,7,15,0.073754,0.157035
1448,1448,3,53,11,0.535273,0.119049
1449,1449,2,76,27,0.767203,0.276658
1450,1450,2,17,29,0.177374,0.290871
1451,1451,2,80,4,0.802217,0.046193
1452,1452,1,52,22,0.523943,0.220885
1453,1453,5,83,27,0.834577,0.274025
1454,1454,2,30,39,0.302512,0.396186
1455,1455,2,18,29,0.188137,0.293452
1456,1456,4,34,40,0.346997,0.403532
1457,1457,2,60,25,0.602363,0.253909
1458,1458,4,7,8,0.075868,0.087830
1459,1459,5,69,37,0.693062,0.375172
1460,1460,3,16,9,0.165493,0.096403
1461,1461,1,94,23,0.941815,0.232544
1462,1462,3,63,17,0.632538,0.178313
1463,1463,5,86,32,0.865396,0.325501
1464,1464,5,38,15,0.383173,0.157033
1465,1465,3,24,25,0.243150,0.253189
1466,1466,3,82,19,0.826726,0.195482
1467,1467,1,35,22,0.358751,0.228087
1468,1468,3,36,36,0.361250,0.365827
1469,1469,3,59,18,0.596339,0.186191
1470,1470,3,61,19,0.614662,0.197310
1471,1471,3,78,13,0.783643,0.135954
1472,1472,2,57,6,0.577668,0.069216
1473,1473,4,44,34,0.444705,0.344900
1474,1474,4,23,6,0.234004,0.064748
1475,1475,2,12,17,0.125766,0.177492
1476,1476,4,75,5,0.755260,0.056843
1477,1477,2,85,11,0.858554,0.115383
1478,1478,1,83,33,0.834169,0.334265
1479,1479,1,74,39,0.740602,0.394984
1480,1480,1,19,26,0.190725,0.269924
1481,1481,2,87,31,0.871646,0.311493
1482,1482,2,68,35,0.686001,0.357817
1483,1483,2,18,24,0.183125,0.246441
1484,1484,9,10,18,0.105503,0.186322
1485,1485,6,21,14,0.214919,0.143731
1486,1486,4,14,7,0.145633,0.075143
1487,1487,1,69,23,0.692631,0.238784
1488,1488,3,25,9,0.255253,0.096346
1489,1489,4,33,24,0.335334,0.244848
1490,1490,3,44,19,0.445581,0.193812
1491,1491,5,75,7,0.756079,0.075989
1492,1492,4,11,6,0.115680,0.064851
1493,1493,2,53,41,0.533794,0.414084
1494,1494,3,39,23,0.395195,0.235487
1495,1495,3,10,12,0.104557,0.125572
1496,1496,3,58,20,0.582354,0.203729
1497,1497,2,4,14,0.046617,0.148569
1498,1498,4,89,13,0.891523,0.137842
1499,1499,2,34,25,0.345597,0.255365
1500,1500,3,42,37,0.425090,0.376005
1501,1501,6,54,40,0.545671,0.405151
1502,1502,2,75,39,0.757508,0.393400
1503,1503,4,18,21,0.186175,0.214227
1504,1504,2,22,15,0.220988,0.150859
1505,1505,2,55,29,0.553209,0.294291
1506,1506,2,7,28,0.072335,0.288377
1507,1507,2,79,6,0.799308,0.068708
1508,1508,3,34,5,0.342433,0.056416
1509,1509,3,40,7,0.408499,0.075337
1510,1510,1,77,27,0.779641,0.273258
1511,1511,3,58,35,0.584351,0.356253
1512,1512,3,64,24,0.643476,0.245726
1513,1513,2,73,38,0.734998,0.388983
1514,1514,2,55,38,0.556295,0.383948
1515,1515,1,24,32,0.240883,0.327074
1516,1516,2,44,14,0.447229,0.143665
1517,1517,3,31,26,0.314662,0.262505
1518,1518,7,23,34,0.234329,0.343996
1519,1519,2,69,11,0.693923,0.114624
1520,1520,1,90,29,0.903655,0.296485
1521,1521,4,36,10,0.363122,0.103825
1522,1522,1,44,17,0.447102,0.175935
1523,1523,1,25,30,0.250097,0.300926
1524,1524,5,23,27,0.234981,0.276970
1525,1525,4,55,32,0.555486,0.322940
1526,1526,2,20,22,0.204946,0.222981
1527,1527,3,10,8,0.106084,0.084330
1528,1528,6,55,14,0.554444,0.145344
1529,1529,6,12,22,0.125677,0.226223
1530,1530,4,9,13,0.093539,0.135729
1531,1531,2,59,14,0.597962,0.145374
1532,1532,2,87,13,0.871169,0.134856
1533,1533,2,83,15,0.838005,0.154775
1534,1534,2,33,6,0.338417,0.061448
1535,1535,3,33,11,0.338256,0.113890
1536,1536,3,30,29,0.304089,0.292852
1537,1537,2,37,12,0.376697,0.125955
1538,1538,6,59,41,0.592341,0.414328
1539,1539,5,28,16,0.285236,0.163965
1540,1540,7,83,8,0.835424,0.086375
1541,1541,1,8,37,0.081248,0.374690
1542,1542,2,67,6,0.675306,0.065015
1543,1543,8,79,29,0.795580,0.294003
1544,1544,5,76,26,0.764077,0.266586
1545,1545,4,28,37,0.284162,0.374417
1546,1546,8,64,27,0.644738,0.274390
1547,1547,4,34,27,0.343410,0.274907
1548,1548,4,67,38,0.674078,0.386743
1549,1549,3,91,23,0.913128,0.233264
1550,1550,4,59,31,0.592351,0.314772
1551,1551,8,80,10,0.804033,0.104791
1552,1552,4,65,23,0.652332,0.235936
1553,1553,3,51,13,0.513961,0.134135
1554,1554,4,52,35,0.526448,0.358193
1555,1555,5,53,13,0.535280,0.135824
1556,1556,1,90,15,0.902877,0.156994
1557,1557,3,28,38,0.284120,0.383405
1558,1558,2,38,34,0.381476,0.348864
1559,1559,4,31,39,0.315689,0.397175
1560,1560,5,80,14,0.803924,0.145923
1561,1561,6,23,8,0.237401,0.084450
1562,1562,4,50,8,0.506485,0.082780
1563,1563,3,17,6,0.176190,0.066108
1564,1564,2,29,12,0.294826,0.127341
1565,1565,3,32,31,0.322225,0.313603
1566,1566,1,94,30,0.940901,0.305647
1567,1567,1,77,46,0.772176,0.467465
1568,1568,3,70,14,0.703904,0.145921
1569,1569,4,39,31,0.396766,0.314118
1570,1570,3,53,32,0.532463,0.323218
1571,1571,4,42,18,0.422409,0.183414
1572,1572,2,20,5,0.202214,0.052786
1573,1573,1,86,30,0.868104,0.307195
1574,1574,2,50,21,0.506315,0.216274
1575,1575,1,79,5,0.791131,0.054908
1576,1576,4,48,9,0.486476,0.094244
1577,1577,2,65,21,0.651475,0.212219
1578,1578,3,69,39,0.697319,0.396986
1579,1579,3,63,25,0.634603,0.254209
1580,1580,1,74,15,0.745537,0.151215
1581,1581,1,53,25,0.537112,0.256223
1582,1582,1,67,37,0.674623,0.374652
1583,1583,1,2,19,0.029995,0.195942
1584,1584,3,41,39,0.416113,0.395838
1585,1585,1,95,31,0.950506,0.318744
1586,1586,6,43,30,0.436274,0.305051
1587,1587,5,59,8,0.593333,0.082428
1588,1588,4,29,11,0.295147,0.114212
1589,1589,5,56,40,0.565479,0.403664
1590,1590,5,77,6,0.772823,0.063110
1591,1591,1,35,9,0.359716,0.098098
1592,1592,2,34,24,0.343764,0.242329
1593,1593,5,82,15,0.823588,0.154854
1594,1594,1,72,31,0.725335,0.313095
1595,1595,2,52,8,0.524368,0.087227
1596,1596,2,49,35,0.495159,0.355065
1597,1597,3,31,15,0.316769,0.156244
1598,1598,2,51,37,0.513842,0.377876
1599,1599,6,8,24,0.084558,0.245277
1600,1600,3,32,8,0.326321,0.088345
1601,1601,4,42,24,0.425667,0.245262
1602,1602,1,60,41,0.602554,0.410979
1603,1603,4,47,4,0.474552,0.046440
1604,1604,5,88,9,0.886122,0.094036
1605,1605,7,11,5,0.113209,0.054590
1606,1606,1,95,30,0.957930,0.302465
1607,1607,1,9,31,0.092928,0.312332
1608,1608,3,53,8,0.531553,0.081784
1609,1609,7,29,17,0.295837,0.175706
1610,1610,2,81,25,0.819733,0.257092
1611,1611,3,59,22,0.596841,0.225603
1612,1612,2,33,41,0.333263,0.413665
1613,1613,1,91,12,0.911890,0.120076
1614,1614,3,30,38,0.305536,0.384623
1615,1615,1,59,48,0.598529,0.480332
1616,1616,2,11,44,0.113171,0.447365
1617,1617,3,86,14,0.864993,0.143372
1618,1618,1,34,46,0.343304,0.460897
1619,1619,3,75,10,0.754580,0.102995
1620,1620,4,75,37,0.754267,0.378771
1621,1621,4,83,5,0.836050,0.055104
1622,1622,1,56,35,0.562824,0.359990
1623,1623,1,20,20,0.201867,0.209953
1624,1624,2,76,4,0.765635,0.047538
1625,1625,1,44,35,0.440224,0.351761
1626,1626,2,33,40,0.335257,0.408337
1627,1627,7,81,15,0.814537,0.154096
1628,1628,1,36,2,0.363019,0.027747
1629,1629,2,44,25,0.444655,0.256173
1630,1630,3,83,26,0.830964,0.265048
1631,1631,5,87,9,0.874737,0.095175
1632,1632,4,61,14,0.618549,0.143606
1633,1633,3,12,14,0.123531,0.143297
1634,1634,3,88,7,0.881936,0.074034
1635,1635,2,57,32,0.574271,0.326081
1636,1636,3,62,17,0.624482,0.174732
1637,1637,5,65,38,0.656844,0.385173
1638,1638,4,80,21,0.805175,0.214060
1639,1639,3,42,16,0.424302,0.165337
1640,1640,5,41,21,0.416366,0.215099
1641,1641,2,78,7,0.787694,0.074931
1642,1642,4,8,10,0.084829,0.105839
1643,1643,2,52,10,0.524696,0.107310
1644,1644,1,14,37,0.144688,0.378498
1645,1645,4,19,35,0.197438,0.355152
1646,1646,2,43,9,0.435607,0.098781
1647,1647,2,62,25,0.626034,0.255856
1648,1648,3,32,17,0.321900,0.176266
1649,1649,4,54,30,0.541784,0.306531
1650,1650,1,74,20,0.748661,0.202702
1651,1651,2,48,44,0.487083,0.449547
1652,1652,5,9,14,0.095595,0.143552
1653,1653,2,85,14,0.854605,0.144573
1654,1654,1,53,34,0.536770,0.347153
1655,1655,1,38,19,0.389786,0.196635
1656,1656,1,24,29,0.240538,0.293842
1657,1657,4,28,21,0.286331,0.215111
1658,1658,3,80,23,0.806537,0.233385
1659,1659,2,30,14,0.303542,0.144238
1660,1660,1,35,41,0.353848,0.411624
1661,1661,1,0,37,0.003008,0.372650
1662,1662,2,20,40,0.206007,0.403183
1663,1663,1,31,4,0.310446,0.047316
1664,1664,4,32,6,0.325038,0.066002
1665,1665,5,83,9,0.835001,0.095957
1666,1666,1,87,7,0.878625,0.071655
1667,1667,5,54,13,0.543640,0.135060
1668,1668,2,63,22,0.636096,0.225992
1669,1669,2,29,7,0.296033,0.078941
1670,1670,3,65,17,0.651385,0.173689
1671,1671,2,28,15,0.285820,0.158140
1672,1672,1,73,44,0.734275,0.449634
1673,1673,2,50,16,0.508543,0.165958
1674,1674,4,76,25,0.765438,0.255642
1675,1675,3,81,29,0.817046,0.293208
1676,1676,4,41,28,0.414270,0.283199
1677,1677,4,40,29,0.407058,0.294001
1678,1678,1,60,32,0.605431,0.325145
1679,1679,3,49,14,0.497019,0.143971
1680,1680,6,33,21,0.336027,0.215242
1681,1681,2,58,5,0.585430,0.051930
1682,1682,4,3,5,0.034512,0.055121
1683,1683,1,83,16,0.833147,0.169456
1684,1684,1,70,13,0.702914,0.135881
1685,1685,2,34,15,0.342673,0.152272
1686,1686,1,32,11,0.326845,0.117913
1687,1687,1,36,11,0.368438,0.118105
1688,1688,4,63,6,0.635835,0.064676
1689,1689,3,53,18,0.535318,0.186581
1690,1690,5,51,14,0.513258,0.146568
1691,1691,2,73,10,0.733504,0.104934
1692,1692,3,52,13,0.520602,0.134333
1693,1693,2,5,21,0.053810,0.211931
1694,1694,6,27,35,0.275182,0.356385
1695,1695,2,9,41,0.091757,0.411864
1696,1696,1,60,11,0.605709,0.118782
1697,1697,3,85,10,0.853472,0.106550
1698,1698,1,61,39,0.616168,0.393263
1699,1699,3,45,7,0.454721,0.078045
1700,1700,3,64,41,0.644577,0.412719
1701,1701,3,56,31,0.566155,0.313959
1702,1702,2,77,21,0.772564,0.212616
1703,1703,5,71,36,0.714368,0.363981
1704,1704,1,89,29,0.895423,0.298090
1705,1705,1,16,3,0.167014,0.031484
1706,1706,1,12,36,0.120554,0.366685
1707,1707,5,80,22,0.806279,0.226102
1708,1708,2,54,27,0.545296,0.272721
1709,1709,1,72,27,0.728537,0.278302
1710,1710,4,78,29,0.783243,0.293056
1711,1711,3,19,7,0.194064,0.076362
1712,1712,7,61,37,0.615850,0.373899
1713,1713,6,80,16,0.805640,0.164302
1714,1714,3,46,6,0.465316,0.064455
1715,1715,3,85,16,0.855118,0.162516
1716,1716,1,40,27,0.406641,0.276369
1717,1717,2,53,21,0.533727,0.215473
1718,1718,1,27,36,0.273853,0.366623
1719,1719,3,47,9,0.475112,0.092177
1720,1720,3,63,28,0.633819,0.286861
1721,1721,1,25,19,0.257308,0.196431
1722,1722,1,53,16,0.536859,0.161019
1723,1723,2,30,28,0.305018,0.284120
1724,1724,2,22,36,0.221498,0.364345
1725,1725,2,62,41,0.627544,0.416082
1726,1726,3,49,19,0.498150,0.195604
1727,1727,2,22,37,0.226419,0.372569
1728,1728,4,8,21,0.085755,0.215212
1729,1729,3,30,15,0.302906,0.152146
1730,1730,4,39,34,0.395863,0.343377
1731,1731,3,32,20,0.324896,0.204124
1732,1732,1,99,31,0.991688,0.315856
1733,1733,1,59,23,0.592546,0.237818
1734,1734,5,44,5,0.444412,0.055176
1735,1735,3,93,17,0.933089,0.173081
1736,1736,4,54,10,0.546103,0.105551
1737,1737,4,58,8,0.585618,0.084171
1738,1738,4,42,30,0.424108,0.306912
1739,1739,5,42,23,0.424225,0.237895
1740,1740,3,64,35,0.641380,0.358035
1741,1741,4,58,17,0.588184,0.175614
1742,1742,4,88,10,0.885051,0.104429
1743,1743,1,3,10,0.038340,0.100131
1744,1744,1,91,45,0.918141,0.451198
1745,1745,1,17,31,0.177019,0.310245
1746,1746,2,39,35,0.393526,0.355709
1747,1747,3,29,31,0.294344,0.312359
1748,1748,3,11,26,0.116151,0.265172
1749,1749,4,42,34,0.423664,0.344341
1750,1750,4,87,16,0.875922,0.162170
1751,1751,1,75,35,0.758912,0.355116
1752,1752,6,12,26,0.124959,0.264735
1753,1753,1,85,0,0.852099,0.007750
1754,1754,2,53,37,0.537959,0.371179
1755,1755,1,73,0,0.733652,0.006182
1756,1756,2,98,41,0.983806,0.411931
1757,1757,6,26,36,0.265495,0.363762
1758,1758,2,25,37,0.251664,0.377313
1759,1759,3,28,12,0.285204,0.123825
1760,1760,3,58,27,0.584893,0.277188
1761,1761,1,81,28,0.812102,0.288602
1762,1762,4,17,21,0.177785,0.216590
1763,1763,4,84,41,0.842365,0.413565
1764,1764,6,60,6,0.604256,0.064747
1765,1765,3,53,27,0.533867,0.276460
1766,1766,2,23,40,0.235835,0.403540
1767,1767,1,88,12,0.880823,0.120027
1768,1768,1,68,38,0.681546,0.385248
1769,1769,4,22,5,0.225022,0.055611
1770,1770,1,7,16,0.072749,0.166240
1771,1771,3,50,19,0.504043,0.196276
1772,1772,3,77,15,0.777321,0.154206
1773,1773,2,20,19,0.205357,0.190958
1774,1774,3,84,19,0.843731,0.193825
1775,1775,4,43,25,0.432746,0.253502
1776,1776,3,60,16,0.603531,0.164724
1777,1777,3,83,23,0.834996,0.235806
1778,1778,4,21,26,0.213805,0.264744
1779,1779,1,50,24,0.505618,0.246432
1780,1780,1,10,13,0.102070,0.136610
1781,1781,1,23,38,0.237029,0.380673
1782,1782,1,63,47,0.632695,0.470335
1783,1783,2,74,21,0.744886,0.218909
1784,1784,3,7,20,0.075174,0.206476
1785,1785,4,60,19,0.602491,0.195723
1786,1786,2,4,9,0.040929,0.094085
1787,1787,1,71,20,0.711743,0.204442
1788,1788,1,32,28,0.328046,0.281279
1789,1789,1,53,9,0.534388,0.095752
1790,1790,1,79,46,0.791631,0.463189
1791,1791,2,73,26,0.730682,0.266987
1792,1792,5,51,17,0.515813,0.173965
1793,1793,1,18,8,0.186067,0.081615
1794,1794,3,44,23,0.444362,0.234591
1795,1795,2,81,7,0.814317,0.075870
1796,1796,8,61,20,0.614072,0.204213
1797,1797,3,18,6,0.188368,0.064935
1798,1798,2,34,34,0.345720,0.347040
1799,1799,2,57,22,0.577069,0.221600
1800,1800,2,63,16,0.633859,0.160831
1801,1801,2,65,9,0.652294,0.092811
1802,1802,2,86,6,0.865826,0.064219
1803,1803,2,72,38,0.724210,0.386652
1804,1804,2,83,22,0.831708,0.225756
1805,1805,1,52,26,0.529848,0.263368
1806,1806,4,42,17,0.424963,0.175525
1807,1807,3,10,44,0.103028,0.442897
1808,1808,1,74,30,0.740893,0.309187
1809,1809,1,26,12,0.269706,0.127935
1810,1810,3,30,10,0.305214,0.103954
1811,1811,1,40,26,0.401267,0.260140
1812,1812,3,57,36,0.573852,0.364086
1813,1813,2,93,15,0.939113,0.152262
1814,1814,2,65,35,0.651966,0.357570
1815,1815,2,7,29,0.078080,0.293397
1816,1816,1,8,3,0.086890,0.030552
1817,1817,1,83,6,0.835537,0.069956
1818,1818,1,38,14,0.381738,0.140681
1819,1819,1,98,40,0.986002,0.400729
1820,1820,3,25,5,0.256507,0.054366
1821,1821,2,20,7,0.204598,0.077211
1822,1822,4,50,17,0.505737,0.173331
1823,1823,5,23,41,0.234507,0.412376
1824,1824,3,42,40,0.426819,0.405684
1825,1825,4,72,37,0.725067,0.374378
1826,1826,2,82,5,0.826723,0.056523
1827,1827,3,55,37,0.554589,0.375400
1828,1828,1,40,21,0.402131,0.213873
1829,1829,2,7,32,0.073803,0.325044
1830,1830,1,17,39,0.171709,0.390823
1831,1831,4,85,24,0.853729,0.246089
1832,1832,3,32,39,0.324103,0.396199
1833,1833,4,73,37,0.737159,0.374215
1834,1834,4,8,16,0.082453,0.161842
1835,1835,1,6,47,0.067182,0.474423
1836,1836,3,50,43,0.503685,0.433504
1837,1837,2,19,21,0.195985,0.216877
1838,1838,4,65,3,0.654540,0.038565
1839,1839,3,43,20,0.436576,0.206312
1840,1840,3,24,39,0.241808,0.394128
1841,1841,3,21,5,0.216266,0.054446
1842,1842,1,9,18,0.090679,0.189424
1843,1843,2,84,9,0.844361,0.097931
1844,1844,2,25,38,0.253101,0.387452
1845,1845,1,63,43,0.630008,0.431745
1846,1846,2,31,41,0.313158,0.413298
1847,1847,1,19,2,0.194072,0.023761
1848,1848,3,64,36,0.642718,0.364206
1849,1849,1,68,21,0.688054,0.212798
1850,1850,6,24,35,0.245632,0.352356
1851,1851,1,59,33,0.595744,0.336310
1852,1852,2,25,35,0.253160,0.354741
1853,1853,5,23,31,0.236330,0.314478
1854,1854,3,40,28,0.402831,0.285930
1855,1855,1,24,28,0.246102,0.285368
1856,1856,3,86,22,0.861874,0.226673
1857,1857,2,90,32,0.901769,0.322627
1858,1858,2,77,10,0.776441,0.104024
1859,1859,2,56,25,0.568280,0.256285
1860,1860,3,72,36,0.725194,0.363010
1861,1861,2,75,38,0.755704,0.389110
1862,1862,1,98,6,0.989660,0.068182
1863,1863,2,61,3,0.617470,0.039306
1864,1864,2,71,8,0.714206,0.089193
1865,1865,1,14,1,0.148843,0.019194
1866,1866,1,20,41,0.201521,0.410031
1867,1867,2,48,3,0.485309,0.037119
1868,1868,2,94,15,0.941884,0.151521
1869,1869,3,81,19,0.816568,0.197438
1870,1870,4,21,6,0.215214,0.066210
1871,1871,4,22,40,0.223827,0.403935
1872,1872,2,11,22,0.115478,0.225083
1873,1873,1,95,14,0.958952,0.149492
1874,1874,3,83,42,0.834125,0.426955
1875,1875,4,45,5,0.454959,0.054703
1876,1876,4,79,45,0.793946,0.456881
1877,1877,1,2,26,0.026316,0.265521
1878,1878,4,60,9,0.602819,0.094006
1879,1879,4,49,22,0.496988,0.226333
1880,1880,4,37,37,0.378231,0.374493
1881,1881,2,77,24,0.777121,0.247773
1882,1882,3,14,43,0.147524,0.433015
1883,1883,1,35,6,0.351353,0.064169
1884,1884,7,83,20,0.834236,0.205967
1885,1885,3,90,25,0.903032,0.259095
1886,1886,4,72,6,0.725478,0.065329
1887,1887,1,24,14,0.240781,0.144561
1888,1888,2,21,25,0.216387,0.255771
1889,1889,1,54,3,0.541094,0.039747
1890,1890,4,87,32,0.878021,0.326072
1891,1891,8,18,25,0.185608,0.255189
1892,1892,5,7,21,0.076028,0.214869
1893,1893,3,34,11,0.343154,0.113829
1894,1894,3,62,20,0.621831,0.204035
1895,1895,1,90,26,0.901612,0.265644
1896,1896,1,23,15,0.233411,0.159766
1897,1897,3,63,32,0.634774,0.323530
1898,1898,2,35,39,0.354238,0.394435
1899,1899,1,71,6,0.719695,0.067118
1900,1900,1,9,40,0.090973,0.403055
1901,1901,1,22,3,0.222997,0.039208
1902,1902,2,47,6,0.471207,0.064519
1903,1903,5,8,18,0.085039,0.183235
1904,1904,1,59,7,0.591053,0.071235
1905,1905,1,37,38,0.379431,0.381102
1906,1906,5,8,22,0.085565,0.224207
1907,1907,3,55,4,0.557007,0.046182
1908,1908,1,22,26,0.220952,0.263550
1909,1909,2,86,20,0.867898,0.207052
1910,1910,1,98,25,0.987367,0.259647
1911,1911,3,80,5,0.803613,0.054073
1912,1912,3,61,28,0.611778,0.284878
1913,1913,1,84,2,0.845037,0.022560
1914,1914,1,93,36,0.939171,0.362206
1915,1915,1,12,13,0.127527,0.134542
1916,1916,3,70,41,0.704610,0.414191
1917,1917,4,14,6,0.144060,0.065555
1918,1918,1,97,30,0.977697,0.300547
1919,1919,4,33,37,0.335425,0.374260
1920,1920,3,53,31,0.534258,0.314659
1921,1921,4,22,22,0.223760,0.225756
1922,1922,1,67,5,0.674748,0.059526
1923,1923,1,73,25,0.733926,0.254377
1924,1924,2,56,42,0.563741,0.421362
1925,1925,3,57,8,0.573767,0.083496
1926,1926,2,86,12,0.866282,0.123835
1927,1927,3,54,21,0.545238,0.216581
1928,1928,1,75,40,0.751494,0.409835
1929,1929,5,84,5,0.846196,0.055233
1930,1930,3,7,12,0.074940,0.124503
1931,1931,1,94,24,0.944335,0.241579
1932,1932,1,56,39,0.569701,0.392137
1933,1933,2,92,6,0.923101,0.063133
1934,1934,2,73,30,0.737843,0.307489
1935,1935,1,85,22,0.855527,0.227244
1936,1936,1,71,35,0.718562,0.358742
1937,1937,2,73,46,0.736100,0.467563
1938,1938,1,61,29,0.617925,0.295015
1939,1939,1,93,38,0.930990,0.383437
1940,1940,2,75,26,0.754664,0.266117
1941,1941,2,33,4,0.338119,0.047756
1942,1942,4,50,22,0.505625,0.224082
1943,1943,1,0,36,0.001026,0.361961
1944,1944,2,60,28,0.604662,0.283328
1945,1945,4,53,22,0.531738,0.226100
1946,1946,5,28,18,0.283854,0.186051
1947,1947,3,19,22,0.194027,0.227610
1948,1948,1,3,12,0.036909,0.126376
1949,1949,2,9,42,0.097143,0.424665
1950,1950,2,88,28,0.882470,0.288584
1951,1951,1,95,13,0.953184,0.133508
1952,1952,1,19,20,0.196819,0.204460
1953,1953,5,40,16,0.403979,0.166241
1954,1954,2,77,42,0.771882,0.426111
1955,1955,3,64,5,0.644162,0.058046
1956,1956,2,6,27,0.062519,0.276518
1957,1957,3,9,27,0.096281,0.276177
1958,1958,1,61,0,0.610284,0.004695
1959,1959,2,65,19,0.650574,0.197877
1960,1960,1,94,6,0.944056,0.060523
1961,1961,1,28,5,0.284981,0.053960
1962,1962,4,26,5,0.264286,0.052910
1963,1963,1,55,36,0.550780,0.366090
1964,1964,4,19,37,0.194927,0.376260
1965,1965,1,2,29,0.023962,0.294252
1966,1966,2,22,27,0.224738,0.274804
1967,1967,1,73,8,0.737396,0.085003
1968,1968,2,32,46,0.323046,0.465308
1969,1969,3,32,22,0.323461,0.225676
1970,1970,4,24,9,0.249386,0.093095
1971,1971,2,27,39,0.274264,0.393507
1972,1972,2,58,6,0.587576,0.065838
1973,1973,4,7,17,0.074861,0.176318
1974,1974,2,9,30,0.096135,0.300913
1975,1975,2,86,33,0.865936,0.333767
1976,1976,1,64,23,0.647601,0.232805
1977,1977,4,33,28,0.337859,0.284927
1978,1978,1,7,25,0.077029,0.257721
1979,1979,2,34,41,0.343618,0.412736
1980,1980,2,44,31,0.447220,0.313935
1981,1981,2,34,26,0.344399,0.263798
1982,1982,4,11,15,0.116636,0.154406
1983,1983,1,19,47,0.199022,0.475195
1984,1984,1,5,26,0.059827,0.261026
1985,1985,4,20,30,0.204514,0.304310
1986,1986,1,19,10,0.193489,0.105271
1987,1987,2,4,12,0.042349,0.125409
1988,1988,3,27,10,0.274079,0.103026
1989,1989,2,41,24,0.413621,0.248252
1990,1990,2,43,21,0.436628,0.216455
1991,1991,2,90,35,0.902639,0.358044
1992,1992,4,82,28,0.825508,0.285828
1993,1993,1,95,0,0.953567,0.002227
1994,1994,3,39,24,0.395166,0.246962
1995,1995,1,55,25,0.558629,0.251668
1996,1996,1,49,45,0.495647,0.454544
1997,1997,3,75,4,0.754297,0.045030
1998,1998,2,73,40,0.735400,0.403185
1999,1999,4,82,25,0.825010,0.255162
2000,2000,1,83,0,0.834470,0.009082
2001,2001,2,79,14,0.793810,0.145683
2002,2002,1,27,20,0.279762,0.200176
2003,2003,2,54,41,0.542689,0.412758
2004,2004,3,12,24,0.124535,0.241766
2005,2005,2,37,14,0.378189,0.144399
2006,2006,2,51,36,0.512597,0.368181
2007,2007,3,24,37,0.247727,0.375734
2008,2008,1,66,1,0.667474,0.015755
2009,2009,3,74,7,0.744001,0.076259
2010,2010,2,90,23,0.909304,0.232022
2011,2011,1,51,3,0.515182,0.039060
2012,2012,5,26,6,0.266043,0.065826
2013,2013,1,81,33,0.817770,0.331506
2014,2014,1,60,13,0.608003,0.131852
2015,2015,5,26,37,0.265046,0.373153
2016,2016,1,61,4,0.614048,0.048545
2017,2017,4,57,28,0.575382,0.284679
2018,2018,3,7,27,0.074490,0.272796
2019,2019,1,50,40,0.500147,0.408981
2020,2020,2,8,35,0.081285,0.353952
2021,2021,1,58,21,0.580609,0.217660
2022,2022,2,34,12,0.341478,0.124894
2023,2023,4,60,29,0.602810,0.295063
2024,2024,5,21,31,0.214022,0.314762
2025,2025,3,77,4,0.776837,0.046053
2026,2026,3,56,9,0.563055,0.095350
2027,2027,1,68,26,0.687037,0.269700
2028,2028,2,79,24,0.793702,0.243234
2029,2029,1,6,44,0.062701,0.449524
2030,2030,5,87,20,0.874905,0.204525
2031,2031,1,16,11,0.163847,0.117169
2032,2032,2,28,22,0.285943,0.224815
2033,2033,4,43,26,0.435456,0.266690
2034,2034,4,20,27,0.203675,0.272409
2035,2035,1,17,26,0.177575,0.260668
2036,2036,3,11,21,0.113165,0.215782
2037,2037,1,25,21,0.250248,0.217844
2038,2038,2,34,29,0.341396,0.294510
2039,2039,1,87,5,0.872064,0.055531
2040,2040,1,96,35,0.962548,0.357631
2041,2041,1,33,14,0.336126,0.145060
2042,2042,2,40,6,0.405506,0.067462
2043,2043,3,88,33,0.883580,0.334198
2044,2044,2,30,13,0.303971,0.132719
2045,2045,3,62,13,0.622864,0.134178
2046,2046,1,86,4,0.862356,0.047368
2047,2047,1,36,8,0.361284,0.089790
2048,2048,1,61,10,0.614433,0.107508
2049,2049,1,90,47,0.902412,0.477140
2050,2050,5,22,28,0.225230,0.284088
2051,2051,4,64,39,0.645125,0.396160
2052,2052,4,60,23,0.606357,0.236019
2053,2053,1,84,18,0.846115,0.189232
2054,2054,1,40,32,0.408420,0.329326
2055,2055,2,6,26,0.065124,0.265576
2056,2056,4,30,11,0.304541,0.116084
2057,2057,3,55,5,0.557360,0.056243
2058,2058,1,51,46,0.513407,0.465321
2059,2059,1,79,27,0.791974,0.279489
2060,2060,2,17,4,0.176270,0.047365
2061,2061,1,79,38,0.797254,0.384905
2062,2062,3,53,29,0.534174,0.295988
2063,2063,2,89,8,0.896387,0.085565
2064,2064,2,20,32,0.205077,0.324769
2065,2065,3,84,34,0.843663,0.344220
2066,2066,1,26,17,0.265818,0.178226
2067,2067,1,95,12,0.952104,0.128689
2068,2068,6,14,9,0.146420,0.096600
2069,2069,1,62,35,0.626419,0.356518
2070,2070,3,53,5,0.534536,0.055267
2071,2071,4,87,6,0.874310,0.064276
2072,2072,2,55,26,0.553827,0.262460
2073,2073,1,16,33,0.162922,0.336927
2074,2074,1,43,40,0.437291,0.400213
2075,2075,1,61,43,0.614425,0.437160
2076,2076,1,71,25,0.710217,0.255324
2077,2077,2,24,36,0.247582,0.365661
2078,2078,1,0,1,0.001522,0.012477
2079,2079,3,25,41,0.253028,0.412034
2080,2080,3,39,20,0.393491,0.204069
2081,2081,3,78,17,0.782269,0.172866
2082,2082,1,5,24,0.059792,0.243963
2083,2083,1,80,24,0.805431,0.242397
2084,2084,3,37,13,0.374103,0.136651
2085,2085,1,94,45,0.948289,0.456600
2086,2086,3,32,13,0.325512,0.135683
2087,2087,4,50,6,0.507645,0.065380
2088,2088,1,37,40,0.373222,0.404948
2089,2089,3,65,8,0.653583,0.082602
2090,2090,5,62,28,0.625890,0.285802
2091,2091,1,92,19,0.924530,0.194008
2092,2092,1,86,23,0.861131,0.233911
2093,2093,3,30,23,0.305778,0.233088
2094,2094,3,20,29,0.203321,0.293613
2095,2095,6,50,3,0.506013,0.034995
2096,2096,1,36,26,0.368682,0.263923
2097,2097,1,82,18,0.829973,0.182613
2098,2098,3,49,40,0.497271,0.407812
2099,2099,1,17,13,0.177013,0.139931
2100,2100,1,73,35,0.739412,0.357989
2101,2101,4,54,37,0.546140,0.371749
2102,2102,2,61,44,0.612863,0.448090
2103,2103,2,39,27,0.395764,0.271299
2104,2104,1,25,24,0.250746,0.242923
2105,2105,1,20,21,0.209121,0.214584
2106,2106,1,9,38,0.098575,0.385919
2107,2107,1,66,14,0.666075,0.149134
2108,2108,4,34,37,0.346090,0.376583
2109,2109,3,40,15,0.403004,0.155592
2110,2110,2,19,27,0.194434,0.275582
2111,2111,1,66,7,0.663588,0.071832
2112,2112,3,42,14,0.425335,0.148394
2113,2113,1,47,3,0.478610,0.034194
2114,2114,3,9,4,0.093912,0.047404
2115,2115,1,6,8,0.067914,0.083315
2116,2116,2,82,44,0.822284,0.442063
2117,2117,1,89,46,0.897189,0.464561
2118,2118,1,27,43,0.274236,0.434669
2119,2119,2,88,27,0.885018,0.273492
2120,2120,2,17,40,0.176058,0.402956
2121,2121,2,21,15,0.214814,0.154949
2122,2122,5,38,39,0.385731,0.395067
2123,2123,2,51,16,0.513468,0.165015
2124,2124,1,3,30,0.033823,0.300042
2125,2125,1,89,7,0.893904,0.079116
2126,2126,2,43,33,0.436960,0.331784
2127,2127,4,10,14,0.105552,0.145800
2128,2128,2,6,32,0.067617,0.326599
2129,2129,2,49,17,0.498672,0.172205
2130,2130,2,21,24,0.214407,0.244254
2131,2131,1,39,26,0.399391,0.261424
2132,2132,2,24,21,0.240204,0.215510
2133,2133,1,85,2,0.850950,0.028513
2134,2134,1,62,10,0.622911,0.109569
2135,2135,1,49,36,0.497573,0.368027
2136,2136,4,54,36,0.546518,0.362696
2137,2137,1,45,41,0.450917,0.418203
2138,2138,1,37,26,0.375950,0.262998
2139,2139,1,72,30,0.726016,0.307603
2140,2140,1,68,43,0.682032,0.435416
2141,2141,2,16,39,0.164379,0.395415
2142,2142,1,6,29,0.068444,0.291008
2143,2143,1,79,43,0.797356,0.436310
2144,2144,1,27,13,0.270369,0.137013
2145,2145,2,54,32,0.548289,0.324262
2146,2146,1,90,27,0.903053,0.279187
2147,2147,1,15,17,0.152435,0.171200
2148,2148,1,93,10,0.939605,0.102184
2149,2149,2,71,21,0.718537,0.218394
2150,2150,2,18,26,0.185962,0.264567
2151,2151,2,66,36,0.663403,0.365488
2152,2152,2,49,4,0.493502,0.046541
2153,2153,1,35,10,0.357829,0.106650
2154,2154,2,61,21,0.617625,0.214400
2155,2155,2,34,4,0.343288,0.048681
2156,2156,1,74,26,0.744300,0.263634
2157,2157,1,5,39,0.058569,0.399619
2158,2158,2,89,31,0.894605,0.315744
2159,2159,3,9,12,0.097487,0.125410
2160,2160,1,19,42,0.197251,0.429547
2161,2161,1,20,3,0.201794,0.036794
2162,2162,1,83,37,0.838682,0.373916
2163,2163,3,61,23,0.615937,0.234120
2164,2164,3,72,24,0.725618,0.245352
2165,2165,1,21,28,0.218369,0.287171
2166,2166,3,22,35,0.225551,0.354380
2167,2167,1,64,2,0.648741,0.027940
2168,2168,1,5,22,0.052974,0.225481
2169,2169,1,8,34,0.085775,0.346271
2170,2170,1,0,15,0.005871,0.158510
2171,2171,2,31,3,0.319335,0.037973
2172,2172,1,77,29,0.779235,0.290815
2173,2173,2,16,7,0.165195,0.073623
2174,2174,5,32,36,0.326038,0.363485
2175,2175,1,83,21,0.839212,0.211858
2176,2176,1,45,42,0.450149,0.429840
2177,2177,1,50,23,0.503251,0.234447
2178,2178,3,85,13,0.854802,0.136567
2179,2179,4,61,7,0.618353,0.076092
2180,2180,1,10,32,0.107433,0.325440
2181,2181,2,10,23,0.108191,0.235227
2182,2182,3,62,23,0.623997,0.233910
2183,2183,1,92,29,0.922187,0.293415
2184,2184,2,79,21,0.793328,0.217847
2185,2185,4,23,16,0.234399,0.165119
2186,2186,3,12,25,0.126723,0.255526
2187,2187,3,85,29,0.852495,0.294538
2188,2188,1,65,16,0.655184,0.160287
2189,2189,1,34,14,0.344406,0.143398
2190,2190,2,74,12,0.745326,0.124468
2191,2191,1,89,30,0.890958,0.307513
2192,2192,1,27,28,0.279947,0.286944
2193,2193,5,35,36,0.355673,0.364180
2194,2194,2,50,12,0.506063,0.125008
2195,2195,3,38,17,0.388512,0.175133
2196,2196,1,6,25,0.061252,0.257705
2197,2197,1,54,34,0.542187,0.343334
2198,2198,2,86,19,0.865576,0.196999
2199,2199,1,73,43,0.730653,0.435585
2200,2200,1,37,11,0.372839,0.115223
2201,2201,1,58,26,0.589086,0.263644
2202,2202,1,7,30,0.075248,0.306524
2203,2203,1,74,31,0.744366,0.310511
2204,2204,2,73,4,0.737157,0.049325
2205,2205,2,40,37,0.405065,0.374010
2206,2206,3,32,9,0.326650,0.096232
2207,2207,1,77,7,0.776062,0.079290
2208,2208,1,24,26,0.240089,0.267235
2209,2209,1,49,41,0.498311,0.417921
2210,2210,1,74,25,0.746326,0.256289
2211,2211,1,19,23,0.192059,0.236527
2212,2212,3,12,10,0.124359,0.106516
2213,2213,3,78,15,0.786236,0.152659
2214,2214,4,60,5,0.606845,0.054280
2215,2215,1,12,16,0.125406,0.161045
2216,2216,1,78,44,0.787577,0.440760
2217,2217,1,9,17,0.090468,0.177003
2218,2218,1,78,3,0.783565,0.034166
2219,2219,1,93,18,0.930965,0.181027
2220,2220,3,67,41,0.672600,0.416427
2221,2221,3,21,35,0.212210,0.357481
2222,2222,1,43,13,0.437612,0.138777
2223,2223,1,94,22,0.949484,0.225305
2224,2224,1,89,15,0.891383,0.152797
2225,2225,1,24,10,0.248527,0.103769
2226,2226,1,49,20,0.496428,0.200335
2227,2227,2,8,39,0.085952,0.392470
2228,2228,4,41,31,0.416873,0.316936
2229,2229,1,5,17,0.052553,0.179474
2230,2230,2,29,25,0.297343,0.254346
2231,2231,4,45,3,0.452938,0.036930
2232,2232,1,3,41,0.030759,0.412334
2233,2233,1,1,13,0.012310,0.132955
2234,2234,1,19,24,0.197144,0.247992
2235,2235,3,77,28,0.777060,0.284962
2236,2236,5,28,30,0.285281,0.304831
2237,2237,2,80,13,0.805428,0.137094
2238,2238,2,48,22,0.483843,0.227836
2239,2239,2,42,5,0.426546,0.056527
2240,2240,4,92,18,0.927627,0.185790
2241,2241,1,50,20,0.507746,0.205815
2242,2242,3,82,30,0.825072,0.307399
2243,2243,1,81,44,0.814530,0.441014
2244,2244,1,35,33,0.357994,0.337282
2245,2245,1,72,12,0.728679,0.123445
2246,2246,1,51,35,0.510502,0.357700
2247,2247,1,75,47,0.758815,0.470037
2248,2248,1,15,7,0.159760,0.079118
2249,2249,1,15,40,0.159554,0.408544
2250,2250,3,75,25,0.755316,0.253460
2251,2251,3,18,22,0.186015,0.224844
2252,2252,1,18,40,0.189989,0.409535
2253,2253,1,77,13,0.779591,0.139887
2254,2254,3,25,8,0.254202,0.083735
2255,2255,2,54,8,0.543880,0.084919
2256,2256,2,52,6,0.525760,0.064482
2257,2257,1,44,32,0.444113,0.320089
2258,2258,1,29,10,0.291859,0.109581
2259,2259,4,79,7,0.795486,0.072440
2260,2260,1,27,8,0.277813,0.089256
2261,2261,1,27,31,0.279727,0.311371
2262,2262,2,41,23,0.413994,0.237166
2263,2263,1,82,21,0.821466,0.215540
2264,2264,1,66,18,0.668526,0.182219
2265,2265,2,6,22,0.062305,0.223870
2266,2266,5,44,22,0.443259,0.224693
2267,2267,1,46,42,0.461847,0.422705
2268,2268,2,29,20,0.292622,0.205565
2269,2269,2,10,43,0.101716,0.437726
2270,2270,1,69,5,0.691938,0.051918
2271,2271,2,41,8,0.415830,0.088811
2272,2272,2,30,7,0.306792,0.073248
2273,2273,3,16,5,0.166838,0.054451
2274,2274,2,85,19,0.855232,0.195297
2275,2275,1,42,45,0.426882,0.451903
2276,2276,1,7,14,0.078609,0.143329
2277,2277,1,89,40,0.893530,0.408311
2278,2278,1,26,26,0.261492,0.261894
2279,2279,1,37,23,0.371853,0.230915
2280,2280,3,44,6,0.441889,0.065222
2281,2281,3,21,7,0.215833,0.074777
2282,2282,1,76,29,0.768120,0.290131
2283,2283,2,76,42,0.764455,0.425014
2284,2284,1,30,26,0.307002,0.267760
2285,2285,2,77,44,0.773895,0.443828
2286,2286,1,72,26,0.720847,0.264019
2287,2287,1,58,16,0.589669,0.163661
2288,2288,1,92,12,0.924297,0.128216
2289,2289,3,64,28,0.643903,0.283656
2290,2290,1,17,35,0.171663,0.358382
2291,2291,1,12,48,0.125655,0.483334
2292,2292,2,31,38,0.314823,0.385815
2293,2293,1,15,27,0.151112,0.271706
2294,2294,1,59,6,0.591411,0.060684
2295,2295,1,92,20,0.927735,0.201369
2296,2296,1,58,19,0.582620,0.198616
2297,2297,4,50,39,0.507057,0.397088
2298,2298,1,72,3,0.724629,0.031855
2299,2299,1,93,41,0.932957,0.419834
2300,2300,2,52,40,0.526136,0.404903
2301,2301,2,55,27,0.551665,0.275086
2302,2302,2,19,6,0.196003,0.066573
2303,2303,2,88,8,0.885833,0.083745
2304,2304,2,66,5,0.662981,0.057380
2305,2305,2,27,41,0.274364,0.412925
2306,2306,2,50,4,0.503808,0.049343
2307,2307,1,22,29,0.227088,0.299519
2308,2308,2,86,29,0.860474,0.294810
2309,2309,2,47,5,0.472570,0.051045
2310,2310,1,78,39,0.783385,0.396039
2311,2311,1,89,27,0.894741,0.279853
2312,2312,1,37,41,0.372479,0.410506
2313,2313,2,23,33,0.234403,0.337083
2314,2314,2,91,21,0.918514,0.215829
2315,2315,1,23,4,0.236401,0.048423
2316,2316,1,35,29,0.351669,0.291613
2317,2317,3,70,15,0.706455,0.155423
2318,2318,1,47,26,0.473942,0.265429
2319,2319,1,14,27,0.146016,0.275255
2320,2320,1,52,36,0.522412,0.367440
2321,2321,1,57,17,0.571422,0.170129
2322,2322,2,59,26,0.595203,0.264656
2323,2323,1,82,20,0.826355,0.205989
2324,2324,1,19,46,0.197382,0.469411
2325,2325,2,33,5,0.336973,0.057223
2326,2326,1,70,20,0.703720,0.200911
2327,2327,1,92,27,0.922168,0.271321
2328,2328,1,54,23,0.544537,0.238590
2329,2329,2,39,21,0.393692,0.215698
2330,2330,2,56,38,0.563365,0.384943
2331,2331,1,28,41,0.280765,0.410226
2332,2332,1,72,5,0.726177,0.056015
2333,2333,1,1,35,0.017618,0.352427
2334,2334,1,86,17,0.860107,0.178598
2335,2335,1,30,17,0.302492,0.171079
2336,2336,1,96,32,0.969941,0.322316
2337,2337,1,13,16,0.138847,0.168223
2338,2338,2,73,32,0.739523,0.327981
2339,2339,1,34,18,0.342943,0.189945
2340,2340,1,4,16,0.047511,0.162463
2341,2341,1,66,23,0.668457,0.235403
2342,2342,2,8,12,0.085490,0.122840
2343,2343,1,5,0,0.051855,0.009394
2344,2344,1,15,43,0.150794,0.431923
2345,2345,1,76,34,0.767275,0.348371
2346,2346,2,21,20,0.218212,0.203015
2347,2347,1,2,38,0.022364,0.380729
2348,2348,2,82,13,0.825102,0.137337
2349,2349,2,31,7,0.311737,0.074140
2350,2350,1,24,23,0.240390,0.231789
2351,2351,1,6,31,0.063415,0.311135
2352,2352,1,13,26,0.139069,0.263577
2353,2353,1,62,33,0.626839,0.338102
2354,2354,1,93,6,0.935465,0.069424
2355,2355,1,50,30,0.503187,0.309426
2356,2356,1,41,3,0.419634,0.034747
2357,2357,1,63,10,0.632842,0.101760
2358,2358,2,29,23,0.296060,0.236228
2359,2359,1,56,16,0.560359,0.161002
2360,2360,1,97,1,0.976636,0.010511
2361,2361,1,74,32,0.741858,0.323684
2362,2362,2,19,5,0.191931,0.054546
2363,2363,3,40,33,0.408186,0.334349
2364,2364,1,1,5,0.017387,0.051035
2365,2365,1,6,14,0.068038,0.146797
2366,2366,1,91,14,0.914610,0.144808
2367,2367,1,41,33,0.416173,0.338316
2368,2368,1,64,11,0.647671,0.111302
2369,2369,1,39,33,0.395954,0.335282
2370,2370,2,88,17,0.885780,0.172935
2371,2371,1,50,26,0.505121,0.269656
2372,2372,1,52,37,0.526300,0.373084
2373,2373,1,24,41,0.240422,0.412569
2374,2374,1,69,9,0.690158,0.099932
2375,2375,1,50,5,0.509764,0.053989
2376,2376,1,94,1,0.949644,0.014052
2377,2377,1,50,38,0.502075,0.383977
2378,2378,1,44,20,0.448081,0.200150
2379,2379,1,7,31,0.074788,0.314140
2380,2380,1,2,2,0.024752,0.020102
2381,2381,1,65,15,0.653847,0.156881
2382,2382,1,0,10,0.009717,0.103853
2383,2383,1,49,2,0.495767,0.026098
2384,2384,2,31,13,0.314506,0.135359
2385,2385,2,85,37,0.858454,0.374690
2386,2386,1,62,26,0.621842,0.268427
2387,2387,1,64,42,0.644794,0.420924
2388,2388,1,38,4,0.388300,0.045898
2389,2389,1,74,34,0.744024,0.342292
2390,2390,1,40,17,0.403794,0.179829
2391,2391,1,81,3,0.812040,0.039984
2392,2392,1,85,5,0.855388,0.052324
2393,2393,1,19,3,0.190676,0.031556
2394,2394,1,61,47,0.611789,0.470734
2395,2395,1,91,18,0.914837,0.187432
2396,2396,1,66,44,0.667050,0.442553
2397,2397,1,38,33,0.380759,0.336498
2398,2398,1,13,35,0.132042,0.353679
2399,2399,1,42,33,0.424043,0.337295
2400,2400,4,28,40,0.285519,0.406011
2401,2401,1,9,6,0.099911,0.062911
2402,2402,1,71,42,0.713284,0.421721
2403,2403,2,84,36,0.849297,0.362987
2404,2404,1,88,18,0.883489,0.183398
2405,2405,1,32,45,0.322855,0.459710
2406,2406,1,17,44,0.175099,0.444084
2407,2407,2,66,43,0.661395,0.435585
2408,2408,1,41,40,0.419064,0.402100
2409,2409,1,87,35,0.876981,0.351903
2410,2410,1,49,43,0.498550,0.435934
2411,2411,1,7,0,0.076013,0.005221
2412,2412,1,67,42,0.675998,0.421800
2413,2413,1,90,19,0.901644,0.199321
2414,2414,2,55,19,0.554446,0.193281
2415,2415,1,65,29,0.650775,0.294452
2416,2416,1,37,32,0.376649,0.325190
2417,2417,1,60,3,0.604981,0.039635
2418,2418,1,67,47,0.678834,0.471102
2419,2419,2,29,34,0.291702,0.348955
2420,2420,2,31,11,0.319370,0.113957
2421,2421,1,91,20,0.919586,0.209765
2422,2422,1,2,7,0.021588,0.073255
2423,2423,1,75,11,0.750827,0.116084
2424,2424,1,23,36,0.236420,0.361273
2425,2425,1,31,40,0.315177,0.407332
2426,2426,1,36,33,0.366842,0.339906
2427,2427,1,61,40,0.611848,0.400994
2428,2428,2,94,13,0.946248,0.137990
2429,2429,1,38,24,0.389677,0.246968
2430,2430,1,70,11,0.705372,0.115895
2431,2431,1,43,35,0.437668,0.354534
2432,2432,2,30,19,0.304355,0.194610
2433,2433,1,4,23,0.045468,0.239124
2434,2434,2,72,41,0.721913,0.414848
2435,2435,1,41,25,0.410478,0.256874
2436,2436,1,87,3,0.878232,0.030265
2437,2437,1,6,42,0.063652,0.427294
2438,2438,1,35,48,0.355613,0.481874
2439,2439,1,53,45,0.534078,0.452940
2440,2440,1,16,13,0.168585,0.135416
2441,2441,1,61,11,0.612454,0.115406
2442,2442,2,20,26,0.202506,0.261962
2443,2443,1,36,14,0.363706,0.148753
2444,2444,1,70,37,0.702746,0.375684
2445,2445,3,73,39,0.735433,0.394961
2446,2446,3,18,10,0.183153,0.103542
2447,2447,1,33,13,0.337272,0.135526
2448,2448,1,98,22,0.985438,0.220161
2449,2449,1,65,32,0.653032,0.320223
2450,2450,1,77,11,0.776318,0.114847
2451,2451,1,46,34,0.468901,0.348029
2452,2452,1,60,48,0.609131,0.484331
2453,2453,1,36,41,0.366615,0.411781
2454,2454,1,17,23,0.179850,0.231339
2455,2455,1,78,41,0.781262,0.415576
2456,2456,1,24,19,0.240976,0.193085
2457,2457,1,25,48,0.252209,0.481352
2458,2458,1,39,4,0.399770,0.049324
2459,2459,1,56,10,0.560489,0.102758
2460,2460,1,95,7,0.956219,0.071844
2461,2461,1,97,46,0.972075,0.465048
2462,2462,1,80,47,0.805732,0.476676
2463,2463,1,0,16,0.008740,0.168829
2464,2464,1,64,3,0.643316,0.034218
2465,2465,2,93,31,0.937065,0.315550
2466,2466,2,72,35,0.723327,0.358432
2467,2467,1,64,33,0.644837,0.332984
2468,2468,1,35,27,0.351765,0.276437
2469,2469,1,42,3,0.424332,0.036106
2470,2470,1,78,36,0.786355,0.364750
2471,2471,1,75,2,0.757733,0.027558
2472,2472,1,98,4,0.981800,0.044732
2473,2473,1,0,29,0.007794,0.296660
2474,2474,1,96,10,0.964641,0.104958
2475,2475,1,43,10,0.430134,0.107756
2476,2476,1,93,46,0.939781,0.469094
2477,2477,1,81,48,0.819267,0.480242
2478,2478,1,92,17,0.921412,0.174452
2479,2479,1,6,11,0.067567,0.112297
2480,2480,2,72,40,0.727548,0.403522
2481,2481,1,93,16,0.936019,0.167413
2482,2482,1,77,16,0.777401,0.160826
2483,2483,1,94,47,0.944901,0.471006
2484,2484,1,37,42,0.376066,0.427394
2485,2485,1,44,28,0.443548,0.287029
2486,2486,1,2,11,0.023572,0.114265
2487,2487,1,26,34,0.265126,0.349835
2488,2488,1,70,8,0.701064,0.089010
2489,2489,1,97,13,0.970580,0.131834
2490,2490,1,97,29,0.971152,0.290177
2491,2491,1,9,11,0.092963,0.119474
2492,2492,1,25,4,0.258404,0.044256
2493,2493,1,48,16,0.482181,0.164745
2494,2494,1,94,14,0.943931,0.146042
2495,2495,1,29,47,0.294545,0.473064
2496,2496,1,67,3,0.675128,0.032852
2497,2497,2,28,23,0.282543,0.236383
2498,2498,1,40,24,0.406700,0.244410
2499,2499,1,12,29,0.121061,0.292452
2500,2500,1,84,39,0.843506,0.391095
2501,2501,1,89,20,0.896863,0.209918
2502,2502,1,68,46,0.689867,0.461079
2503,2503,1,54,48,0.548042,0.483011
2504,2504,1,23,20,0.235206,0.208661
2505,2505,1,68,17,0.682521,0.171350
2506,2506,1,24,27,0.245976,0.277063
2507,2507,1,34,42,0.348802,0.424655
2508,2508,1,3,7,0.039548,0.076156
2509,2509,1,17,38,0.177618,0.388174
2510,2510,1,17,45,0.172115,0.456500
2511,2511,1,30,34,0.300126,0.347426
2512,2512,1,12,27,0.124863,0.272018
2513,2513,1,23,28,0.239358,0.289866
2514,2514,1,70,1,0.700639,0.018826
2515,2515,1,1,22,0.018928,0.223648
2516,2516,1,15,47,0.154663,0.471419
2517,2517,1,43,45,0.434998,0.455421
2518,2518,1,96,27,0.960580,0.270566
2519,2519,1,70,35,0.707757,0.356637
2520,2520,1,56,32,0.565131,0.322282
2521,2521,1,3,11,0.039935,0.114361
2522,2522,1,8,36,0.082395,0.360826
2523,2523,1,78,45,0.785374,0.458413
2524,2524,1,85,39,0.855272,0.394573
2525,2525,1,80,3,0.806128,0.039047
2526,2526,1,55,34,0.551802,0.340700
2527,2527,1,54,22,0.540227,0.228713
2528,2528,1,60,8,0.609133,0.084134
2529,2529,1,58,32,0.581601,0.322208
2530,2530,1,11,43,0.110067,0.432218
2531,2531,1,9,20,0.094660,0.205906
2532,2532,1,26,45,0.268224,0.450100
2533,2533,1,27,12,0.274481,0.121761
2534,2534,1,34,30,0.344810,0.306223
2535,2535,1,55,42,0.558393,0.422402
2536,2536,1,17,41,0.176524,0.413852
2537,2537,1,93,43,0.932489,0.437127
2538,2538,1,97,17,0.977022,0.172306
2539,2539,1,17,17,0.173978,0.176129
2540,2540,1,71,23,0.718125,0.238881
2541,2541,1,13,33,0.130626,0.336626
2542,2542,1,19,25,0.190548,0.254673
2543,2543,1,58,30,0.582065,0.308774
2544,2544,1,2,21,0.027503,0.218098
2545,2545,1,17,20,0.177869,0.205763
2546,2546,1,68,45,0.684379,0.457616
2547,2547,1,76,43,0.769093,0.433069
