trip_seconds,trip_miles,_#NO_CLASS#_
0.032581,0.017000,-1
0.017544,0.005000,-1
0.037594,0.011000,-1
0.002506,0.002000,-1
0.017544,0.005000,-1
0.017544,0.005000,-1
0.042607,0.023000,-1
0.012531,0.005000,-1
0.057644,0.047000,-1
0.012531,0.007000,-1
0.047619,0.018000,-1
0.042607,0.025000,-1
0.032581,0.015000,-1
0.012531,0.004000,-1
0.062657,0.044000,-1
0.052632,0.055000,-1
0.007519,0.000000,-1
0.012531,0.006000,-1
0.027569,0.029000,-1
0.032581,0.008000,-1
0.077694,0.029000,-1
0.062657,0.023000,-1
0.122807,0.177000,-1
0.022556,0.013000,-1
0.017544,0.011000,-1
0.022556,0.009000,-1
0.032581,0.017000,-1
0.027569,0.011000,-1
0.077694,0.019000,-1
0.037594,0.016000,-1
0.087719,0.166000,-1
0.057644,0.035000,-1
0.037594,0.016000,-1
0.052632,0.038000,-1
0.082707,0.083000,-1
0.017544,0.005000,-1
0.037594,0.015000,-1
0.062657,0.046000,-1
0.072682,0.026000,-1
0.192982,0.154000,-1
0.027569,0.013000,-1
0.017544,0.007000,-1
0.062657,0.046000,-1
0.057644,0.021000,-1
0.022556,0.006000,-1
0.027569,0.008000,-1
0.052632,0.069000,-1
0.027569,0.011000,-1
0.032581,0.009000,-1
0.027569,0.013000,-1
0.037594,0.021000,-1
0.037594,0.012000,-1
0.027569,0.021000,-1
0.042607,0.021000,-1
0.012531,0.007000,-1
0.017544,0.007000,-1
0.022556,0.006000,-1
0.022556,0.004000,-1
0.032581,0.017000,-1
0.032581,0.011000,-1
0.017544,0.012000,-1
0.022556,0.008000,-1
0.052632,0.056000,-1
0.022556,0.010000,-1
0.037594,0.022000,-1
0.077694,0.039000,-1
0.072682,0.056000,-1
0.057644,0.016000,-1
0.017544,0.009000,-1
0.052632,0.025000,-1
0.047619,0.015000,-1
0.067669,0.063000,-1
0.167920,0.146000,-1
0.027569,0.013000,-1
0.082707,0.039000,-1
0.042607,0.029000,-1
0.042607,0.016000,-1
0.127820,0.095000,-1
0.032581,0.011000,-1
0.027569,0.009000,-1
0.017544,0.007000,-1
0.052632,0.019000,-1
0.022556,0.009000,-1
0.012531,0.009000,-1
0.047619,0.023000,-1
0.062657,0.031000,-1
0.057644,0.024000,-1
0.012531,0.003000,-1
0.012531,0.007000,-1
0.062657,0.023000,-1
0.022556,0.013000,-1
0.037594,0.014000,-1
0.187970,0.167000,-1
0.102757,0.106000,-1
0.057644,0.021000,-1
0.052632,0.015000,-1
0.092732,0.077000,-1
0.062657,0.050000,-1
0.047619,0.018000,-1
0.032581,0.037000,-1
0.032581,0.015000,-1
0.012531,0.010000,-1
0.052632,0.032000,-1
0.097744,0.068000,-1
0.007519,0.004000,-1
0.037594,0.027000,-1
0.127820,0.107000,-1
0.017544,0.005000,-1
0.027569,0.011000,-1
0.092732,0.090000,-1
0.057644,0.042000,-1
0.022556,0.010000,-1
0.072682,0.031000,-1
0.142857,0.121000,-1
0.022556,0.010000,-1
0.047619,0.019000,-1
0.142857,0.075000,-1
0.022556,0.012000,-1
0.032581,0.009000,-1
0.203008,0.174000,-1
0.027569,0.012000,-1
0.062657,0.043000,-1
0.077694,0.086000,-1
0.072682,0.064000,-1
0.037594,0.026000,-1
0.037594,0.050000,-1
0.142857,0.128000,-1
0.042607,0.027000,-1
0.067669,0.041000,-1
0.032581,0.013000,-1
0.067669,0.024000,-1
0.047619,0.038000,-1
0.002506,0.001000,-1
0.012531,0.005000,-1
0.037594,0.008000,-1
0.012531,0.006000,-1
0.037594,0.010000,-1
0.022556,0.012000,-1
0.082707,0.117000,-1
0.122807,0.205000,-1
0.052632,0.032000,-1
0.032581,0.006000,-1
0.002506,0.000000,-1
0.032581,0.019000,-1
0.037594,0.012000,-1
0.032581,0.061000,-1
0.037594,0.031000,-1
0.097744,0.064000,-1
0.052632,0.031000,-1
0.052632,0.030000,-1
0.082707,0.033000,-1
0.017544,0.010000,-1
0.072682,0.026000,-1
0.042607,0.037000,-1
0.057644,0.026000,-1
0.037594,0.015000,-1
0.077694,0.016000,-1
0.092732,0.014000,-1
0.027569,0.008000,-1
0.042607,0.026000,-1
0.062657,0.016000,-1
0.177945,0.202000,-1
0.017544,0.008000,-1
0.087719,0.077000,-1
0.032581,0.013000,-1
0.017544,0.005000,-1
0.042607,0.035000,-1
0.027569,0.004000,-1
0.122807,0.049000,-1
0.022556,0.009000,-1
0.012531,0.005000,-1
0.042607,0.000000,-1
0.012531,0.006000,-1
0.027569,0.012000,-1
0.047619,0.019000,-1
0.032581,0.024000,-1
0.037594,0.027000,-1
0.187970,0.181000,-1
0.027569,0.012000,-1
0.077694,0.032000,-1
0.047619,0.017000,-1
0.137845,0.175000,-1
0.027569,0.013000,-1
0.087719,0.053000,-1
0.042607,0.012000,-1
0.042607,0.015000,-1
0.012531,0.004000,-1
0.012531,0.004000,-1
0.042607,0.021000,-1
0.002506,0.002000,-1
0.042607,0.038000,-1
0.047619,0.019000,-1
0.002506,0.001000,-1
0.037594,0.018000,-1
0.022556,0.013000,-1
0.022556,0.011000,-1
0.057644,0.029000,-1
0.062657,0.022000,-1
0.022556,0.013000,-1
0.102757,0.066000,-1
0.027569,0.012000,-1
0.027569,0.017000,-1
0.002506,0.003000,-1
0.263158,0.021000,-1
0.052632,0.020000,-1
0.047619,0.020000,-1
0.042607,0.016000,-1
0.042607,0.022000,-1
0.047619,0.066000,-1
0.037594,0.013000,-1
0.037594,0.020000,-1
0.052632,0.061000,-1
0.022556,0.006000,-1
0.062657,0.033000,-1
0.107769,0.068000,-1
0.037594,0.013000,-1
0.032581,0.010000,-1
0.062657,0.039000,-1
0.027569,0.011000,-1
0.132832,0.205000,-1
0.047619,0.014000,-1
0.042607,0.010000,-1
0.022556,0.005000,-1
0.027569,0.009000,-1
0.027569,0.010000,-1
0.027569,0.009000,-1
0.042607,0.021000,-1
0.057644,0.037000,-1
0.022556,0.010000,-1
0.042607,0.015000,-1
0.047619,0.026000,-1
0.052632,0.026000,-1
0.167920,0.172000,-1
0.027569,0.008000,-1
0.017544,0.008000,-1
0.007519,0.005000,-1
0.072682,0.031000,-1
0.047619,0.030000,-1
0.002506,0.004000,-1
0.027569,0.013000,-1
0.047619,0.021000,-1
0.097744,0.173000,-1
0.042607,0.012000,-1
0.007519,0.004000,-1
0.032581,0.031000,-1
0.077694,0.039000,-1
0.022556,0.009000,-1
0.057644,0.057000,-1
0.002506,0.000000,-1
0.077694,0.064000,-1
0.107769,0.181000,-1
0.047619,0.018000,-1
0.027569,0.007000,-1
0.052632,0.017000,-1
0.062657,0.064000,-1
0.107769,0.070000,-1
0.027569,0.013000,-1
0.032581,0.007000,-1
0.017544,0.005000,-1
0.047619,0.026000,-1
0.057644,0.040000,-1
0.102757,0.063000,-1
0.032581,0.011000,-1
0.062657,0.039000,-1
0.037594,0.006000,-1
0.107769,0.190000,-1
0.022556,0.010000,-1
0.047619,0.035000,-1
0.052632,0.019000,-1
0.027569,0.010000,-1
0.027569,0.013000,-1
0.042607,0.026000,-1
0.002506,0.004000,-1
0.112782,0.128000,-1
0.037594,0.026000,-1
0.037594,0.026000,-1
0.062657,0.036000,-1
0.027569,0.010000,-1
0.047619,0.017000,-1
0.052632,0.019000,-1
0.037594,0.022000,-1
0.107769,0.144000,-1
0.077694,0.016000,-1
0.067669,0.025000,-1
0.047619,0.018000,-1
0.037594,0.038000,-1
0.047619,0.041000,-1
0.017544,0.008000,-1
0.037594,0.015000,-1
0.102757,0.069000,-1
0.017544,0.007000,-1
0.022556,0.013000,-1
0.022556,0.005000,-1
0.052632,0.026000,-1
0.077694,0.036000,-1
0.057644,0.022000,-1
0.052632,0.018000,-1
0.072682,0.042000,-1
0.047619,0.041000,-1
0.057644,0.040000,-1
0.077694,0.035000,-1
0.027569,0.011000,-1
0.032581,0.019000,-1
0.022556,0.011000,-1
0.017544,0.007000,-1
0.037594,0.008000,-1
0.022556,0.006000,-1
0.042607,0.056000,-1
0.027569,0.010000,-1
0.042607,0.014000,-1
0.002506,0.005000,-1
0.037594,0.029000,-1
0.072682,0.029000,-1
0.052632,0.035000,-1
0.042607,0.017000,-1
0.032581,0.012000,-1
0.072682,0.038000,-1
0.027569,0.010000,-1
0.027569,0.012000,-1
0.012531,0.005000,-1
0.037594,0.031000,-1
0.027569,0.012000,-1
0.032581,0.016000,-1
0.052632,0.027000,-1
0.323308,0.665000,-1
0.027569,0.010000,-1
0.052632,0.030000,-1
0.077694,0.051000,-1
0.032581,0.010000,-1
0.072682,0.073000,-1
0.097744,0.073000,-1
0.032581,0.017000,-1
0.032581,0.017000,-1
0.017544,0.013000,-1
0.072682,0.107000,-1
0.022556,0.007000,-1
0.052632,0.019000,-1
0.007519,0.004000,-1
0.007519,0.002000,-1
0.017544,0.009000,-1
0.017544,0.006000,-1
0.037594,0.017000,-1
0.002506,0.030000,-1
0.122807,0.031000,-1
0.057644,0.031000,-1
0.067669,0.037000,-1
0.052632,0.022000,-1
0.057644,0.020000,-1
0.017544,0.009000,-1
0.142857,0.169000,-1
0.122807,0.095000,-1
0.047619,0.029000,-1
0.067669,0.017000,-1
0.032581,0.032000,-1
0.062657,0.030000,-1
0.132832,0.143000,-1
0.042607,0.016000,-1
0.047619,0.031000,-1
0.147870,0.048000,-1
0.037594,0.020000,-1
0.042607,0.019000,-1
0.067669,0.079000,-1
0.042607,0.008000,-1
0.037594,0.021000,-1
0.082707,0.025000,-1
0.027569,0.017000,-1
0.017544,0.004000,-1
0.047619,0.026000,-1
0.107769,0.030000,-1
0.027569,0.123000,-1
0.027569,0.015000,-1
0.042607,0.024000,-1
0.087719,0.020000,-1
0.102757,0.042000,-1
0.012531,0.005000,-1
0.052632,0.023000,-1
0.037594,0.020000,-1
0.017544,0.007000,-1
0.203008,0.171000,-1
0.017544,0.009000,-1
0.042607,0.017000,-1
0.037594,0.030000,-1
0.037594,0.016000,-1
0.037594,0.019000,-1
0.037594,0.015000,-1
0.057644,0.014000,-1
0.037594,0.013000,-1
0.097744,0.161000,-1
0.052632,0.036000,-1
0.042607,0.027000,-1
0.067669,0.025000,-1
0.022556,0.011000,-1
0.042607,0.007000,-1
0.017544,0.008000,-1
0.032581,0.023000,-1
0.047619,0.033000,-1
0.027569,0.009000,-1
0.007519,0.003000,-1
0.147870,0.402000,-1
0.017544,0.007000,-1
0.052632,0.011000,-1
0.122807,0.174000,-1
0.067669,0.038000,-1
0.182957,0.132000,-1
0.017544,0.004000,-1
0.162907,0.096000,-1
0.027569,0.016000,-1
0.032581,0.011000,-1
0.007519,0.003000,-1
0.017544,0.014000,-1
0.187970,0.168000,-1
0.072682,0.019000,-1
0.082707,0.068000,-1
0.047619,0.019000,-1
0.032581,0.009000,-1
0.132832,0.160000,-1
0.007519,0.005000,-1
0.042607,0.013000,-1
0.097744,0.130000,-1
0.032581,0.011000,-1
0.042607,0.036000,-1
0.132832,0.177000,-1
0.037594,0.022000,-1
0.182957,0.173000,-1
0.022556,0.014000,-1
0.147870,0.132000,-1
0.077694,0.028000,-1
0.097744,0.172000,-1
0.022556,0.011000,-1
0.057644,0.016000,-1
0.062657,0.032000,-1
0.077694,0.071000,-1
0.077694,0.120000,-1
0.057644,0.018000,-1
0.042607,0.019000,-1
0.037594,0.023000,-1
0.042607,0.041000,-1
0.042607,0.049000,-1
0.047619,0.041000,-1
0.022556,0.005000,-1
0.017544,0.006000,-1
0.147870,0.130000,-1
0.067669,0.048000,-1
0.112782,0.156000,-1
0.057644,0.011000,-1
0.022556,0.007000,-1
0.022556,0.009000,-1
0.017544,0.005000,-1
0.017544,0.007000,-1
0.022556,0.011000,-1
0.072682,0.028000,-1
0.012531,0.005000,-1
0.037594,0.015000,-1
0.032581,0.016000,-1
0.067669,0.035000,-1
0.032581,0.020000,-1
0.072682,0.039000,-1
0.092732,0.103000,-1
0.027569,0.012000,-1
0.047619,0.022000,-1
0.032581,0.011000,-1
0.047619,0.019000,-1
0.032581,0.019000,-1
0.087719,0.034000,-1
0.072682,0.054000,-1
0.007519,0.008000,-1
0.017544,0.004000,-1
0.072682,0.060000,-1
0.032581,0.020000,-1
0.032581,0.016000,-1
0.052632,0.017000,-1
0.067669,0.037000,-1
0.087719,0.060000,-1
0.112782,0.108000,-1
0.032581,0.035000,-1
0.027569,0.010000,-1
0.027569,0.011000,-1
0.012531,0.005000,-1
0.017544,0.009000,-1
0.042607,0.014000,-1
0.062657,0.046000,-1
0.047619,0.012000,-1
0.067669,0.033000,-1
0.032581,0.015000,-1
0.077694,0.058000,-1
0.112782,0.033000,-1
0.042607,0.019000,-1
0.087719,0.055000,-1
0.107769,0.178000,-1
0.007519,0.004000,-1
0.157895,0.053000,-1
0.152882,0.177000,-1
0.022556,0.008000,-1
0.027569,0.008000,-1
0.037594,0.025000,-1
0.032581,0.018000,-1
0.017544,0.014000,-1
0.012531,0.008000,-1
0.047619,0.015000,-1
0.047619,0.014000,-1
0.057644,0.029000,-1
0.012531,0.003000,-1
0.032581,0.034000,-1
0.167920,0.149000,-1
0.037594,0.020000,-1
0.007519,0.004000,-1
0.092732,0.131000,-1
0.082707,0.024000,-1
0.047619,0.040000,-1
0.132832,0.064000,-1
0.042607,0.029000,-1
0.062657,0.029000,-1
0.012531,0.006000,-1
0.032581,0.013000,-1
0.027569,0.016000,-1
0.022556,0.008000,-1
0.117794,0.056000,-1
0.107769,0.129000,-1
0.017544,0.006000,-1
0.017544,0.007000,-1
0.052632,0.017000,-1
0.027569,0.010000,-1
0.037594,0.023000,-1
0.127820,0.076000,-1
0.047619,0.017000,-1
0.097744,0.046000,-1
0.017544,0.015000,-1
0.017544,0.010000,-1
0.037594,0.021000,-1
0.062657,0.038000,-1
0.032581,0.026000,-1
0.052632,0.030000,-1
0.022556,0.010000,-1
0.017544,0.011000,-1
0.057644,0.028000,-1
0.032581,0.005000,-1
0.107769,0.104000,-1
0.032581,0.011000,-1
0.017544,0.007000,-1
0.087719,0.032000,-1
0.017544,0.007000,-1
0.077694,0.142000,-1
0.007519,0.008000,-1
0.027569,0.015000,-1
0.072682,0.030000,-1
0.047619,0.034000,-1
0.082707,0.101000,-1
0.057644,0.030000,-1
0.057644,0.031000,-1
0.027569,0.013000,-1
0.077694,0.018000,-1
0.067669,0.053000,-1
0.228070,0.138000,-1
0.052632,0.011000,-1
0.087719,0.038000,-1
0.022556,0.003000,-1
0.162907,0.189000,-1
0.032581,0.029000,-1
0.017544,0.005000,-1
0.022556,0.036000,-1
0.012531,0.004000,-1
0.017544,0.006000,-1
0.012531,0.004000,-1
0.032581,0.012000,-1
0.067669,0.020000,-1
0.213033,0.329000,-1
0.047619,0.013000,-1
0.007519,0.003000,-1
0.027569,0.009000,-1
0.022556,0.008000,-1
0.097744,0.054000,-1
0.097744,0.062000,-1
0.077694,0.030000,-1
0.027569,0.021000,-1
0.032581,0.014000,-1
0.037594,0.025000,-1
0.032581,0.015000,-1
0.057644,0.029000,-1
0.082707,0.073000,-1
0.012531,0.007000,-1
0.037594,0.012000,-1
0.057644,0.029000,-1
0.027569,0.015000,-1
0.072682,0.048000,-1
0.017544,0.007000,-1
0.142857,0.148000,-1
0.127820,0.058000,-1
0.047619,0.026000,-1
0.032581,0.009000,-1
0.027569,0.022000,-1
0.047619,0.023000,-1
0.137845,0.112000,-1
0.067669,0.040000,-1
0.047619,0.011000,-1
0.097744,0.069000,-1
0.042607,0.031000,-1
0.047619,0.009000,-1
0.017544,0.062000,-1
0.052632,0.017000,-1
0.027569,0.017000,-1
0.012531,0.004000,-1
0.042607,0.060000,-1
0.017544,0.008000,-1
0.067669,0.041000,-1
0.007519,0.006000,-1
0.002506,0.000000,-1
0.057644,0.031000,-1
0.107769,0.080000,-1
0.002506,0.000000,-1
0.092732,0.051000,-1
0.052632,0.020000,-1
0.072682,0.032000,-1
0.022556,0.014000,-1
0.157895,0.091000,-1
0.077694,0.032000,-1
0.017544,0.006000,-1
0.057644,0.015000,-1
0.052632,0.032000,-1
0.012531,0.005000,-1
0.022556,0.009000,-1
0.027569,0.051000,-1
0.057644,0.017000,-1
0.042607,0.039000,-1
0.057644,0.027000,-1
0.057644,0.028000,-1
0.037594,0.019000,-1
0.057644,0.032000,-1
0.132832,0.052000,-1
0.042607,0.026000,-1
0.022556,0.011000,-1
0.343358,0.002000,-1
0.072682,0.036000,-1
0.012531,0.014000,-1
0.097744,0.077000,-1
0.107769,0.146000,-1
0.087719,0.021000,-1
0.022556,0.009000,-1
0.022556,0.012000,-1
0.027569,0.013000,-1
0.027569,0.027000,-1
0.037594,0.006000,-1
0.022556,0.013000,-1
0.027569,0.011000,-1
0.017544,0.005000,-1
0.022556,0.006000,-1
0.052632,0.026000,-1
0.027569,0.012000,-1
0.032581,0.012000,-1
0.062657,0.031000,-1
0.117794,0.110000,-1
0.072682,0.070000,-1
0.062657,0.031000,-1
0.032581,0.015000,-1
0.037594,0.018000,-1
0.017544,0.007000,-1
0.012531,0.007000,-1
0.092732,0.090000,-1
0.082707,0.071000,-1
0.002506,0.000000,-1
0.027569,0.016000,-1
0.067669,0.041000,-1
0.047619,0.024000,-1
0.037594,0.016000,-1
0.057644,0.031000,-1
0.037594,0.013000,-1
0.067669,0.099000,-1
0.072682,0.065000,-1
0.032581,0.013000,-1
0.022556,0.012000,-1
0.042607,0.013000,-1
0.057644,0.027000,-1
0.042607,0.011000,-1
0.072682,0.040000,-1
0.057644,0.060000,-1
0.107769,0.140000,-1
0.067669,0.043000,-1
0.052632,0.017000,-1
0.062657,0.049000,-1
0.042607,0.006000,-1
0.067669,0.038000,-1
0.022556,0.012000,-1
0.022556,0.009000,-1
0.218045,0.331000,-1
0.182957,0.169000,-1
0.047619,0.019000,-1
0.022556,0.015000,-1
0.132832,0.126000,-1
0.017544,0.007000,-1
0.092732,0.124000,-1
0.057644,0.029000,-1
0.052632,0.036000,-1
0.017544,0.010000,-1
0.067669,0.038000,-1
0.032581,0.011000,-1
0.017544,0.015000,-1
0.032581,0.020000,-1
0.082707,0.020000,-1
0.012531,0.009000,-1
0.027569,0.011000,-1
0.047619,0.018000,-1
0.067669,0.017000,-1
0.047619,0.016000,-1
0.052632,0.017000,-1
0.052632,0.013000,-1
0.072682,0.031000,-1
0.223058,0.166000,-1
0.072682,0.030000,-1
0.032581,0.034000,-1
0.032581,0.010000,-1
0.017544,0.007000,-1
0.022556,0.011000,-1
0.022556,0.009000,-1
0.047619,0.017000,-1
0.037594,0.013000,-1
0.042607,0.020000,-1
0.107769,0.177000,-1
0.017544,0.008000,-1
0.037594,0.039000,-1
0.012531,0.006000,-1
0.042607,0.014000,-1
0.052632,0.027000,-1
0.012531,0.004000,-1
0.022556,0.013000,-1
0.062657,0.029000,-1
0.007519,0.003000,-1
0.037594,0.015000,-1
0.072682,0.047000,-1
0.012531,0.010000,-1
0.007519,0.004000,-1
0.052632,0.013000,-1
0.027569,0.015000,-1
0.037594,0.016000,-1
0.032581,0.013000,-1
0.142857,0.046000,-1
0.017544,0.009000,-1
0.022556,0.003000,-1
0.032581,0.015000,-1
0.087719,0.068000,-1
0.017544,0.006000,-1
0.067669,0.034000,-1
0.062657,0.025000,-1
0.162907,0.062000,-1
0.052632,0.047000,-1
0.117794,0.078000,-1
0.067669,0.042000,-1
0.032581,0.007000,-1
0.042607,0.017000,-1
0.017544,0.007000,-1
0.062657,0.072000,-1
0.012531,0.005000,-1
0.027569,0.013000,-1
0.027569,0.013000,-1
0.037594,0.014000,-1
0.057644,0.041000,-1
0.082707,0.040000,-1
0.082707,0.133000,-1
0.037594,0.024000,-1
0.062657,0.028000,-1
0.067669,0.030000,-1
0.067669,0.035000,-1
0.062657,0.082000,-1
0.122807,0.137000,-1
0.062657,0.034000,-1
0.062657,0.028000,-1
0.062657,0.034000,-1
0.052632,0.020000,-1
0.017544,0.005000,-1
0.067669,0.018000,-1
0.022556,0.061000,-1
0.042607,0.017000,-1
0.027569,0.014000,-1
0.032581,0.011000,-1
0.238095,0.186000,-1
0.077694,0.007000,-1
0.067669,0.046000,-1
0.022556,0.011000,-1
0.087719,0.032000,-1
0.047619,0.016000,-1
0.022556,0.006000,-1
0.082707,0.073000,-1
0.047619,0.041000,-1
0.107769,0.057000,-1
0.037594,0.010000,-1
0.032581,0.010000,-1
0.137845,0.122000,-1
0.057644,0.014000,-1
0.052632,0.034000,-1
0.022556,0.010000,-1
0.027569,0.010000,-1
0.012531,0.005000,-1
0.032581,0.016000,-1
0.027569,0.011000,-1
0.087719,0.026000,-1
0.147870,0.120000,-1
0.037594,0.022000,-1
0.062657,0.018000,-1
0.032581,0.006000,-1
0.027569,0.010000,-1
0.012531,0.003000,-1
0.052632,0.020000,-1
0.012531,0.007000,-1
0.007519,0.007000,-1
0.017544,0.009000,-1
0.067669,0.080000,-1
0.037594,0.018000,-1
0.077694,0.078000,-1
0.012531,0.005000,-1
0.052632,0.062000,-1
0.032581,0.017000,-1
0.017544,0.008000,-1
0.027569,0.013000,-1
0.022556,0.023000,-1
0.087719,0.035000,-1
0.177945,0.151000,-1
0.027569,0.010000,-1
0.162907,0.081000,-1
0.027569,0.009000,-1
0.017544,0.007000,-1
0.017544,0.012000,-1
0.067669,0.029000,-1
0.062657,0.013000,-1
0.042607,0.009000,-1
0.007519,0.003000,-1
0.047619,0.024000,-1
0.067669,0.056000,-1
0.072682,0.026000,-1
0.107769,0.138000,-1
0.017544,0.009000,-1
0.042607,0.039000,-1
0.052632,0.045000,-1
0.027569,0.006000,-1
0.032581,0.025000,-1
0.022556,0.011000,-1
0.007519,0.005000,-1
0.007519,0.001000,-1
0.022556,0.011000,-1
0.077694,0.030000,-1
0.042607,0.022000,-1
0.037594,0.011000,-1
0.012531,0.007000,-1
0.057644,0.022000,-1
0.017544,0.007000,-1
0.027569,0.010000,-1
0.027569,0.012000,-1
0.017544,0.013000,-1
0.197995,0.170000,-1
0.042607,0.052000,-1
0.037594,0.014000,-1
0.122807,0.051000,-1
0.082707,0.082000,-1
0.022556,0.011000,-1
0.022556,0.005000,-1
0.017544,0.010000,-1
0.062657,0.028000,-1
0.047619,0.043000,-1
0.072682,0.066000,-1
0.027569,0.016000,-1
0.017544,0.005000,-1
0.077694,0.111000,-1
0.102757,0.176000,-1
0.032581,0.013000,-1
0.087719,0.071000,-1
0.052632,0.008000,-1
0.057644,0.027000,-1
0.022556,0.008000,-1
0.057644,0.034000,-1
0.067669,0.036000,-1
0.032581,0.013000,-1
0.057644,0.054000,-1
0.142857,0.176000,-1
0.032581,0.011000,-1
0.047619,0.016000,-1
0.007519,0.004000,-1
0.032581,0.015000,-1
0.107769,0.038000,-1
0.002506,0.000000,-1
0.157895,0.117000,-1
0.017544,0.010000,-1
0.047619,0.024000,-1
0.057644,0.020000,-1
0.037594,0.008000,-1
0.057644,0.019000,-1
0.027569,0.008000,-1
0.107769,0.103000,-1
0.117794,0.149000,-1
0.017544,0.012000,-1
0.037594,0.019000,-1
0.067669,0.053000,-1
0.157895,0.247000,-1
0.037594,0.007000,-1
0.032581,0.011000,-1
0.092732,0.067000,-1
0.022556,0.011000,-1
0.127820,0.069000,-1
0.077694,0.048000,-1
0.037594,0.013000,-1
0.022556,0.016000,-1
0.042607,0.044000,-1
0.072682,0.037000,-1
0.072682,0.030000,-1
0.072682,0.077000,-1
0.047619,0.015000,-1
0.117794,0.077000,-1
0.027569,0.016000,-1
0.027569,0.023000,-1
0.022556,0.009000,-1
0.017544,0.007000,-1
0.072682,0.072000,-1
0.037594,0.016000,-1
0.077694,0.035000,-1
0.012531,0.010000,-1
0.042607,0.047000,-1
0.052632,0.022000,-1
0.047619,0.012000,-1
0.042607,0.033000,-1
0.097744,0.080000,-1
0.022556,0.008000,-1
0.052632,0.029000,-1
0.032581,0.016000,-1
0.042607,0.034000,-1
0.027569,0.015000,-1
0.157895,0.141000,-1
0.112782,0.052000,-1
0.012531,0.005000,-1
0.047619,0.019000,-1
0.263158,0.439000,-1
0.037594,0.030000,-1
0.067669,0.049000,-1
0.072682,0.040000,-1
0.027569,0.017000,-1
0.027569,0.011000,-1
0.092732,0.062000,-1
0.052632,0.042000,-1
0.102757,0.068000,-1
0.052632,0.045000,-1
0.122807,0.181000,-1
0.233083,0.140000,-1
0.037594,0.019000,-1
0.037594,0.017000,-1
0.037594,0.019000,-1
0.052632,0.037000,-1
0.007519,0.004000,-1
0.047619,0.017000,-1
0.027569,0.010000,-1
0.052632,0.031000,-1
0.022556,0.012000,-1
0.072682,0.031000,-1
0.037594,0.009000,-1
0.047619,0.015000,-1
0.072682,0.040000,-1
0.032581,0.010000,-1
0.047619,0.013000,-1
0.042607,0.012000,-1
0.012531,0.005000,-1
0.187970,0.160000,-1
0.047619,0.012000,-1
0.012531,0.004000,-1
0.087719,0.037000,-1
0.062657,0.064000,-1
0.017544,0.007000,-1
0.052632,0.023000,-1
0.022556,0.009000,-1
0.032581,0.023000,-1
0.012531,0.004000,-1
0.052632,0.029000,-1
0.047619,0.022000,-1
0.037594,0.013000,-1
0.007519,0.009000,-1
0.022556,0.007000,-1
0.067669,0.030000,-1
0.067669,0.067000,-1
0.037594,0.013000,-1
0.007519,0.004000,-1
0.032581,0.011000,-1
0.027569,0.019000,-1
0.022556,0.013000,-1
0.042607,0.042000,-1
0.017544,0.009000,-1
0.062657,0.062000,-1
0.062657,0.020000,-1
0.042607,0.029000,-1
0.032581,0.006000,-1
0.022556,0.017000,-1
0.007519,0.005000,-1
0.072682,0.045000,-1
0.047619,0.038000,-1
0.027569,0.009000,-1
0.117794,0.180000,-1
0.027569,0.011000,-1
0.027569,0.013000,-1
0.057644,0.029000,-1
0.062657,0.028000,-1
0.032581,0.014000,-1
0.042607,0.016000,-1
0.112782,0.089000,-1
0.062657,0.031000,-1
0.012531,0.008000,-1
0.042607,0.019000,-1
0.012531,0.007000,-1
0.022556,0.011000,-1
0.097744,0.029000,-1
0.002506,0.004000,-1
0.007519,0.002000,-1
0.092732,0.025000,-1
0.032581,0.014000,-1
0.007519,0.005000,-1
0.052632,0.060000,-1
0.092732,0.099000,-1
0.052632,0.021000,-1
0.092732,0.076000,-1
0.037594,0.016000,-1
0.077694,0.053000,-1
0.022556,0.006000,-1
0.007519,0.004000,-1
0.002506,0.000000,-1
0.052632,0.032000,-1
0.017544,0.007000,-1
0.027569,0.009000,-1
0.077694,0.054000,-1
0.017544,0.013000,-1
0.042607,0.013000,-1
0.092732,0.083000,-1
0.017544,0.008000,-1
0.052632,0.036000,-1
0.047619,0.027000,-1
0.032581,0.012000,-1
0.047619,0.009000,-1
0.067669,0.026000,-1
0.022556,0.019000,-1
0.007519,0.004000,-1
0.037594,0.014000,-1
0.037594,0.036000,-1
0.087719,0.048000,-1
0.072682,0.087000,-1
0.027569,0.016000,-1
0.052632,0.014000,-1
0.117794,0.125000,-1
0.122807,0.008000,-1
0.027569,0.022000,-1
0.052632,0.052000,-1
0.082707,0.056000,-1
0.047619,0.030000,-1
0.027569,0.010000,-1
0.087719,0.106000,-1
0.017544,0.009000,-1
0.027569,0.014000,-1
0.057644,0.033000,-1
0.142857,0.050000,-1
0.027569,0.015000,-1
0.007519,0.005000,-1
0.137845,0.214000,-1
0.017544,0.006000,-1
0.042607,0.022000,-1
0.117794,0.049000,-1
0.037594,0.033000,-1
0.012531,0.009000,-1
0.027569,0.009000,-1
0.052632,0.032000,-1
0.082707,0.020000,-1
0.017544,0.046000,-1
0.017544,0.007000,-1
0.072682,0.042000,-1
0.087719,0.105000,-1
0.022556,0.009000,-1
0.047619,0.026000,-1
0.042607,0.089000,-1
0.022556,0.009000,-1
0.062657,0.036000,-1
0.057644,0.032000,-1
0.022556,0.007000,-1
0.032581,0.027000,-1
0.032581,0.017000,-1
0.032581,0.016000,-1
0.097744,0.062000,-1
0.022556,0.007000,-1
0.072682,0.019000,-1
0.052632,0.027000,-1
0.057644,0.048000,-1
0.042607,0.019000,-1
0.197995,0.152000,-1
0.002506,0.003000,-1
0.002506,0.000000,-1
0.032581,0.010000,-1
0.042607,0.009000,-1
0.017544,0.005000,-1
0.182957,0.284000,-1
0.032581,0.017000,-1
0.047619,0.058000,-1
0.017544,0.010000,-1
0.057644,0.018000,-1
0.032581,0.012000,-1
0.032581,0.010000,-1
0.052632,0.018000,-1
0.077694,0.054000,-1
0.012531,0.008000,-1
0.012531,0.007000,-1
0.092732,0.092000,-1
0.027569,0.011000,-1
0.052632,0.010000,-1
0.037594,0.037000,-1
0.243108,0.204000,-1
0.027569,0.007000,-1
0.022556,0.014000,-1
0.007519,0.004000,-1
0.037594,0.035000,-1
0.062657,0.032000,-1
0.037594,0.018000,-1
0.042607,0.022000,-1
0.047619,0.019000,-1
0.082707,0.020000,-1
0.047619,0.011000,-1
0.117794,0.069000,-1
0.037594,0.042000,-1
0.192982,0.171000,-1
0.042607,0.013000,-1
0.037594,0.013000,-1
0.082707,0.046000,-1
0.052632,0.017000,-1
0.057644,0.017000,-1
0.047619,0.048000,-1
0.037594,0.025000,-1
0.047619,0.031000,-1
0.062657,0.033000,-1
0.012531,0.009000,-1
0.042607,0.016000,-1
0.027569,0.007000,-1
0.012531,0.007000,-1
0.037594,0.011000,-1
0.032581,0.021000,-1
0.042607,0.009000,-1
0.042607,0.021000,-1
0.052632,0.031000,-1
0.052632,0.023000,-1
0.077694,0.039000,-1
0.012531,0.005000,-1
0.167920,0.123000,-1
0.092732,0.169000,-1
0.017544,0.008000,-1
0.132832,0.179000,-1
0.253133,0.198000,-1
0.167920,0.177000,-1
0.017544,0.011000,-1
0.047619,0.037000,-1
0.022556,0.010000,-1
0.017544,0.008000,-1
0.037594,0.018000,-1
0.042607,0.017000,-1
0.007519,0.003000,-1
0.067669,0.048000,-1
0.097744,0.170000,-1
0.012531,0.005000,-1
0.002506,0.003000,-1
0.052632,0.043000,-1
0.112782,0.145000,-1
6.253133,0.009000,-1
0.012531,0.008000,-1
0.072682,0.026000,-1
0.052632,0.020000,-1
0.052632,0.014000,-1
0.102757,0.170000,-1
0.077694,0.128000,-1
0.037594,0.015000,-1
0.233083,0.175000,-1
0.203008,0.151000,-1
0.022556,0.026000,-1
0.052632,0.024000,-1
0.072682,0.032000,-1
0.027569,0.016000,-1
0.127820,0.129000,-1
0.012531,0.009000,-1
0.177945,0.175000,-1
0.032581,0.013000,-1
0.012531,0.008000,-1
0.032581,0.016000,-1
0.062657,0.013000,-1
0.052632,0.043000,-1
0.037594,0.018000,-1
0.032581,0.014000,-1
0.022556,0.006000,-1
0.037594,0.009000,-1
0.057644,0.019000,-1
0.017544,0.005000,-1
0.032581,0.025000,-1
0.087719,0.025000,-1
0.027569,0.014000,-1
0.228070,0.155000,-1
0.042607,0.011000,-1
0.037594,0.009000,-1
0.037594,0.020000,-1
0.022556,0.009000,-1
0.042607,0.019000,-1
0.077694,0.104000,-1
0.022556,0.014000,-1
0.022556,0.009000,-1
0.057644,0.029000,-1
0.042607,0.025000,-1
0.067669,0.041000,-1
0.037594,0.028000,-1
0.278195,0.173000,-1
0.007519,0.004000,-1
0.022556,0.007000,-1
0.037594,0.043000,-1
0.057644,0.040000,-1
0.052632,0.019000,-1
0.012531,0.004000,-1
0.092732,0.066000,-1
0.037594,0.010000,-1
0.027569,0.015000,-1
0.007519,0.005000,-1
0.012531,0.004000,-1
0.032581,0.012000,-1
0.037594,0.016000,-1
0.017544,0.007000,-1
0.102757,0.042000,-1
0.197995,0.165000,-1
0.062657,0.059000,-1
0.032581,0.010000,-1
0.037594,0.019000,-1
0.117794,0.130000,-1
0.027569,0.014000,-1
0.047619,0.007000,-1
0.017544,0.006000,-1
0.082707,0.076000,-1
0.022556,0.008000,-1
0.032581,0.012000,-1
0.027569,0.012000,-1
0.072682,0.056000,-1
0.017544,0.010000,-1
0.052632,0.027000,-1
0.037594,0.014000,-1
0.037594,0.011000,-1
0.037594,0.010000,-1
0.082707,0.013000,-1
0.102757,0.069000,-1
0.067669,0.066000,-1
0.032581,0.037000,-1
0.037594,0.032000,-1
0.102757,0.132000,-1
0.032581,0.014000,-1
0.072682,0.045000,-1
0.017544,0.009000,-1
0.032581,0.009000,-1
0.077694,0.043000,-1
0.097744,0.092000,-1
0.027569,0.034000,-1
0.032581,0.011000,-1
0.017544,0.008000,-1
0.007519,0.007000,-1
0.037594,0.013000,-1
0.012531,0.009000,-1
0.042607,0.010000,-1
0.027569,0.019000,-1
0.087719,0.072000,-1
0.032581,0.012000,-1
0.147870,0.170000,-1
0.037594,0.017000,-1
0.208020,0.037000,-1
0.097744,0.163000,-1
0.293233,0.152000,-1
0.042607,0.039000,-1
0.027569,0.011000,-1
0.022556,0.007000,-1
0.002506,0.002000,-1
0.047619,0.037000,-1
0.037594,0.016000,-1
0.047619,0.005000,-1
0.067669,0.037000,-1
0.027569,0.013000,-1
0.167920,0.082000,-1
0.007519,0.003000,-1
0.037594,0.026000,-1
0.052632,0.022000,-1
0.102757,0.094000,-1
0.017544,0.006000,-1
0.027569,0.011000,-1
0.087719,0.170000,-1
0.012531,0.003000,-1
0.042607,0.018000,-1
0.022556,0.011000,-1
0.107769,0.119000,-1
0.057644,0.041000,-1
0.047619,0.001000,-1
0.077694,0.061000,-1
0.042607,0.013000,-1
0.152882,0.191000,-1
0.082707,0.075000,-1
0.027569,0.008000,-1
0.027569,0.012000,-1
0.137845,0.059000,-1
0.032581,0.027000,-1
0.057644,0.026000,-1
0.037594,0.043000,-1
0.047619,0.034000,-1
0.052632,0.055000,-1
0.032581,0.008000,-1
0.082707,0.071000,-1
0.022556,0.004000,-1
0.102757,0.063000,-1
0.228070,0.086000,-1
0.052632,0.017000,-1
0.022556,0.006000,-1
0.072682,0.040000,-1
0.037594,0.012000,-1
0.208020,0.137000,-1
0.032581,0.024000,-1
0.022556,0.008000,-1
0.062657,0.035000,-1
0.077694,0.025000,-1
0.012531,0.004000,-1
0.017544,0.009000,-1
0.052632,0.018000,-1
0.002506,0.002000,-1
0.027569,0.005000,-1
0.062657,0.023000,-1
0.117794,0.176000,-1
0.077694,0.043000,-1
0.107769,0.132000,-1
0.102757,0.085000,-1
0.112782,0.114000,-1
0.032581,0.015000,-1
0.012531,0.009000,-1
0.062657,0.038000,-1
0.007519,0.003000,-1
0.057644,0.033000,-1
0.082707,0.029000,-1
0.022556,0.011000,-1
0.027569,0.010000,-1
0.032581,0.033000,-1
0.162907,0.164000,-1
0.062657,0.066000,-1
0.012531,0.008000,-1
0.042607,0.019000,-1
0.127820,0.129000,-1
0.037594,0.009000,-1
0.027569,0.008000,-1
0.052632,0.016000,-1
0.042607,0.017000,-1
0.067669,0.038000,-1
0.022556,0.014000,-1
0.117794,0.240000,-1
0.002506,0.000000,-1
0.062657,0.032000,-1
0.032581,0.011000,-1
0.047619,0.032000,-1
0.162907,0.145000,-1
0.112782,0.029000,-1
0.007519,0.005000,-1
0.067669,0.028000,-1
0.072682,0.037000,-1
0.087719,0.065000,-1
0.162907,0.320000,-1
0.037594,0.033000,-1
0.137845,0.062000,-1
0.037594,0.021000,-1
0.057644,0.064000,-1
0.022556,0.012000,-1
0.032581,0.014000,-1
0.022556,0.011000,-1
0.122807,0.177000,-1
0.027569,0.004000,-1
0.167920,0.130000,-1
0.037594,0.042000,-1
0.007519,0.005000,-1
0.042607,0.018000,-1
0.112782,0.085000,-1
0.057644,0.076000,-1
0.137845,0.177000,-1
0.097744,0.106000,-1
0.042607,0.023000,-1
0.022556,0.006000,-1
0.062657,0.045000,-1
0.012531,0.004000,-1
0.067669,0.034000,-1
0.052632,0.018000,-1
0.067669,0.058000,-1
0.022556,0.012000,-1
0.072682,0.060000,-1
0.102757,0.173000,-1
0.022556,0.011000,-1
0.017544,0.026000,-1
0.072682,0.004000,-1
0.032581,0.012000,-1
0.027569,0.013000,-1
0.032581,0.020000,-1
0.052632,0.030000,-1
0.022556,0.010000,-1
0.283208,0.177000,-1
0.007519,0.006000,-1
0.057644,0.060000,-1
0.102757,0.172000,-1
0.062657,0.017000,-1
0.072682,0.040000,-1
0.022556,0.008000,-1
0.137845,0.077000,-1
0.042607,0.014000,-1
0.097744,0.046000,-1
0.027569,0.011000,-1
0.027569,0.038000,-1
0.047619,0.037000,-1
0.017544,0.008000,-1
0.052632,0.026000,-1
0.132832,0.175000,-1
0.012531,0.005000,-1
0.017544,0.009000,-1
0.037594,0.011000,-1
0.022556,0.011000,-1
0.057644,0.026000,-1
0.067669,0.036000,-1
0.052632,0.023000,-1
0.017544,0.006000,-1
0.027569,0.009000,-1
0.037594,0.016000,-1
0.042607,0.019000,-1
0.047619,0.036000,-1
0.152882,0.181000,-1
0.032581,0.013000,-1
0.062657,0.029000,-1
0.077694,0.019000,-1
0.092732,0.061000,-1
0.087719,0.099000,-1
0.042607,0.015000,-1
0.032581,0.016000,-1
0.017544,0.006000,-1
0.022556,0.010000,-1
0.102757,0.043000,-1
0.017544,0.006000,-1
0.032581,0.009000,-1
0.112782,0.091000,-1
0.062657,0.043000,-1
0.027569,0.009000,-1
0.032581,0.010000,-1
0.147870,0.045000,-1
0.037594,0.021000,-1
0.052632,0.036000,-1
0.072682,0.063000,-1
0.057644,0.035000,-1
0.042607,0.015000,-1
0.012531,0.007000,-1
0.052632,0.043000,-1
0.037594,0.027000,-1
0.087719,0.045000,-1
0.012531,0.001000,-1
0.042607,0.021000,-1
0.032581,0.020000,-1
0.032581,0.013000,-1
0.027569,0.013000,-1
0.007519,0.004000,-1
0.122807,0.047000,-1
0.057644,0.032000,-1
0.182957,0.148000,-1
0.017544,0.011000,-1
0.037594,0.015000,-1
0.057644,0.034000,-1
0.037594,0.019000,-1
0.012531,0.004000,-1
0.042607,0.001000,-1
0.017544,0.008000,-1
0.042607,0.020000,-1
0.032581,0.009000,-1
0.062657,0.046000,-1
0.022556,0.009000,-1
0.067669,0.033000,-1
0.022556,0.009000,-1
0.027569,0.010000,-1
0.032581,0.041000,-1
0.032581,0.034000,-1
0.052632,0.023000,-1
0.037594,0.014000,-1
0.037594,0.018000,-1
0.022556,0.006000,-1
0.087719,0.025000,-1
0.042607,0.014000,-1
0.052632,0.009000,-1
0.032581,0.013000,-1
0.087719,0.038000,-1
0.027569,0.019000,-1
0.017544,0.006000,-1
0.037594,0.028000,-1
0.042607,0.025000,-1
0.062657,0.037000,-1
0.037594,0.022000,-1
0.067669,0.010000,-1
0.022556,0.007000,-1
0.102757,0.041000,-1
0.017544,0.010000,-1
0.022556,0.007000,-1
0.052632,0.018000,-1
0.062657,0.048000,-1
0.047619,0.022000,-1
0.032581,0.018000,-1
0.022556,0.010000,-1
0.117794,0.054000,-1
0.017544,0.012000,-1
0.062657,0.023000,-1
0.002506,0.007000,-1
0.027569,0.008000,-1
0.112782,0.074000,-1
0.017544,0.008000,-1
0.087719,0.023000,-1
0.062657,0.026000,-1
0.032581,0.013000,-1
0.027569,0.005000,-1
0.027569,0.012000,-1
0.067669,0.033000,-1
0.037594,0.013000,-1
0.042607,0.022000,-1
0.047619,0.013000,-1
0.037594,0.012000,-1
0.092732,0.063000,-1
0.152882,0.066000,-1
0.152882,0.177000,-1
0.012531,0.015000,-1
0.012531,0.006000,-1
0.012531,0.006000,-1
0.037594,0.020000,-1
0.082707,0.069000,-1
0.077694,0.024000,-1
0.027569,0.015000,-1
0.017544,0.007000,-1
0.067669,0.032000,-1
0.087719,0.024000,-1
0.027569,0.012000,-1
0.037594,0.015000,-1
0.012531,0.006000,-1
0.057644,0.016000,-1
0.092732,0.047000,-1
0.087719,0.048000,-1
0.022556,0.006000,-1
0.062657,0.030000,-1
0.022556,0.014000,-1
0.012531,0.006000,-1
0.022556,0.009000,-1
0.017544,0.005000,-1
0.027569,0.014000,-1
2.293233,0.000000,-1
0.062657,0.026000,-1
0.027569,0.013000,-1
0.007519,0.007000,-1
0.027569,0.011000,-1
0.072682,0.055000,-1
0.012531,0.009000,-1
0.112782,0.058000,-1
0.027569,0.010000,-1
0.077694,0.065000,-1
0.117794,0.125000,-1
0.067669,0.065000,-1
0.042607,0.026000,-1
0.027569,0.014000,-1
0.057644,0.026000,-1
0.102757,0.126000,-1
0.102757,0.057000,-1
0.122807,0.165000,-1
0.052632,0.023000,-1
0.072682,0.052000,-1
0.017544,0.008000,-1
0.067669,0.055000,-1
0.012531,0.010000,-1
0.062657,0.022000,-1
0.092732,0.040000,-1
0.072682,0.058000,-1
0.017544,0.010000,-1
0.047619,0.017000,-1
0.032581,0.018000,-1
0.032581,0.049000,-1
0.067669,0.015000,-1
0.097744,0.088000,-1
0.062657,0.018000,-1
0.042607,0.041000,-1
0.087719,0.093000,-1
0.042607,0.020000,-1
0.032581,0.012000,-1
0.032581,0.016000,-1
0.052632,0.023000,-1
0.057644,0.029000,-1
0.057644,0.022000,-1
0.027569,0.013000,-1
0.072682,0.019000,-1
0.022556,0.008000,-1
0.007519,0.005000,-1
0.127820,0.141000,-1
0.047619,0.019000,-1
0.057644,0.023000,-1
0.042607,0.025000,-1
0.002506,0.003000,-1
0.057644,0.027000,-1
0.032581,0.008000,-1
0.072682,0.029000,-1
0.057644,0.055000,-1
0.017544,0.008000,-1
0.047619,0.024000,-1
0.067669,0.036000,-1
0.022556,0.007000,-1
0.047619,0.017000,-1
0.037594,0.018000,-1
0.037594,0.051000,-1
0.012531,0.003000,-1
0.007519,0.005000,-1
0.047619,0.030000,-1
0.052632,0.023000,-1
0.072682,0.036000,-1
0.057644,0.034000,-1
0.042607,0.015000,-1
0.022556,0.012000,-1
0.042607,0.014000,-1
0.087719,0.042000,-1
0.027569,0.010000,-1
0.097744,0.034000,-1
0.117794,0.172000,-1
0.047619,0.029000,-1
0.037594,0.017000,-1
0.022556,0.013000,-1
0.062657,0.037000,-1
0.022556,0.000000,-1
0.067669,0.057000,-1
0.082707,0.043000,-1
0.062657,0.029000,-1
0.167920,0.168000,-1
0.012531,0.006000,-1
0.002506,0.001000,-1
0.087719,0.054000,-1
0.042607,0.017000,-1
0.037594,0.019000,-1
0.057644,0.042000,-1
0.052632,0.021000,-1
0.097744,0.171000,-1
0.052632,0.031000,-1
0.012531,0.006000,-1
0.057644,0.020000,-1
0.027569,0.008000,-1
0.062657,0.030000,-1
0.017544,0.008000,-1
0.022556,0.009000,-1
0.127820,0.172000,-1
0.027569,0.011000,-1
0.077694,0.053000,-1
0.022556,0.014000,-1
0.007519,0.006000,-1
0.022556,0.011000,-1
0.072682,0.019000,-1
0.092732,0.042000,-1
0.012531,0.005000,-1
0.072682,0.041000,-1
0.052632,0.037000,-1
0.032581,0.025000,-1
0.067669,0.013000,-1
0.077694,0.062000,-1
0.057644,0.035000,-1
0.037594,0.032000,-1
0.017544,0.008000,-1
0.027569,0.011000,-1
0.022556,0.014000,-1
0.017544,0.007000,-1
0.017544,0.009000,-1
0.042607,0.017000,-1
0.052632,0.027000,-1
0.042607,0.017000,-1
0.062657,0.021000,-1
0.062657,0.040000,-1
0.042607,0.013000,-1
0.042607,0.016000,-1
0.042607,0.022000,-1
0.072682,0.050000,-1
0.117794,0.174000,-1
0.062657,0.026000,-1
0.057644,0.023000,-1
0.007519,0.004000,-1
0.027569,0.016000,-1
0.112782,0.061000,-1
0.027569,0.015000,-1
0.007519,0.005000,-1
0.032581,0.013000,-1
0.027569,0.010000,-1
0.017544,0.017000,-1
0.037594,0.011000,-1
0.152882,0.158000,-1
0.233083,0.039000,-1
0.067669,0.022000,-1
0.052632,0.049000,-1
0.042607,0.014000,-1
0.042607,0.038000,-1
0.007519,0.004000,-1
0.047619,0.026000,-1
0.077694,0.028000,-1
0.072682,0.062000,-1
0.077694,0.043000,-1
0.037594,0.036000,-1
0.032581,0.013000,-1
0.027569,0.017000,-1
0.022556,0.008000,-1
0.117794,0.144000,-1
0.042607,0.027000,-1
0.137845,0.174000,-1
0.007519,0.010000,-1
0.037594,0.009000,-1
0.102757,0.058000,-1
0.152882,0.174000,-1
0.042607,0.013000,-1
0.017544,0.009000,-1
0.037594,0.008000,-1
0.052632,0.032000,-1
0.027569,0.012000,-1
0.047619,0.037000,-1
0.127820,0.180000,-1
0.017544,0.007000,-1
0.097744,0.050000,-1
0.052632,0.010000,-1
0.037594,0.017000,-1
0.032581,0.014000,-1
0.072682,0.038000,-1
0.097744,0.085000,-1
0.057644,0.055000,-1
0.072682,0.022000,-1
0.132832,0.075000,-1
0.047619,0.013000,-1
0.027569,0.012000,-1
0.177945,0.147000,-1
0.072682,0.048000,-1
0.027569,0.008000,-1
0.047619,0.051000,-1
0.052632,0.022000,-1
0.032581,0.012000,-1
0.122807,0.177000,-1
0.077694,0.021000,-1
0.007519,0.008000,-1
0.037594,0.013000,-1
0.017544,0.009000,-1
0.012531,0.006000,-1
0.042607,0.017000,-1
0.037594,0.022000,-1
0.208020,0.175000,-1
0.037594,0.017000,-1
0.012531,0.007000,-1
0.042607,0.022000,-1
0.037594,0.037000,-1
0.022556,0.009000,-1
0.012531,0.005000,-1
0.037594,0.039000,-1
0.203008,0.169000,-1
0.042607,0.016000,-1
0.042607,0.040000,-1
0.057644,0.011000,-1
0.047619,0.028000,-1
0.032581,0.015000,-1
0.012531,0.008000,-1
0.027569,0.020000,-1
0.017544,0.005000,-1
0.087719,0.031000,-1
0.037594,0.017000,-1
0.022556,0.010000,-1
0.082707,0.057000,-1
0.042607,0.028000,-1
0.027569,0.033000,-1
0.032581,0.012000,-1
0.012531,0.010000,-1
0.032581,0.009000,-1
0.017544,0.005000,-1
0.012531,0.008000,-1
0.032581,0.014000,-1
0.012531,0.006000,-1
0.112782,0.174000,-1
0.032581,0.018000,-1
0.042607,0.027000,-1
0.037594,0.019000,-1
0.057644,0.025000,-1
0.062657,0.073000,-1
0.062657,0.016000,-1
0.052632,0.010000,-1
0.107769,0.149000,-1
0.238095,0.313000,-1
0.102757,0.133000,-1
0.042607,0.012000,-1
0.052632,0.022000,-1
0.022556,0.014000,-1
0.142857,0.102000,-1
0.017544,0.011000,-1
0.032581,0.012000,-1
0.017544,0.009000,-1
0.067669,0.027000,-1
0.087719,0.057000,-1
0.072682,0.010000,-1
0.092732,0.060000,-1
0.027569,0.012000,-1
0.022556,0.014000,-1
0.037594,0.014000,-1
0.032581,0.006000,-1
0.032581,0.020000,-1
0.027569,0.016000,-1
0.047619,0.045000,-1
0.097744,0.040000,-1
0.032581,0.078000,-1
0.052632,0.031000,-1
0.067669,0.042000,-1
0.067669,0.016000,-1
0.022556,0.008000,-1
0.037594,0.013000,-1
0.082707,0.094000,-1
0.017544,0.008000,-1
0.132832,0.116000,-1
0.042607,0.020000,-1
0.032581,0.012000,-1
0.037594,0.015000,-1
0.042607,0.032000,-1
0.082707,0.021000,-1
0.017544,0.010000,-1
0.027569,0.008000,-1
0.022556,0.007000,-1
0.037594,0.010000,-1
0.047619,0.021000,-1
0.017544,0.006000,-1
0.213033,0.174000,-1
0.057644,0.022000,-1
0.047619,0.021000,-1
0.022556,0.012000,-1
0.017544,0.009000,-1
0.052632,0.029000,-1
0.027569,0.010000,-1
0.117794,0.172000,-1
0.012531,0.007000,-1
0.022556,0.035000,-1
0.037594,0.008000,-1
0.067669,0.025000,-1
0.022556,0.013000,-1
0.072682,0.018000,-1
0.042607,0.011000,-1
0.042607,0.026000,-1
0.097744,0.172000,-1
0.067669,0.035000,-1
0.057644,0.044000,-1
0.017544,0.006000,-1
0.077694,0.055000,-1
0.032581,0.008000,-1
0.067669,0.060000,-1
0.017544,0.007000,-1
0.027569,0.016000,-1
0.042607,0.021000,-1
0.042607,0.033000,-1
0.027569,0.006000,-1
0.002506,0.003000,-1
0.012531,0.007000,-1
0.032581,0.012000,-1
0.027569,0.014000,-1
0.037594,0.025000,-1
0.017544,0.020000,-1
0.057644,0.057000,-1
0.062657,0.056000,-1
0.042607,0.020000,-1
0.027569,0.010000,-1
0.197995,0.143000,-1
0.092732,0.058000,-1
0.027569,0.018000,-1
0.037594,0.027000,-1
0.077694,0.087000,-1
0.022556,0.009000,-1
0.042607,0.013000,-1
0.027569,0.009000,-1
0.062657,0.030000,-1
0.007519,0.006000,-1
0.002506,0.002000,-1
0.142857,0.167000,-1
0.102757,0.082000,-1
0.067669,0.041000,-1
0.052632,0.021000,-1
0.012531,0.054000,-1
0.037594,0.013000,-1
0.022556,0.011000,-1
0.057644,0.018000,-1
0.047619,0.018000,-1
0.017544,0.007000,-1
0.047619,0.039000,-1
0.002506,0.001000,-1
0.032581,0.013000,-1
0.007519,0.003000,-1
0.027569,0.010000,-1
0.027569,0.010000,-1
0.027569,0.009000,-1
0.022556,0.007000,-1
0.097744,0.156000,-1
0.042607,0.013000,-1
0.032581,0.018000,-1
0.042607,0.050000,-1
0.092732,0.047000,-1
0.027569,0.008000,-1
0.017544,0.013000,-1
0.027569,0.016000,-1
0.057644,0.031000,-1
0.162907,0.175000,-1
0.042607,0.010000,-1
0.022556,0.011000,-1
0.027569,0.008000,-1
0.037594,0.044000,-1
0.087719,0.045000,-1
0.077694,0.046000,-1
0.037594,0.009000,-1
0.022556,0.014000,-1
0.052632,0.012000,-1
0.052632,0.026000,-1
0.097744,0.171000,-1
0.017544,0.008000,-1
0.087719,0.060000,-1
0.082707,0.053000,-1
0.037594,0.009000,-1
0.107769,0.028000,-1
0.032581,0.013000,-1
0.172932,0.186000,-1
0.062657,0.021000,-1
0.017544,0.005000,-1
0.027569,0.013000,-1
0.052632,0.030000,-1
0.017544,0.008000,-1
0.062657,0.026000,-1
0.002506,0.001000,-1
0.037594,0.037000,-1
0.052632,0.011000,-1
0.022556,0.011000,-1
0.072682,0.035000,-1
0.057644,0.013000,-1
0.012531,0.005000,-1
0.057644,0.025000,-1
0.067669,0.065000,-1
0.052632,0.028000,-1
0.007519,0.003000,-1
0.017544,0.005000,-1
0.112782,0.040000,-1
0.052632,0.012000,-1
0.032581,0.017000,-1
0.052632,0.044000,-1
0.022556,0.008000,-1
0.052632,0.036000,-1
0.067669,0.012000,-1
0.022556,0.013000,-1
0.082707,0.043000,-1
0.007519,0.006000,-1
0.062657,0.043000,-1
0.037594,0.010000,-1
0.052632,0.026000,-1
0.027569,0.017000,-1
0.077694,0.033000,-1
0.072682,0.054000,-1
0.007519,0.006000,-1
0.253133,0.179000,-1
0.042607,0.008000,-1
0.032581,0.017000,-1
0.047619,0.023000,-1
0.092732,0.030000,-1
0.027569,0.007000,-1
0.022556,0.006000,-1
0.017544,0.007000,-1
0.253133,0.150000,-1
0.042607,0.021000,-1
0.047619,0.016000,-1
0.032581,0.011000,-1
0.032581,0.011000,-1
0.062657,0.046000,-1
0.127820,0.092000,-1
0.057644,0.025000,-1
0.112782,0.175000,-1
0.027569,0.012000,-1
0.037594,0.024000,-1
0.032581,0.013000,-1
0.012531,0.008000,-1
0.012531,0.005000,-1
0.037594,0.019000,-1
0.047619,0.009000,-1
0.037594,0.014000,-1
0.037594,0.014000,-1
0.052632,0.021000,-1
0.012531,0.008000,-1
0.002506,0.003000,-1
0.142857,0.042000,-1
0.037594,0.007000,-1
0.027569,0.028000,-1
0.032581,0.009000,-1
0.027569,0.007000,-1
0.027569,0.010000,-1
0.087719,0.014000,-1
0.037594,0.012000,-1
0.037594,0.024000,-1
0.042607,0.023000,-1
0.067669,0.023000,-1
0.017544,0.005000,-1
0.022556,0.013000,-1
0.072682,0.037000,-1
0.032581,0.007000,-1
0.223058,0.179000,-1
0.027569,0.016000,-1
0.122807,0.177000,-1
0.007519,0.005000,-1
0.027569,0.011000,-1
0.017544,0.006000,-1
0.132832,0.163000,-1
0.042607,0.011000,-1
0.097744,0.130000,-1
0.092732,0.061000,-1
0.042607,0.021000,-1
0.062657,0.029000,-1
0.037594,0.011000,-1
0.022556,0.015000,-1
0.187970,0.197000,-1
0.042607,0.011000,-1
0.032581,0.021000,-1
0.042607,0.016000,-1
0.037594,0.023000,-1
0.097744,0.058000,-1
0.092732,0.032000,-1
0.017544,0.006000,-1
0.037594,0.018000,-1
0.027569,0.015000,-1
0.162907,0.171000,-1
0.017544,0.004000,-1
0.042607,0.015000,-1
0.062657,0.047000,-1
0.027569,0.011000,-1
0.157895,0.116000,-1
0.037594,0.020000,-1
0.037594,0.016000,-1
0.037594,0.034000,-1
0.007519,0.004000,-1
0.037594,0.011000,-1
0.032581,0.011000,-1
0.042607,0.038000,-1
0.017544,0.008000,-1
0.062657,0.032000,-1
0.012531,0.005000,-1
0.072682,0.031000,-1
0.097744,0.042000,-1
0.032581,0.017000,-1
0.027569,0.013000,-1
0.052632,0.027000,-1
0.107769,0.049000,-1
0.047619,0.024000,-1
0.057644,0.039000,-1
0.032581,0.015000,-1
0.027569,0.007000,-1
0.027569,0.014000,-1
0.017544,0.005000,-1
0.022556,0.014000,-1
0.047619,0.035000,-1
0.092732,0.060000,-1
0.102757,0.174000,-1
0.052632,0.047000,-1
0.017544,0.006000,-1
0.022556,0.014000,-1
0.012531,0.008000,-1
0.022556,0.006000,-1
0.072682,0.064000,-1
0.132832,0.059000,-1
0.052632,0.021000,-1
0.127820,0.034000,-1
0.057644,0.012000,-1
0.062657,0.051000,-1
0.137845,0.153000,-1
0.052632,0.019000,-1
0.087719,0.084000,-1
0.017544,0.010000,-1
0.062657,0.053000,-1
0.017544,0.007000,-1
0.032581,0.016000,-1
0.057644,0.010000,-1
0.052632,0.024000,-1
0.017544,0.011000,-1
0.087719,0.043000,-1
0.087719,0.059000,-1
0.027569,0.005000,-1
0.062657,0.065000,-1
0.022556,0.011000,-1
0.042607,0.061000,-1
0.027569,0.012000,-1
0.167920,0.175000,-1
0.032581,0.022000,-1
0.047619,0.012000,-1
0.037594,0.017000,-1
0.062657,0.036000,-1
0.057644,0.032000,-1
0.107769,0.126000,-1
0.037594,0.042000,-1
0.042607,0.026000,-1
0.017544,0.006000,-1
0.027569,0.016000,-1
0.017544,0.005000,-1
0.007519,0.002000,-1
0.062657,0.052000,-1
0.047619,0.022000,-1
0.177945,0.190000,-1
0.037594,0.011000,-1
0.047619,0.021000,-1
0.067669,0.036000,-1
0.052632,0.023000,-1
0.012531,0.008000,-1
0.007519,0.004000,-1
0.032581,0.011000,-1
0.022556,0.013000,-1
0.122807,0.097000,-1
0.002506,0.003000,-1
0.027569,0.008000,-1
0.047619,0.013000,-1
0.102757,0.048000,-1
0.037594,0.015000,-1
0.047619,0.013000,-1
0.268170,0.179000,-1
0.107769,0.174000,-1
0.012531,0.006000,-1
0.012531,0.010000,-1
0.062657,0.044000,-1
0.022556,0.022000,-1
0.072682,0.074000,-1
0.067669,0.054000,-1
0.047619,0.032000,-1
0.042607,0.021000,-1
0.077694,0.041000,-1
0.162907,0.173000,-1
0.072682,0.068000,-1
0.012531,0.005000,-1
0.017544,0.004000,-1
0.037594,0.012000,-1
0.017544,0.008000,-1
0.027569,0.013000,-1
0.012531,0.008000,-1
0.027569,0.015000,-1
0.017544,0.007000,-1
0.077694,0.066000,-1
0.047619,0.041000,-1
0.032581,0.028000,-1
0.022556,0.008000,-1
0.077694,0.050000,-1
0.052632,0.031000,-1
0.047619,0.014000,-1
0.032581,0.018000,-1
0.032581,0.015000,-1
0.052632,0.016000,-1
0.142857,0.145000,-1
0.017544,0.006000,-1
0.122807,0.113000,-1
0.047619,0.017000,-1
0.082707,0.032000,-1
0.117794,0.179000,-1
0.007519,0.006000,-1
0.087719,0.033000,-1
0.122807,0.084000,-1
0.032581,0.009000,-1
0.092732,0.026000,-1
0.027569,0.008000,-1
0.097744,0.172000,-1
0.102757,0.074000,-1
0.052632,0.035000,-1
0.102757,0.099000,-1
0.012531,0.006000,-1
0.042607,0.014000,-1
0.042607,0.017000,-1
0.027569,0.011000,-1
0.047619,0.045000,-1
0.012531,0.003000,-1
0.037594,0.007000,-1
0.027569,0.012000,-1
0.042607,0.015000,-1
0.122807,0.021000,-1
0.042607,0.041000,-1
0.027569,0.008000,-1
0.037594,0.019000,-1
0.042607,0.021000,-1
0.037594,0.022000,-1
0.057644,0.035000,-1
0.032581,0.011000,-1
0.042607,0.017000,-1
0.032581,0.014000,-1
0.012531,0.007000,-1
0.032581,0.012000,-1
0.077694,0.096000,-1
0.037594,0.015000,-1
0.027569,0.033000,-1
0.047619,0.017000,-1
0.017544,0.012000,-1
0.007519,0.005000,-1
0.087719,0.027000,-1
0.022556,0.010000,-1
0.027569,0.017000,-1
0.042607,0.034000,-1
0.027569,0.012000,-1
0.027569,0.008000,-1
0.057644,0.025000,-1
0.067669,0.028000,-1
0.052632,0.023000,-1
0.037594,0.023000,-1
0.062657,0.057000,-1
0.027569,0.018000,-1
0.032581,0.013000,-1
0.092732,0.051000,-1
0.037594,0.010000,-1
0.102757,0.073000,-1
0.057644,0.042000,-1
0.117794,0.167000,-1
0.057644,0.022000,-1
0.032581,0.021000,-1
0.052632,0.029000,-1
0.037594,0.012000,-1
0.102757,0.047000,-1
0.037594,0.012000,-1
0.007519,0.005000,-1
0.057644,0.073000,-1
0.042607,0.014000,-1
0.047619,0.025000,-1
0.032581,0.044000,-1
0.062657,0.018000,-1
0.092732,0.061000,-1
0.032581,0.009000,-1
0.017544,0.006000,-1
0.032581,0.020000,-1
0.012531,0.006000,-1
0.052632,0.020000,-1
0.147870,0.178000,-1
0.087719,0.083000,-1
0.032581,0.014000,-1
0.042607,0.021000,-1
0.042607,0.011000,-1
0.022556,0.010000,-1
0.052632,0.034000,-1
0.032581,0.008000,-1
0.022556,0.009000,-1
0.017544,0.011000,-1
0.037594,0.019000,-1
0.017544,0.007000,-1
0.022556,0.011000,-1
0.072682,0.057000,-1
0.077694,0.057000,-1
0.032581,0.022000,-1
0.022556,0.008000,-1
0.022556,0.012000,-1
0.137845,0.071000,-1
0.027569,0.009000,-1
0.022556,0.007000,-1
0.077694,0.072000,-1
0.017544,0.014000,-1
0.007519,0.004000,-1
0.007519,0.003000,-1
0.037594,0.014000,-1
0.052632,0.018000,-1
0.027569,0.010000,-1
0.037594,0.007000,-1
0.017544,0.003000,-1
0.052632,0.019000,-1
0.022556,0.013000,-1
0.027569,0.011000,-1
0.268170,0.179000,-1
0.097744,0.061000,-1
0.032581,0.016000,-1
0.072682,0.049000,-1
0.042607,0.021000,-1
0.047619,0.029000,-1
0.087719,0.037000,-1
0.012531,0.007000,-1
0.012531,0.006000,-1
0.102757,0.174000,-1
0.042607,0.023000,-1
0.007519,0.004000,-1
0.082707,0.035000,-1
0.052632,0.072000,-1
0.017544,0.007000,-1
0.097744,0.056000,-1
0.047619,0.023000,-1
0.022556,0.011000,-1
0.037594,0.011000,-1
0.027569,0.016000,-1
0.087719,0.076000,-1
0.032581,0.014000,-1
0.022556,0.005000,-1
0.052632,0.026000,-1
0.022556,0.014000,-1
0.107769,0.057000,-1
0.007519,0.006000,-1
0.102757,0.126000,-1
0.027569,0.013000,-1
0.092732,0.052000,-1
0.047619,0.016000,-1
0.012531,0.007000,-1
0.067669,0.043000,-1
0.017544,0.010000,-1
0.062657,0.041000,-1
0.022556,0.013000,-1
0.127820,0.112000,-1
0.032581,0.013000,-1
0.102757,0.174000,-1
0.052632,0.025000,-1
0.007519,0.015000,-1
0.077694,0.057000,-1
0.032581,0.006000,-1
0.042607,0.040000,-1
0.037594,0.021000,-1
0.027569,0.015000,-1
0.052632,0.022000,-1
0.062657,0.037000,-1
0.007519,0.005000,-1
0.002506,0.005000,-1
0.037594,0.013000,-1
0.072682,0.060000,-1
0.037594,0.017000,-1
0.097744,0.049000,-1
0.032581,0.013000,-1
0.062657,0.060000,-1
0.213033,0.180000,-1
0.042607,0.024000,-1
0.042607,0.014000,-1
0.017544,0.008000,-1
0.027569,0.023000,-1
0.077694,0.033000,-1
0.147870,0.172000,-1
0.057644,0.028000,-1
0.027569,0.011000,-1
0.042607,0.016000,-1
0.037594,0.028000,-1
0.017544,0.008000,-1
0.017544,0.007000,-1
0.077694,0.017000,-1
0.082707,0.030000,-1
0.077694,0.026000,-1
0.012531,0.008000,-1
0.052632,0.045000,-1
0.037594,0.019000,-1
0.052632,0.011000,-1
0.027569,0.015000,-1
0.042607,0.016000,-1
0.052632,0.030000,-1
0.092732,0.089000,-1
0.032581,0.009000,-1
0.037594,0.021000,-1
0.037594,0.022000,-1
0.012531,0.007000,-1
0.007519,0.005000,-1
0.017544,0.008000,-1
0.162907,0.144000,-1
0.037594,0.018000,-1
0.072682,0.036000,-1
0.087719,0.058000,-1
0.082707,0.064000,-1
0.062657,0.021000,-1
0.032581,0.009000,-1
0.017544,0.008000,-1
0.032581,0.011000,-1
0.012531,0.004000,-1
0.182957,0.030000,-1
0.072682,0.021000,-1
0.057644,0.045000,-1
0.022556,0.016000,-1
0.037594,0.021000,-1
0.047619,0.022000,-1
0.072682,0.040000,-1
0.027569,0.014000,-1
0.012531,0.007000,-1
0.122807,0.098000,-1
0.022556,0.012000,-1
0.077694,0.037000,-1
0.022556,0.011000,-1
0.012531,0.004000,-1
0.027569,0.015000,-1
0.077694,0.035000,-1
0.047619,0.021000,-1
0.017544,0.013000,-1
0.047619,0.035000,-1
0.037594,0.016000,-1
0.047619,0.046000,-1
0.077694,0.039000,-1
0.052632,0.026000,-1
0.142857,0.169000,-1
0.012531,0.004000,-1
0.037594,0.024000,-1
0.032581,0.011000,-1
0.112782,0.037000,-1
0.187970,0.172000,-1
0.097744,0.171000,-1
0.017544,0.007000,-1
0.042607,0.017000,-1
0.052632,0.025000,-1
0.037594,0.014000,-1
0.037594,0.018000,-1
0.037594,0.013000,-1
0.002506,0.001000,-1
0.152882,0.034000,-1
0.067669,0.028000,-1
0.037594,0.020000,-1
0.042607,0.014000,-1
0.037594,0.028000,-1
0.077694,0.074000,-1
0.037594,0.016000,-1
0.057644,0.028000,-1
0.067669,0.039000,-1
0.022556,0.011000,-1
0.032581,0.014000,-1
0.062657,0.029000,-1
0.012531,0.005000,-1
0.007519,0.002000,-1
0.067669,0.026000,-1
0.042607,0.018000,-1
0.057644,0.030000,-1
0.082707,0.038000,-1
0.027569,0.010000,-1
0.017544,0.009000,-1
0.052632,0.015000,-1
0.017544,0.007000,-1
0.017544,0.007000,-1
0.052632,0.031000,-1
0.077694,0.054000,-1
0.042607,0.018000,-1
0.022556,0.009000,-1
0.067669,0.049000,-1
0.057644,0.023000,-1
0.042607,0.015000,-1
0.027569,0.014000,-1
0.007519,0.006000,-1
0.042607,0.023000,-1
0.032581,0.008000,-1
0.057644,0.042000,-1
0.047619,0.018000,-1
0.037594,0.014000,-1
0.017544,0.007000,-1
0.032581,0.076000,-1
0.112782,0.051000,-1
0.032581,0.005000,-1
0.077694,0.044000,-1
0.037594,0.031000,-1
0.027569,0.042000,-1
0.062657,0.045000,-1
0.012531,0.006000,-1
0.022556,0.009000,-1
0.057644,0.069000,-1
0.032581,0.014000,-1
0.037594,0.015000,-1
0.037594,0.015000,-1
0.182957,0.047000,-1
0.047619,0.023000,-1
0.032581,0.013000,-1
0.077694,0.013000,-1
0.042607,0.037000,-1
0.067669,0.026000,-1
0.072682,0.065000,-1
0.037594,0.022000,-1
0.032581,0.033000,-1
0.047619,0.023000,-1
0.017544,0.008000,-1
0.017544,0.013000,-1
0.047619,0.014000,-1
0.052632,0.043000,-1
0.027569,0.008000,-1
0.052632,0.013000,-1
0.037594,0.015000,-1
0.047619,0.024000,-1
0.027569,0.009000,-1
0.027569,0.016000,-1
0.062657,0.021000,-1
0.027569,0.015000,-1
0.017544,0.017000,-1
0.007519,0.004000,-1
0.082707,0.027000,-1
0.012531,0.005000,-1
0.037594,0.026000,-1
0.037594,0.014000,-1
0.032581,0.018000,-1
0.087719,0.032000,-1
0.037594,0.033000,-1
0.047619,0.025000,-1
0.102757,0.044000,-1
0.037594,0.012000,-1
0.072682,0.028000,-1
0.017544,0.007000,-1
0.022556,0.016000,-1
0.117794,0.173000,-1
0.022556,0.009000,-1
0.032581,0.010000,-1
0.022556,0.011000,-1
0.037594,0.011000,-1
0.022556,0.007000,-1
0.052632,0.025000,-1
0.027569,0.011000,-1
0.077694,0.040000,-1
0.082707,0.038000,-1
0.092732,0.041000,-1
0.067669,0.090000,-1
0.037594,0.015000,-1
0.017544,0.004000,-1
0.027569,0.010000,-1
0.057644,0.049000,-1
0.132832,0.136000,-1
0.047619,0.029000,-1
0.032581,0.009000,-1
0.022556,0.014000,-1
0.007519,0.006000,-1
0.172932,0.172000,-1
0.052632,0.058000,-1
0.032581,0.010000,-1
0.037594,0.011000,-1
0.067669,0.025000,-1
0.062657,0.028000,-1
0.052632,0.050000,-1
0.032581,0.016000,-1
0.032581,0.007000,-1
0.032581,0.019000,-1
0.067669,0.088000,-1
0.037594,0.019000,-1
0.032581,0.017000,-1
0.042607,0.028000,-1
0.057644,0.013000,-1
0.022556,0.015000,-1
0.072682,0.052000,-1
0.047619,0.017000,-1
0.027569,0.014000,-1
0.172932,0.170000,-1
0.102757,0.080000,-1
0.092732,0.050000,-1
0.037594,0.014000,-1
0.022556,0.010000,-1
0.197995,0.160000,-1
0.062657,0.027000,-1
0.027569,0.009000,-1
0.012531,0.010000,-1
0.017544,0.004000,-1
0.032581,0.014000,-1
0.042607,0.012000,-1
0.012531,0.003000,-1
0.057644,0.007000,-1
0.122807,0.166000,-1
0.012531,0.005000,-1
0.177945,0.173000,-1
0.032581,0.017000,-1
0.157895,0.158000,-1
0.062657,0.019000,-1
0.127820,0.175000,-1
0.052632,0.018000,-1
0.042607,0.016000,-1
0.022556,0.008000,-1
0.072682,0.074000,-1
0.112782,0.172000,-1
0.042607,0.025000,-1
0.017544,0.004000,-1
0.032581,0.015000,-1
0.057644,0.012000,-1
0.177945,0.115000,-1
0.062657,0.031000,-1
0.037594,0.016000,-1
0.027569,0.008000,-1
0.042607,0.022000,-1
0.022556,0.007000,-1
0.037594,0.006000,-1
0.152882,0.128000,-1
0.017544,0.009000,-1
0.032581,0.013000,-1
0.052632,0.038000,-1
0.022556,0.008000,-1
0.067669,0.072000,-1
0.062657,0.069000,-1
0.042607,0.016000,-1
0.037594,0.014000,-1
0.067669,0.028000,-1
0.057644,0.053000,-1
0.082707,0.047000,-1
0.167920,0.126000,-1
0.067669,0.050000,-1
0.027569,0.016000,-1
0.007519,0.006000,-1
0.002506,0.002000,-1
0.012531,0.010000,-1
0.042607,0.019000,-1
0.022556,0.007000,-1
0.007519,0.004000,-1
0.017544,0.015000,-1
0.022556,0.010000,-1
0.017544,0.008000,-1
0.017544,0.007000,-1
0.032581,0.015000,-1
0.027569,0.012000,-1
0.027569,0.010000,-1
0.012531,0.004000,-1
0.022556,0.008000,-1
0.027569,0.010000,-1
0.022556,0.009000,-1
0.057644,0.042000,-1
0.057644,0.029000,-1
0.027569,0.012000,-1
0.052632,0.033000,-1
0.047619,0.053000,-1
0.037594,0.022000,-1
0.162907,0.254000,-1
0.127820,0.014000,-1
0.092732,0.042000,-1
0.017544,0.008000,-1
0.112782,0.057000,-1
0.012531,0.078000,-1
0.017544,0.003000,-1
0.032581,0.020000,-1
0.027569,0.018000,-1
0.042607,0.018000,-1
0.087719,0.175000,-1
0.047619,0.024000,-1
0.022556,0.012000,-1
0.037594,0.009000,-1
0.037594,0.017000,-1
0.142857,0.145000,-1
0.177945,0.166000,-1
0.027569,0.017000,-1
0.147870,0.166000,-1
0.037594,0.009000,-1
0.002506,0.002000,-1
0.027569,0.008000,-1
0.082707,0.045000,-1
0.037594,0.021000,-1
0.012531,0.006000,-1
0.122807,0.104000,-1
0.027569,0.017000,-1
0.017544,0.010000,-1
0.022556,0.008000,-1
0.082707,0.034000,-1
0.107769,0.128000,-1
0.037594,0.016000,-1
0.032581,0.012000,-1
0.022556,0.012000,-1
0.062657,0.072000,-1
0.027569,0.008000,-1
0.007519,0.004000,-1
0.102757,0.095000,-1
0.132832,0.053000,-1
0.042607,0.016000,-1
0.017544,0.008000,-1
0.037594,0.008000,-1
0.032581,0.014000,-1
0.047619,0.025000,-1
0.012531,0.005000,-1
0.122807,0.136000,-1
0.067669,0.045000,-1
0.157895,0.165000,-1
0.052632,0.030000,-1
0.097744,0.046000,-1
0.032581,0.011000,-1
0.032581,0.010000,-1
0.017544,0.007000,-1
0.047619,0.042000,-1
0.037594,0.023000,-1
0.022556,0.008000,-1
0.052632,0.028000,-1
0.007519,0.003000,-1
0.197995,0.173000,-1
0.032581,0.013000,-1
0.007519,0.003000,-1
0.037594,0.022000,-1
0.037594,0.012000,-1
0.037594,0.022000,-1
0.012531,0.005000,-1
0.107769,0.160000,-1
0.007519,0.005000,-1
0.057644,0.045000,-1
0.047619,0.015000,-1
0.067669,0.038000,-1
0.087719,0.091000,-1
0.007519,0.004000,-1
0.062657,0.035000,-1
0.187970,0.179000,-1
0.077694,0.021000,-1
0.062657,0.043000,-1
0.042607,0.037000,-1
0.223058,0.128000,-1
0.022556,0.011000,-1
0.022556,0.014000,-1
0.047619,0.026000,-1
0.072682,0.052000,-1
0.022556,0.010000,-1
0.067669,0.125000,-1
0.047619,0.018000,-1
0.032581,0.013000,-1
0.042607,0.021000,-1
0.022556,0.015000,-1
0.027569,0.024000,-1
0.027569,0.013000,-1
0.082707,0.103000,-1
0.037594,0.021000,-1
0.062657,0.028000,-1
0.022556,0.011000,-1
0.007519,0.004000,-1
0.032581,0.010000,-1
0.012531,0.004000,-1
0.077694,0.040000,-1
0.067669,0.030000,-1
0.052632,0.023000,-1
0.017544,0.009000,-1
0.052632,0.030000,-1
0.147870,0.046000,-1
0.022556,0.008000,-1
0.042607,0.005000,-1
0.037594,0.013000,-1
0.122807,0.172000,-1
0.037594,0.083000,-1
0.062657,0.049000,-1
0.057644,0.030000,-1
0.092732,0.042000,-1
0.152882,0.139000,-1
0.037594,0.018000,-1
0.012531,0.007000,-1
0.187970,0.183000,-1
0.032581,0.016000,-1
0.087719,0.086000,-1
0.057644,0.073000,-1
0.017544,0.011000,-1
0.027569,0.009000,-1
0.087719,0.040000,-1
0.027569,0.023000,-1
0.062657,0.022000,-1
0.042607,0.014000,-1
0.012531,0.003000,-1
0.052632,0.036000,-1
0.017544,0.009000,-1
0.067669,0.042000,-1
0.112782,0.142000,-1
0.092732,0.072000,-1
0.017544,0.007000,-1
0.037594,0.019000,-1
0.213033,0.176000,-1
0.087719,0.026000,-1
0.057644,0.062000,-1
0.047619,0.029000,-1
0.037594,0.016000,-1
0.072682,0.082000,-1
0.032581,0.007000,-1
0.047619,0.020000,-1
0.047619,0.014000,-1
0.082707,0.042000,-1
0.027569,0.015000,-1
0.197995,0.027000,-1
0.127820,0.176000,-1
0.027569,0.008000,-1
0.067669,0.027000,-1
0.042607,0.021000,-1
0.017544,0.007000,-1
0.042607,0.014000,-1
0.022556,0.009000,-1
0.032581,0.022000,-1
0.017544,0.012000,-1
0.067669,0.041000,-1
0.067669,0.047000,-1
0.062657,0.026000,-1
0.022556,0.008000,-1
0.082707,0.061000,-1
0.052632,0.034000,-1
0.027569,0.009000,-1
0.037594,0.034000,-1
0.087719,0.063000,-1
0.022556,0.013000,-1
0.027569,0.008000,-1
0.022556,0.013000,-1
0.027569,0.011000,-1
0.047619,0.020000,-1
0.107769,0.172000,-1
0.017544,0.008000,-1
0.052632,0.020000,-1
0.057644,0.032000,-1
0.062657,0.026000,-1
0.037594,0.022000,-1
0.062657,0.031000,-1
0.027569,0.014000,-1
0.117794,0.174000,-1
0.022556,0.013000,-1
0.012531,0.005000,-1
0.037594,0.016000,-1
0.022556,0.005000,-1
0.062657,0.017000,-1
0.067669,0.040000,-1
0.162907,0.034000,-1
0.042607,0.017000,-1
0.072682,0.043000,-1
0.027569,0.014000,-1
0.007519,0.004000,-1
0.142857,0.057000,-1
0.027569,0.011000,-1
0.027569,0.001000,-1
0.062657,0.043000,-1
0.007519,0.005000,-1
0.022556,0.005000,-1
0.097744,0.039000,-1
0.027569,0.027000,-1
0.152882,0.056000,-1
0.012531,0.009000,-1
0.127820,0.067000,-1
0.042607,0.021000,-1
0.002506,0.003000,-1
0.127820,0.038000,-1
0.032581,0.012000,-1
0.007519,0.003000,-1
0.032581,0.029000,-1
0.022556,0.013000,-1
0.052632,0.023000,-1
0.062657,0.025000,-1
0.057644,0.072000,-1
0.097744,0.051000,-1
0.037594,0.011000,-1
0.042607,0.015000,-1
0.032581,0.008000,-1
0.042607,0.014000,-1
0.032581,0.014000,-1
0.052632,0.024000,-1
0.017544,0.005000,-1
0.022556,0.009000,-1
0.032581,0.013000,-1
0.112782,0.090000,-1
0.037594,0.021000,-1
0.032581,0.012000,-1
0.077694,0.099000,-1
0.047619,0.019000,-1
0.037594,0.037000,-1
0.313283,0.029000,-1
0.027569,0.010000,-1
0.047619,0.019000,-1
0.027569,0.013000,-1
0.072682,0.009000,-1
0.017544,0.016000,-1
0.007519,0.005000,-1
0.067669,0.023000,-1
0.017544,0.010000,-1
0.037594,0.018000,-1
0.012531,0.005000,-1
0.012531,0.007000,-1
0.072682,0.025000,-1
0.032581,0.007000,-1
0.037594,0.008000,-1
0.072682,0.066000,-1
0.012531,0.005000,-1
0.027569,0.009000,-1
0.092732,0.065000,-1
0.117794,0.052000,-1
0.037594,0.014000,-1
0.012531,0.016000,-1
0.032581,0.020000,-1
0.092732,0.088000,-1
0.017544,0.006000,-1
0.022556,0.008000,-1
0.072682,0.035000,-1
0.017544,0.006000,-1
0.027569,0.014000,-1
0.032581,0.016000,-1
0.007519,0.007000,-1
0.052632,0.016000,-1
0.037594,0.027000,-1
0.037594,0.034000,-1
0.022556,0.003000,-1
0.052632,0.024000,-1
0.127820,0.172000,-1
0.007519,0.003000,-1
0.067669,0.062000,-1
0.022556,0.010000,-1
0.062657,0.039000,-1
0.037594,0.017000,-1
0.182957,0.170000,-1
0.047619,0.041000,-1
0.027569,0.018000,-1
0.052632,0.025000,-1
0.042607,0.011000,-1
0.037594,0.017000,-1
0.017544,0.008000,-1
0.047619,0.007000,-1
0.022556,0.016000,-1
0.012531,0.007000,-1
0.042607,0.020000,-1
0.172932,0.107000,-1
0.047619,0.044000,-1
0.057644,0.018000,-1
0.057644,0.036000,-1
0.037594,0.077000,-1
0.032581,0.017000,-1
0.042607,0.048000,-1
0.092732,0.090000,-1
0.022556,0.009000,-1
0.022556,0.011000,-1
0.137845,0.116000,-1
0.122807,0.050000,-1
0.072682,0.061000,-1
0.117794,0.173000,-1
0.042607,0.014000,-1
0.122807,0.109000,-1
0.062657,0.050000,-1
0.047619,0.024000,-1
0.042607,0.030000,-1
0.032581,0.011000,-1
0.057644,0.049000,-1
0.027569,0.008000,-1
0.017544,0.011000,-1
0.017544,0.008000,-1
0.037594,0.009000,-1
0.017544,0.009000,-1
0.077694,0.024000,-1
0.077694,0.059000,-1
0.107769,0.094000,-1
0.007519,0.015000,-1
0.007519,0.009000,-1
0.082707,0.053000,-1
0.097744,0.039000,-1
0.052632,0.044000,-1
0.072682,0.074000,-1
0.057644,0.027000,-1
0.022556,0.008000,-1
0.027569,0.006000,-1
0.047619,0.021000,-1
0.047619,0.017000,-1
0.057644,0.022000,-1
0.127820,0.174000,-1
0.037594,0.010000,-1
0.052632,0.022000,-1
0.057644,0.019000,-1
0.092732,0.085000,-1
0.017544,0.010000,-1
0.067669,0.026000,-1
0.077694,0.049000,-1
0.197995,0.176000,-1
0.037594,0.019000,-1
0.022556,0.009000,-1
0.052632,0.044000,-1
0.067669,0.033000,-1
0.062657,0.061000,-1
0.007519,0.008000,-1
0.017544,0.014000,-1
0.027569,0.012000,-1
0.102757,0.131000,-1
0.072682,0.047000,-1
0.022556,0.013000,-1
0.067669,0.030000,-1
0.042607,0.022000,-1
0.042607,0.032000,-1
0.037594,0.020000,-1
0.112782,0.045000,-1
0.032581,0.044000,-1
0.047619,0.026000,-1
0.067669,0.054000,-1
0.017544,0.014000,-1
0.022556,0.010000,-1
0.057644,0.055000,-1
0.027569,0.010000,-1
0.122807,0.027000,-1
0.032581,0.010000,-1
0.017544,0.004000,-1
0.067669,0.051000,-1
0.097744,0.085000,-1
0.082707,0.078000,-1
0.012531,0.005000,-1
0.022556,0.009000,-1
0.027569,0.006000,-1
0.032581,0.021000,-1
0.052632,0.026000,-1
0.037594,0.037000,-1
0.047619,0.020000,-1
0.072682,0.064000,-1
0.052632,0.023000,-1
0.022556,0.012000,-1
0.027569,0.012000,-1
0.032581,0.017000,-1
0.112782,0.038000,-1
0.157895,0.085000,-1
0.062657,0.029000,-1
0.022556,0.007000,-1
0.122807,0.201000,-1
0.037594,0.020000,-1
0.052632,0.034000,-1
0.087719,0.064000,-1
0.062657,0.033000,-1
0.082707,0.060000,-1
0.052632,0.019000,-1
0.062657,0.035000,-1
0.012531,0.006000,-1
0.032581,0.017000,-1
0.037594,0.008000,-1
0.067669,0.033000,-1
0.027569,0.008000,-1
0.032581,0.009000,-1
0.022556,0.009000,-1
0.002506,0.004000,-1
0.022556,0.005000,-1
0.047619,0.023000,-1
0.017544,0.011000,-1
0.067669,0.052000,-1
0.037594,0.016000,-1
0.042607,0.026000,-1
0.017544,0.005000,-1
0.062657,0.025000,-1
0.067669,0.053000,-1
0.062657,0.068000,-1
0.057644,0.035000,-1
0.067669,0.034000,-1
0.167920,0.257000,-1
0.077694,0.012000,-1
0.027569,0.010000,-1
0.052632,0.048000,-1
0.017544,0.012000,-1
0.097744,0.129000,-1
0.022556,0.009000,-1
0.012531,0.007000,-1
0.017544,0.012000,-1
0.057644,0.029000,-1
0.142857,0.087000,-1
0.072682,0.033000,-1
0.042607,0.008000,-1
0.012531,0.006000,-1
0.037594,0.016000,-1
0.067669,0.046000,-1
0.062657,0.047000,-1
0.017544,0.005000,-1
0.082707,0.051000,-1
0.062657,0.025000,-1
0.022556,0.009000,-1
0.042607,0.044000,-1
0.002506,0.001000,-1
0.047619,0.029000,-1
0.027569,0.013000,-1
0.077694,0.058000,-1
0.047619,0.018000,-1
0.012531,0.009000,-1
0.022556,0.012000,-1
0.032581,0.008000,-1
0.057644,0.042000,-1
0.042607,0.014000,-1
0.062657,0.025000,-1
0.032581,0.015000,-1
0.052632,0.019000,-1
0.137845,0.172000,-1
0.062657,0.031000,-1
0.032581,0.008000,-1
0.007519,0.007000,-1
0.032581,0.009000,-1
0.037594,0.036000,-1
0.092732,0.070000,-1
0.047619,0.038000,-1
0.047619,0.027000,-1
0.037594,0.076000,-1
0.082707,0.037000,-1
0.012531,0.005000,-1
0.027569,0.011000,-1
0.012531,0.003000,-1
0.027569,0.010000,-1
0.052632,0.015000,-1
0.002506,0.006000,-1
0.037594,0.025000,-1
0.067669,0.044000,-1
0.032581,0.010000,-1
0.017544,0.004000,-1
0.012531,0.005000,-1
0.017544,0.008000,-1
0.037594,0.027000,-1
0.032581,0.014000,-1
0.072682,0.033000,-1
0.052632,0.017000,-1
0.027569,0.018000,-1
0.007519,0.003000,-1
0.032581,0.019000,-1
0.057644,0.040000,-1
0.017544,0.011000,-1
0.027569,0.008000,-1
0.032581,0.012000,-1
0.017544,0.008000,-1
0.032581,0.010000,-1
0.203008,0.149000,-1
0.057644,0.036000,-1
0.192982,0.151000,-1
0.037594,0.048000,-1
0.037594,0.012000,-1
0.102757,0.102000,-1
0.022556,0.010000,-1
0.057644,0.040000,-1
0.017544,0.006000,-1
0.022556,0.008000,-1
0.042607,0.034000,-1
0.057644,0.041000,-1
0.072682,0.047000,-1
0.047619,0.034000,-1
0.012531,0.007000,-1
0.087719,0.037000,-1
0.147870,0.146000,-1
0.162907,0.118000,-1
0.037594,0.021000,-1
0.117794,0.178000,-1
0.027569,0.024000,-1
0.022556,0.068000,-1
0.017544,0.007000,-1
0.012531,0.006000,-1
0.152882,0.073000,-1
0.012531,0.007000,-1
0.092732,0.002000,-1
0.047619,0.007000,-1
0.042607,0.015000,-1
0.052632,0.028000,-1
0.062657,0.019000,-1
0.077694,0.035000,-1
0.122807,0.028000,-1
0.037594,0.012000,-1
0.047619,0.005000,-1
0.017544,0.007000,-1
0.142857,0.072000,-1
0.072682,0.042000,-1
0.042607,0.026000,-1
0.002506,0.003000,-1
0.057644,0.021000,-1
0.102757,0.130000,-1
0.012531,0.005000,-1
0.147870,0.086000,-1
0.017544,0.008000,-1
0.318296,0.472000,-1
0.062657,0.066000,-1
0.067669,0.025000,-1
0.007519,0.006000,-1
0.042607,0.017000,-1
0.072682,0.036000,-1
0.022556,0.009000,-1
0.077694,0.045000,-1
0.107769,0.119000,-1
0.047619,0.037000,-1
0.032581,0.020000,-1
0.147870,0.179000,-1
0.022556,0.011000,-1
0.052632,0.026000,-1
0.027569,0.016000,-1
0.012531,0.002000,-1
4.609023,0.008000,-1
0.057644,0.056000,-1
4.238095,0.020000,-1
0.162907,0.169000,-1
0.037594,0.020000,-1
0.022556,0.021000,-1
0.027569,0.015000,-1
0.032581,0.011000,-1
0.027569,0.011000,-1
0.122807,0.032000,-1
0.007519,0.005000,-1
0.142857,0.125000,-1
0.052632,0.028000,-1
0.007519,0.004000,-1
0.122807,0.177000,-1
0.127820,0.174000,-1
0.067669,0.061000,-1
0.253133,0.178000,-1
0.032581,0.028000,-1
0.047619,0.016000,-1
0.022556,0.008000,-1
0.032581,0.011000,-1
0.012531,0.009000,-1
0.022556,0.022000,-1
0.032581,0.012000,-1
0.107769,0.035000,-1
0.017544,0.007000,-1
0.027569,0.010000,-1
0.022556,0.006000,-1
0.057644,0.011000,-1
0.047619,0.030000,-1
0.052632,0.063000,-1
0.032581,0.033000,-1
0.037594,0.011000,-1
0.042607,0.013000,-1
0.062657,0.019000,-1
0.052632,0.036000,-1
0.062657,0.024000,-1
0.022556,0.011000,-1
0.017544,0.008000,-1
0.012531,0.006000,-1
0.052632,0.024000,-1
0.137845,0.072000,-1
0.052632,0.010000,-1
0.017544,0.007000,-1
0.052632,0.017000,-1
0.017544,0.006000,-1
0.082707,0.024000,-1
0.022556,0.008000,-1
0.032581,0.014000,-1
0.042607,0.013000,-1
0.012531,0.005000,-1
0.092732,0.064000,-1
0.027569,0.012000,-1
0.022556,0.011000,-1
0.027569,0.013000,-1
0.047619,0.031000,-1
0.037594,0.016000,-1
0.022556,0.009000,-1
0.032581,0.016000,-1
0.107769,0.100000,-1
0.067669,0.057000,-1
0.027569,0.012000,-1
0.062657,0.019000,-1
0.082707,0.077000,-1
0.012531,0.006000,-1
0.067669,0.017000,-1
0.082707,0.074000,-1
0.032581,0.012000,-1
0.057644,0.053000,-1
0.007519,0.005000,-1
0.027569,0.009000,-1
0.022556,0.009000,-1
0.112782,0.173000,-1
0.032581,0.019000,-1
0.007519,0.006000,-1
0.042607,0.034000,-1
0.022556,0.013000,-1
0.032581,0.012000,-1
0.057644,0.030000,-1
0.022556,0.016000,-1
0.037594,0.021000,-1
0.047619,0.013000,-1
0.022556,0.012000,-1
0.122807,0.126000,-1
0.022556,0.007000,-1
0.037594,0.017000,-1
0.047619,0.026000,-1
0.042607,0.015000,-1
0.027569,0.016000,-1
0.077694,0.032000,-1
0.032581,0.017000,-1
0.087719,0.041000,-1
0.027569,0.011000,-1
0.087719,0.037000,-1
0.062657,0.079000,-1
0.047619,0.016000,-1
0.017544,0.006000,-1
0.067669,0.035000,-1
0.077694,0.065000,-1
0.002506,0.000000,-1
0.032581,0.009000,-1
0.032581,0.018000,-1
0.112782,0.055000,-1
0.037594,0.030000,-1
0.052632,0.020000,-1
0.012531,0.006000,-1
0.022556,0.008000,-1
0.022556,0.009000,-1
0.037594,0.016000,-1
0.052632,0.027000,-1
0.042607,0.021000,-1
0.057644,0.026000,-1
0.122807,0.067000,-1
0.172932,0.174000,-1
0.117794,0.179000,-1
0.032581,0.011000,-1
0.027569,0.015000,-1
0.047619,0.020000,-1
0.052632,0.038000,-1
0.067669,0.038000,-1
0.047619,0.024000,-1
0.032581,0.006000,-1
0.042607,0.014000,-1
0.027569,0.014000,-1
0.077694,0.030000,-1
0.047619,0.037000,-1
0.022556,0.008000,-1
0.032581,0.014000,-1
0.037594,0.013000,-1
0.142857,0.113000,-1
0.032581,0.030000,-1
0.077694,0.090000,-1
0.172932,0.132000,-1
0.022556,0.010000,-1
0.027569,0.011000,-1
0.037594,0.011000,-1
0.012531,0.008000,-1
0.057644,0.011000,-1
0.052632,0.083000,-1
0.057644,0.024000,-1
0.012531,0.006000,-1
0.022556,0.006000,-1
0.057644,0.053000,-1
0.027569,0.009000,-1
0.027569,0.006000,-1
0.022556,0.013000,-1
0.027569,0.015000,-1
0.027569,0.006000,-1
0.017544,0.010000,-1
0.012531,0.004000,-1
0.012531,0.005000,-1
0.127820,0.134000,-1
0.037594,0.038000,-1
0.017544,0.011000,-1
0.027569,0.014000,-1
0.017544,0.005000,-1
0.092732,0.041000,-1
0.032581,0.015000,-1
0.077694,0.033000,-1
0.032581,0.016000,-1
0.022556,0.009000,-1
0.037594,0.008000,-1
0.037594,0.022000,-1
0.082707,0.072000,-1
0.052632,0.028000,-1
0.007519,0.002000,-1
0.062657,0.017000,-1
0.102757,0.029000,-1
0.017544,0.008000,-1
0.107769,0.169000,-1
0.353383,0.177000,-1
0.082707,0.048000,-1
0.022556,0.008000,-1
0.032581,0.016000,-1
0.037594,0.023000,-1
0.122807,0.092000,-1
0.012531,0.007000,-1
0.037594,0.020000,-1
0.062657,0.017000,-1
0.112782,0.021000,-1
0.042607,0.015000,-1
0.052632,0.008000,-1
0.072682,0.041000,-1
0.057644,0.036000,-1
0.057644,0.015000,-1
0.042607,0.016000,-1
0.052632,0.039000,-1
0.022556,0.011000,-1
0.067669,0.023000,-1
0.062657,0.136000,-1
0.057644,0.039000,-1
0.057644,0.017000,-1
0.057644,0.029000,-1
0.072682,0.041000,-1
0.052632,0.042000,-1
0.037594,0.021000,-1
0.047619,0.029000,-1
0.032581,0.015000,-1
0.002506,0.002000,-1
0.072682,0.049000,-1
0.037594,0.026000,-1
0.047619,0.027000,-1
0.052632,0.040000,-1
0.062657,0.039000,-1
0.007519,0.003000,-1
0.017544,0.010000,-1
0.017544,0.010000,-1
0.062657,0.043000,-1
0.047619,0.014000,-1
0.067669,0.026000,-1
0.082707,0.072000,-1
0.027569,0.011000,-1
0.172932,0.105000,-1
0.017544,0.005000,-1
0.092732,0.074000,-1
0.253133,0.186000,-1
0.087719,0.111000,-1
0.253133,0.180000,-1
0.017544,0.011000,-1
0.102757,0.064000,-1
0.097744,0.049000,-1
0.042607,0.024000,-1
0.092732,0.044000,-1
0.112782,0.131000,-1
0.052632,0.030000,-1
0.017544,0.011000,-1
0.002506,0.002000,-1
0.107769,0.169000,-1
0.067669,0.029000,-1
0.042607,0.018000,-1
0.027569,0.012000,-1
0.037594,0.017000,-1
0.132832,0.112000,-1
0.022556,0.005000,-1
0.007519,0.005000,-1
0.087719,0.059000,-1
0.027569,0.006000,-1
0.027569,0.021000,-1
0.032581,0.019000,-1
0.017544,0.006000,-1
0.027569,0.010000,-1
0.032581,0.015000,-1
0.052632,0.070000,-1
0.042607,0.015000,-1
0.022556,0.010000,-1
0.072682,0.056000,-1
0.047619,0.033000,-1
0.027569,0.011000,-1
0.132832,0.093000,-1
0.022556,0.009000,-1
0.032581,0.045000,-1
0.017544,0.012000,-1
0.042607,0.018000,-1
0.057644,0.053000,-1
0.037594,0.011000,-1
0.022556,0.008000,-1
0.142857,0.169000,-1
0.112782,0.096000,-1
0.007519,0.005000,-1
0.022556,0.010000,-1
0.002506,0.005000,-1
0.112782,0.172000,-1
0.047619,0.016000,-1
0.032581,0.037000,-1
0.112782,0.065000,-1
0.012531,0.006000,-1
0.087719,0.052000,-1
0.177945,0.151000,-1
0.017544,0.009000,-1
0.032581,0.014000,-1
0.027569,0.012000,-1
0.067669,0.032000,-1
0.012531,0.003000,-1
0.037594,0.016000,-1
0.022556,0.021000,-1
0.032581,0.022000,-1
0.062657,0.033000,-1
0.132832,0.163000,-1
0.022556,0.009000,-1
0.042607,0.014000,-1
0.052632,0.011000,-1
0.007519,0.003000,-1
0.032581,0.030000,-1
0.017544,0.006000,-1
0.082707,0.081000,-1
0.022556,0.008000,-1
0.022556,0.007000,-1
0.062657,0.044000,-1
0.077694,0.039000,-1
0.062657,0.055000,-1
0.067669,0.029000,-1
0.042607,0.033000,-1
0.042607,0.041000,-1
0.047619,0.034000,-1
0.012531,0.003000,-1
0.062657,0.026000,-1
0.007519,0.004000,-1
0.082707,0.040000,-1
0.042607,0.015000,-1
0.022556,0.008000,-1
0.042607,0.041000,-1
0.047619,0.013000,-1
0.042607,0.014000,-1
0.007519,0.004000,-1
0.047619,0.011000,-1
0.077694,0.047000,-1
0.082707,0.091000,-1
0.037594,0.019000,-1
0.032581,0.012000,-1
0.012531,0.009000,-1
0.027569,0.016000,-1
0.032581,0.012000,-1
0.052632,0.042000,-1
0.057644,0.026000,-1
0.112782,0.142000,-1
0.022556,0.011000,-1
0.042607,0.019000,-1
0.052632,0.033000,-1
0.127820,0.176000,-1
0.017544,0.022000,-1
0.022556,0.009000,-1
0.127820,0.042000,-1
0.027569,0.015000,-1
0.057644,0.021000,-1
0.012531,0.005000,-1
0.017544,0.011000,-1
0.052632,0.018000,-1
0.012531,0.005000,-1
0.117794,0.150000,-1
0.007519,0.007000,-1
0.042607,0.012000,-1
0.012531,0.008000,-1
0.037594,0.015000,-1
0.022556,0.007000,-1
0.117794,0.030000,-1
0.042607,0.018000,-1
0.102757,0.069000,-1
0.017544,0.008000,-1
0.012531,0.008000,-1
0.052632,0.015000,-1
0.107769,0.178000,-1
0.032581,0.010000,-1
0.142857,0.038000,-1
0.057644,0.055000,-1
0.017544,0.011000,-1
0.047619,0.019000,-1
0.012531,0.007000,-1
0.092732,0.050000,-1
0.052632,0.030000,-1
0.027569,0.010000,-1
0.022556,0.011000,-1
0.052632,0.019000,-1
0.017544,0.009000,-1
0.047619,0.051000,-1
0.067669,0.035000,-1
0.122807,0.168000,-1
0.052632,0.015000,-1
0.052632,0.033000,-1
0.022556,0.009000,-1
0.032581,0.024000,-1
0.017544,0.008000,-1
0.052632,0.021000,-1
0.072682,0.056000,-1
0.007519,0.002000,-1
0.027569,0.015000,-1
0.047619,0.023000,-1
0.052632,0.129000,-1
0.097744,0.040000,-1
0.037594,0.009000,-1
0.067669,0.052000,-1
0.042607,0.017000,-1
0.072682,0.043000,-1
0.017544,0.006000,-1
0.052632,0.015000,-1
0.012531,0.008000,-1
0.017544,0.013000,-1
0.107769,0.131000,-1
0.072682,0.034000,-1
0.047619,0.017000,-1
0.022556,0.014000,-1
0.062657,0.098000,-1
0.052632,0.028000,-1
0.032581,0.014000,-1
0.057644,0.023000,-1
0.027569,0.028000,-1
0.293233,0.177000,-1
0.032581,0.017000,-1
0.027569,0.013000,-1
0.017544,0.005000,-1
0.027569,0.009000,-1
0.077694,0.069000,-1
0.027569,0.008000,-1
0.042607,0.010000,-1
0.027569,0.009000,-1
0.022556,0.050000,-1
0.032581,0.014000,-1
0.057644,0.049000,-1
0.057644,0.037000,-1
0.032581,0.017000,-1
0.102757,0.098000,-1
0.117794,0.177000,-1
0.082707,0.064000,-1
0.032581,0.019000,-1
0.027569,0.018000,-1
0.017544,0.006000,-1
0.102757,0.120000,-1
0.027569,0.012000,-1
0.027569,0.008000,-1
0.087719,0.082000,-1
0.037594,0.019000,-1
0.022556,0.012000,-1
0.117794,0.133000,-1
0.027569,0.009000,-1
0.072682,0.078000,-1
0.037594,0.009000,-1
0.017544,0.007000,-1
0.087719,0.072000,-1
0.047619,0.018000,-1
0.102757,0.172000,-1
0.062657,0.025000,-1
0.047619,0.016000,-1
0.067669,0.038000,-1
0.022556,0.006000,-1
0.042607,0.010000,-1
0.102757,0.039000,-1
0.107769,0.133000,-1
0.132832,0.108000,-1
0.067669,0.037000,-1
0.032581,0.015000,-1
0.037594,0.026000,-1
0.127820,0.172000,-1
0.052632,0.007000,-1
0.022556,0.011000,-1
0.087719,0.061000,-1
0.077694,0.082000,-1
0.097744,0.132000,-1
0.042607,0.025000,-1
0.097744,0.018000,-1
0.027569,0.011000,-1
0.037594,0.021000,-1
0.373434,0.064000,-1
0.042607,0.015000,-1
0.042607,0.019000,-1
0.022556,0.014000,-1
0.012531,0.005000,-1
0.082707,0.039000,-1
0.032581,0.005000,-1
0.027569,0.013000,-1
0.042607,0.022000,-1
0.092732,0.064000,-1
0.002506,0.002000,-1
0.007519,0.005000,-1
0.022556,0.012000,-1
0.072682,0.043000,-1
0.082707,0.028000,-1
0.022556,0.012000,-1
0.032581,0.034000,-1
0.032581,0.014000,-1
0.007519,0.006000,-1
0.027569,0.009000,-1
0.047619,0.050000,-1
0.042607,0.032000,-1
0.037594,0.007000,-1
0.102757,0.044000,-1
0.017544,0.014000,-1
0.162907,0.066000,-1
0.032581,0.017000,-1
0.057644,0.048000,-1
0.027569,0.010000,-1
0.022556,0.008000,-1
0.213033,0.163000,-1
0.067669,0.039000,-1
0.027569,0.031000,-1
0.017544,0.007000,-1
0.082707,0.033000,-1
0.012531,0.006000,-1
0.042607,0.024000,-1
0.107769,0.174000,-1
0.002506,0.003000,-1
0.052632,0.018000,-1
0.047619,0.017000,-1
0.067669,0.051000,-1
0.027569,0.006000,-1
0.042607,0.010000,-1
0.012531,0.008000,-1
0.032581,0.012000,-1
0.062657,0.037000,-1
0.062657,0.034000,-1
0.032581,0.015000,-1
0.082707,0.052000,-1
0.047619,0.017000,-1
0.077694,0.034000,-1
0.067669,0.031000,-1
0.057644,0.056000,-1
0.072682,0.035000,-1
0.067669,0.028000,-1
0.062657,0.038000,-1
0.022556,0.009000,-1
0.032581,0.020000,-1
0.037594,0.014000,-1
0.032581,0.008000,-1
0.062657,0.025000,-1
0.012531,0.004000,-1
0.017544,0.009000,-1
0.057644,0.040000,-1
0.157895,0.166000,-1
0.017544,0.006000,-1
0.037594,0.014000,-1
0.037594,0.007000,-1
0.047619,0.040000,-1
0.037594,0.022000,-1
0.072682,0.075000,-1
0.052632,0.031000,-1
0.032581,0.008000,-1
0.097744,0.178000,-1
0.137845,0.133000,-1
0.017544,0.011000,-1
0.057644,0.032000,-1
0.072682,0.045000,-1
0.137845,0.175000,-1
0.027569,0.007000,-1
0.057644,0.021000,-1
0.177945,0.167000,-1
0.007519,0.005000,-1
0.042607,0.012000,-1
0.057644,0.022000,-1
0.052632,0.023000,-1
0.067669,0.030000,-1
0.017544,0.012000,-1
0.007519,0.005000,-1
0.022556,0.011000,-1
0.017544,0.005000,-1
0.037594,0.035000,-1
0.102757,0.044000,-1
0.017544,0.011000,-1
0.022556,0.010000,-1
0.042607,0.023000,-1
0.027569,0.011000,-1
0.022556,0.005000,-1
0.047619,0.034000,-1
0.012531,0.004000,-1
0.037594,0.042000,-1
0.052632,0.034000,-1
0.152882,0.176000,-1
0.072682,0.048000,-1
0.047619,0.021000,-1
0.177945,0.134000,-1
0.022556,0.005000,-1
0.047619,0.030000,-1
0.052632,0.047000,-1
0.007519,0.002000,-1
0.077694,0.039000,-1
0.107769,0.131000,-1
0.087719,0.033000,-1
0.032581,0.016000,-1
0.032581,0.018000,-1
0.047619,0.024000,-1
0.092732,0.089000,-1
0.012531,0.006000,-1
0.082707,0.031000,-1
0.047619,0.018000,-1
0.017544,0.005000,-1
0.047619,0.032000,-1
0.288221,0.049000,-1
0.122807,0.127000,-1
0.037594,0.014000,-1
0.037594,0.012000,-1
0.027569,0.011000,-1
0.057644,0.035000,-1
0.037594,0.027000,-1
0.012531,0.007000,-1
0.032581,0.011000,-1
0.077694,0.018000,-1
0.017544,0.007000,-1
0.017544,0.006000,-1
0.042607,0.059000,-1
0.022556,0.009000,-1
0.012531,0.005000,-1
0.022556,0.007000,-1
0.132832,0.179000,-1
0.042607,0.017000,-1
0.017544,0.004000,-1
0.027569,0.011000,-1
0.017544,0.005000,-1
0.027569,0.012000,-1
0.052632,0.013000,-1
0.037594,0.015000,-1
0.072682,0.035000,-1
0.042607,0.026000,-1
0.097744,0.172000,-1
0.047619,0.024000,-1
0.072682,0.033000,-1
0.017544,0.004000,-1
0.037594,0.026000,-1
0.002506,0.000000,-1
0.042607,0.019000,-1
0.012531,0.006000,-1
0.012531,0.007000,-1
0.057644,0.011000,-1
0.047619,0.030000,-1
0.042607,0.014000,-1
0.032581,0.019000,-1
0.012531,0.005000,-1
0.218045,0.178000,-1
0.117794,0.131000,-1
0.017544,0.009000,-1
0.037594,0.017000,-1
0.052632,0.030000,-1
0.062657,0.025000,-1
0.017544,0.007000,-1
0.027569,0.015000,-1
0.012531,0.008000,-1
0.022556,0.009000,-1
0.022556,0.005000,-1
0.032581,0.008000,-1
0.022556,0.007000,-1
0.047619,0.017000,-1
0.062657,0.027000,-1
0.067669,0.087000,-1
0.012531,0.010000,-1
0.022556,0.005000,-1
0.032581,0.015000,-1
0.067669,0.022000,-1
0.072682,0.036000,-1
0.027569,0.013000,-1
0.042607,0.045000,-1
0.107769,0.172000,-1
0.117794,0.124000,-1
0.012531,0.007000,-1
0.097744,0.046000,-1
