CM-0,CM-1,cell-id,label-gC,label-GT
0.002017,0.37337,0,-1,-1
0.001522,0.021942,1,-1,-1
0.001578,0.294478,2,-1,-1
0.007306,0.171685,3,-1,-1
0.006393,0.450917,4,-1,-1
0.007794,0.303401,5,-1,-1
0.009717,0.112442,6,-1,-1
0.01231,0.141265,7,-1,-1
0.012998,0.015171,8,-1,-1
0.017891,0.227235,9,-1,-1
0.017387,0.060131,10,-1,-1
0.017618,0.358634,11,-1,-1
0.036066,0.092429,12,-1,-1
0.022364,0.386665,13,-1,-1
0.033472,0.126784,14,-1,-1
0.028893,0.303883,15,-1,-1
0.027362,0.027119,16,-1,-1
0.026316,0.272561,17,-1,-1
0.027503,0.225593,18,-1,-1
0.029995,0.203649,19,-1,-1
0.030759,0.417966,20,-1,-1
0.031276,0.249037,21,-1,-1
0.03516,0.069808,22,-1,-1
0.03834,0.108756,23,-1,-1,24
0.041354,0.111953,24,-1,-1,23
0.044737,0.149312,25,-1,-1
0.042656,0.131415,26,-1,-1
0.041773,0.339476,27,-1,-1
0.049463,0.408866,28,-1,-1
0.052436,0.24984,29,-1,-1
0.047432,0.165885,30,-1,-1
0.047461,0.344139,31,-1,-1
0.051054,0.21214,32,-1,-1
0.051327,0.192429,33,-1,-1
0.051093,0.098585,34,-1,-1
0.051855,0.018888,35,-1,-1
0.054284,0.226624,36,-1,-1
0.059628,0.266743,37,-1,-1
0.062701,0.4548,38,-1,-1
0.072015,0.310809,39,-1,-1
0.063652,0.432783,40,-1,-1
0.071526,0.32997,41,-1,-1
0.067182,0.47946,42,-1,-1
0.073324,0.153257,43,-1,-1
0.076013,0.014756,44,-1,-1
0.077198,0.362324,45,-1,-1
0.083057,0.355409,46,-1,-1
0.086711,0.39096,47,-1,-1
0.082313,0.364481,48,-1,-1
0.089958,0.412742,49,-1,-1
0.08689,0.039843,50,-1,-1
0.097143,0.43018,51,-1,-1
0.108643,0.451001,52,-1,-1
0.109732,0.482,53,-1,-1
0.110067,0.43766,54,-1,-1
0.116092,0.469121,55,-1,-1
0.115764,0.418834,56,-1,-1
0.128661,0.324856,57,-1,-1
0.120554,0.372756,58,-1,-1
0.121061,0.299233,59,-1,-1
0.131196,0.453777,60,-1,-1
0.125006,0.462003,61,-1,-1
0.125655,0.488286,62,-1,-1
0.131334,0.351429,63,-1,-1
0.141212,0.188519,64,-1,-1
0.145685,0.03299,65,-1,-1
0.14719,0.276212,66,-1,-1
0.144406,0.215874,67,-1,-1
0.144688,0.384455,68,-1,-1
0.150422,0.430216,69,-1,-1
0.146016,0.282201,70,-1,-1
0.14651,0.440811,71,-1,-1
0.147433,0.151666,72,-1,-1
0.152435,0.179144,73,-1,-1
0.152669,0.319498,74,-1,-1
0.154663,0.476486,75,-1,-1
0.162922,0.343283,76,-1,-1
0.163847,0.125631,77,-1,-1
0.172799,0.145939,78,-1,-1
0.172115,0.461709,79,-1,-1
0.173978,0.184026,80,-1,-1
0.175099,0.449412,81,-1,-1
0.177714,0.163923,82,-1,-1
0.194072,0.033118,83,-1,-1
0.197251,0.435014,84,-1,-1
0.197382,0.474497,85,-1,-1
0.198539,0.485205,86,-1,-1
0.209168,0.490214,87,-1,-1
0.218556,0.039827,88,-1,-1
0.222831,0.424107,89,-1,-1
0.245464,0.253735,90,-1,-1
0.245318,0.304118,91,-1,-1
0.240781,0.15276,92,-1,-1
0.240883,0.333524,93,-1,-1
0.249142,0.202476,94,-1,-1
0.246039,0.288104,95,-1,-1
0.252209,0.486323,96,-1,-1
0.254702,0.173544,97,-1,-1
0.261492,0.268968,98,-1,-1
0.264588,0.161589,99,-1,-1
0.265818,0.186102,100,-1,-1
0.27123,0.44773,101,-1,-1
0.279727,0.317971,102,-1,-1
0.294545,0.478115,103,-1,-1
0.305525,0.35314,104,-1,-1
0.308134,0.474283,105,-1,-1
0.316173,0.450671,106,-1,-1
0.323368,0.47021,107,-1,-1
0.322503,0.454166,108,-1,-1
0.329689,0.484257,109,-1,-1
0.343289,0.0578,110,-1,-1
0.343304,0.466064,111,-1,-1
0.34396,0.321705,112,-1,-1
0.348802,0.430169,113,-1,-1
0.355312,0.485408,114,-1,-1
0.360748,0.099008,115,-1,-1
0.363122,0.112415,116,-1,-1
0.362562,0.306815,117,-1,-1
0.371461,0.130421,118,-1,-1
0.3713,0.03561,119,-1,-1
0.374277,0.150852,120,-1,-1
0.372316,0.27052,121,-1,-1
0.371853,0.238286,122,-1,-1
0.376066,0.432882,123,-1,-1
0.376649,0.331658,124,-1,-1
0.394035,0.056739,125,-1,-1
0.396107,0.27189,126,-1,3
0.397127,0.063002,127,-1,-1
0.419018,0.423498,128,-1,-1
0.429377,0.108702,129,-1,-1
0.426882,0.457157,130,-1,-1
0.434998,0.460641,131,-1,-1
0.438781,0.021032,132,-1,-1
0.44723,0.151873,133,-1,-1
0.456898,0.44219,134,-1,-1
0.465766,0.425763,135,-1,-1
0.465767,0.451544,136,-1,-1
0.471923,0.347253,137,-1,-1
0.473942,0.27247,138,-1,-1
0.477989,0.460797,139,-1,-1
0.489289,0.455131,140,-1,-1
0.491209,0.357965,141,-1,-1
0.493848,0.017722,142,-1,-1
0.495767,0.035433,143,-1,-1
0.497719,0.204486,144,-1,-1
0.497271,0.413488,145,-1,1
0.497802,0.424895,146,-1,1
0.502048,0.444056,147,-1,-1
0.503187,0.316045,148,-1,-1
0.504435,0.247719,149,-1,-1
0.505121,0.276657,150,-1,-1
0.513407,0.470446,151,-1,-1
0.516354,0.038415,152,-1,-1
0.534078,0.458184,153,-1,-1
0.53677,0.353411,154,-1,-1
0.540096,0.441494,155,-1,-1
0.546989,0.345676,156,-1,-1
0.55242,0.250118,157,-1,-1
0.548042,0.487966,158,-1,-1
0.55097,0.024085,159,-1,-1
0.553152,0.47455,160,-1,-1
0.560284,0.158444,161,-1,-1
0.560516,0.133312,162,-1,-1
0.576268,0.232066,163,-1,-1
0.584081,0.453404,164,-1,-1
0.591078,0.349645,165,-1,-1
0.598529,0.485313,166,-1,-1
0.609131,0.489273,167,-1,-1
0.610284,0.014235,168,-1,-1
0.613383,0.449771,169,-1,-1
0.611789,0.475807,170,-1,-1
0.626839,0.344446,171,-1,-1
0.632695,0.475412,172,-1,-1
0.640553,0.486185,173,-1,-1
0.651243,0.425744,174,-1,-1
0.648741,0.037257,175,-1,-1
0.654292,0.461856,176,-1,-1
0.666109,0.449481,177,-1,-1
0.665807,0.161155,178,-1,-1,179
0.666064,0.158527,179,-1,-1,178
0.666954,0.113879,180,-1,-1
0.667474,0.025188,181,-1,-1
0.668443,0.228415,182,-1,-1
0.668457,0.242732,183,-1,-1
0.668526,0.190058,184,-1,-1
0.675128,0.042121,185,-1,-1
0.678834,0.476171,186,-1,-1
0.686441,0.070446,187,-1,-1
0.684262,0.091162,188,-1,-1
0.682032,0.440827,189,-1,-1
0.686508,0.177155,190,-1,-1
0.687123,0.46453,191,-1,-1
0.687037,0.2767,192,-1,-1
0.688054,0.220343,193,-1,-1
0.691229,0.110768,194,-1,-1
0.692631,0.24608,195,-1,-1
0.693923,0.12311,196,-1,-1
0.700639,0.02823,197,-1,-1
0.703656,0.151621,198,-1,-1
0.712912,0.206744,199,-1,-1
0.706174,0.169173,200,-1,-1
0.705372,0.124369,201,-1,-1
0.713164,0.24871,202,-1,-1
0.711467,0.185161,203,-1,-1
0.710208,0.440872,204,-1,-1
0.710217,0.262462,205,-1,-1
0.716233,0.069241,206,-1,-1
0.718537,0.225885,207,-1,-1
0.724772,0.248595,208,-1,-1
0.728177,0.26796,209,-1,-1
0.723783,0.232723,210,-1,-1
0.724623,0.21835,211,-1,-1
0.73291,0.308561,212,-1,-1,213
0.732046,0.288612,213,-1,-1,212
0.728679,0.131847,214,-1,-1
0.732464,0.447952,215,-1,-1
0.733652,0.015708,216,-1,-1
0.7361,0.472666,217,-1,-1
0.737436,0.356064,218,-1,-1
0.738992,0.329035,219,-1,-1
0.74263,0.316464,220,-1,-1
0.74716,0.130091,221,-1,-1
0.742963,0.336502,222,-1,-1
0.746605,0.422314,223,-1,-1
0.746595,0.349463,224,-1,-1
0.745537,0.15935,225,-1,-1
0.757733,0.036879,226,-1,-1
0.758815,0.475117,227,-1,-1
0.763308,0.415703,228,-1,-1
0.767821,0.429733,229,-1,-1
0.767275,0.354617,230,-1,-1
0.772176,0.472569,231,-1,-1
0.773654,0.445798,232,-1,-1
0.773177,0.031658,233,-1,-1
0.776318,0.123331,234,-1,-1
0.778582,0.153261,235,-1,-1
0.779989,0.01911,236,-1,-1
0.781262,0.421177,237,-1,-1
0.789917,0.466787,238,-1,-1
0.783385,0.401827,239,-1,-1
0.786355,0.370839,240,-1,-1
0.793675,0.448943,241,-1,-1
0.788837,0.030134,242,-1,-1
0.797254,0.3908,243,-1,-1
0.800126,0.340666,244,-1,-1
0.809433,0.451236,245,-1,-1
0.80234,0.372928,246,-1,-1
0.803674,0.413449,247,-1,-1
0.811749,0.464343,248,-1,-1
0.812499,0.483458,249,-1,-1
0.824962,0.445951,250,-1,-1
0.835809,0.429041,251,-1,-1,255
0.83447,0.01858,252,-1,-1
0.838682,0.379917,253,-1,-1
0.839501,0.417711,254,-1,-1,256
0.843133,0.427983,255,-1,-1,251
0.845873,0.413599,256,-1,-1,254
0.852757,0.39005,257,-1,-1
0.847993,0.034876,258,-1,-1
0.848682,0.475299,259,-1,-1
0.852099,0.01726,260,-1,-1
0.862356,0.056498,261,-1,-1
0.870778,0.038344,262,-1,-1
0.867039,0.017016,263,-1,-1
0.883904,0.186875,264,-1,-1
0.89123,0.275964,265,-1,-1
0.89353,0.413982,266,-1,-1
0.897189,0.469693,267,-1,-1
0.903005,0.055334,268,-1,-1
0.902639,0.364197,269,-1,-1
0.904813,0.266781,270,-1,-1
0.910615,0.212167,271,-1,-1
0.902412,0.482152,272,-1,-1
0.902877,0.165073,273,-1,-1
0.907198,0.288503,274,-1,-1
0.903655,0.303228,275,-1,-1
0.907679,0.095473,276,-1,-1
0.914257,0.232377,277,-1,-1
0.912629,0.246662,278,-1,-1
0.91189,0.12851,279,-1,-1
0.91461,0.153005,280,-1,-1
0.914837,0.19522,281,-1,-1
0.918141,0.456458,282,-1,-1
0.927222,0.074189,283,-1,-1
0.928661,0.188599,284,-1,-1
0.922168,0.278305,285,-1,-1
0.924677,0.309562,286,-1,-1
0.929981,0.231281,287,-1,-1
0.924297,0.136572,288,-1,-1
0.926133,0.205379,289,-1,-1
0.93099,0.389347,290,-1,-1
0.932489,0.442522,291,-1,-1
0.936262,0.172507,292,-1,-1
0.935067,0.429923,293,-1,-1
0.937065,0.32211,294,-1,-1
0.938318,0.158494,295,-1,-1
0.939171,0.368319,296,-1,-1
0.939605,0.110789,297,-1,-1
0.939781,0.474182,298,-1,-1
0.94833,0.088221,299,-1,-1
0.949415,0.310726,300,-1,-1
0.948367,0.15085,301,-1,-1
0.94565,0.236314,302,-1,-1
0.942129,0.160398,303,-1,-1
0.945782,0.291739,304,-1,-1
0.947691,0.072717,305,-1,-1
0.944335,0.248848,306,-1,-1
0.946595,0.468943,307,-1,-1
0.952067,0.128061,308,-1,-1
0.949644,0.023502,309,-1,-1
0.950387,0.411813,310,-1,-1
0.950506,0.325273,311,-1,-1
0.955829,0.111667,312,-1,-1
0.953567,0.011791,313,-1,-1
0.961199,0.27206,314,-1,-1
0.965636,0.086156,315,-1,-1
0.962548,0.363788,316,-1,-1
0.963137,0.133698,317,-1,-1
0.970562,0.189731,318,-1,-1
0.964641,0.113537,319,-1,-1
0.96921,0.073406,320,-1,-1
0.969941,0.328811,321,-1,-1
0.97058,0.140155,322,-1,-1
0.971152,0.296981,323,-1,-1
0.972075,0.470176,324,-1,-1
0.976636,0.019995,325,-1,-1
0.97751,0.451454,326,-1,-1
0.977697,0.307251,327,-1,-1
0.9818,0.053888,328,-1,-1
0.98471,0.267709,329,-1,-1
0.984538,0.413869,330,-1,-1
0.985485,0.164337,331,-1,-1
0.985177,0.35216,332,-1,-1
0.985438,0.227636,333,-1,-1
0.986567,0.47662,334,-1,-1
0.990802,0.06959,335,-1,-1
0.991688,0.322414,336,-1,-1
0.108054,0.323503,337,0,-1,372
0.148883,0.070141,338,0,0,339,382,389,392,395,397,398,400
0.145451,0.056752,339,0,0,338,389,392
0.630017,0.271265,340,4,4,774,775,778,783,791,792,793
0.07311,0.229059,341,0,0,360,362,364
0.072864,0.271793,342,0,0,344,355,358,362
0.070889,0.246751,343,0,0,362
0.068368,0.290162,344,0,0,342,355,358,366
0.074987,0.127069,345,0,0,350,356,357,361
0.074186,0.090385,346,0,0,350,354,356
0.074815,0.1902,347,0,0,353,359,364
0.073503,0.167394,348,0,0,359
0.07604,0.070254,349,0,0,354
0.075152,0.111258,350,0,0,345,346,356,357
0.075632,0.055154,351,0,0,354
0.076782,0.210808,352,0,0,364
0.08617,0.192883,353,0,0,347,359,364,371,374
0.087574,0.069621,354,0,0,346,349,351,365,367,373,380
0.087486,0.272367,355,0,0,342,344,358,362,376,379,381
0.087845,0.108556,356,0,0,345,346,350,357,365,369,378,380
0.090237,0.130913,357,0,0,345,350,356,361,369,378
0.089228,0.290767,358,0,0,342,344,355,366,372,376,381
0.091006,0.166608,359,0,0,347,348,353,361,368,371,375
0.088702,0.229883,360,0,0,341,362,364,370,374,379
0.089986,0.148148,361,0,0,345,357,359,368,375,378
0.090322,0.251965,362,0,0,341,342,343,355,360,370,379,381
0.086425,0.322691,363,0,0,366
0.090779,0.209111,364,0,0,341,347,352,353,360,370,371,374
0.09468,0.087857,365,0,0,354,356,373,380
0.091677,0.30797,366,0,0,344,358,363,372,376
0.090562,0.054521,367,0,0,354
0.111141,0.151171,368,0,0,359,361,375,378,387
0.107928,0.110049,369,0,0,356,357,378,380,382,390
0.106533,0.228842,370,0,0,360,362,364,374,379,383
0.108225,0.189848,371,0,0,353,359,364,374,375,384,391
0.111465,0.310509,372,0,0,337,358,366,376,386
0.110475,0.068887,373,0,0,354,365,377,380,382,389
0.109846,0.209854,374,0,0,353,360,364,370,371,383,384,391
0.111465,0.16977,375,0,0,359,361,368,371,391,394
0.109449,0.287905,376,0,0,355,358,366,372,381,388
0.108087,0.055631,377,0,0,373
0.107718,0.127278,378,0,0,356,357,361,368,369,390
0.110171,0.250187,379,0,0,355,360,362,370,381,383,385,388
0.111794,0.09123,380,0,0,354,356,365,369,373,382,389,390
0.109917,0.269605,381,0,0,355,358,362,376,379,388
0.128029,0.091073,382,0,0,338,369,373,380,389,390,395,396
0.126232,0.231509,383,0,0,370,374,379,385
0.125139,0.208062,384,0,0,371,374,391
0.127896,0.247194,385,0,0,379,383
0.127441,0.31254,386,0,0,372
0.124331,0.151418,387,0,0,368
0.126714,0.269847,388,0,0,376,379,381
0.129909,0.07062,389,0,0,338,339,373,380,382,392,395
0.127465,0.107256,390,0,0,369,378,380,382,395,396
0.124902,0.189309,391,0,0,371,374,375,384
0.131433,0.054605,392,0,0,338,339,389
0.124495,0.128453,393,-1,0
0.128518,0.168204,394,0,0,375
0.148132,0.089014,395,0,0,338,382,389,390,396,400
0.148126,0.107242,396,0,0,382,390,395,399,400
0.16799,0.053927,397,0,0,338,398,403,404
0.1709,0.069191,398,0,0,338,397,400,402,403,404
0.169173,0.109871,399,0,0,396,400,401,402
0.173044,0.088768,400,0,0,338,395,396,398,399,401,402,403
0.186566,0.106409,401,0,0,399,400,402,406,407
0.191505,0.090084,402,0,0,398,399,400,401,403,406,407,408
0.188844,0.070352,403,0,0,397,398,400,402,404,405,406,408
0.191408,0.0545,404,0,0,397,398,403,405
0.20541,0.055214,405,0,0,403,404,408
0.211171,0.091289,406,0,0,401,402,403,407,408,409,410,412
0.211875,0.107433,407,0,0,401,402,406,409,412
0.212403,0.071181,408,0,0,402,403,405,406,409,410
0.230523,0.087555,409,0,0,406,407,408,410,412,413,414,416
0.231504,0.068745,410,0,0,406,408,409,411,413,414
0.22769,0.05595,411,0,0,410
0.229186,0.106397,412,0,0,406,407,409,413,416
0.247402,0.088767,413,0,0,409,410,412,414,416,418,419,421
0.249977,0.070622,414,0,0,409,410,413,415,418,419,420
0.246663,0.052418,415,0,0,414
0.253688,0.107982,416,0,0,409,412,413,419,421
0.264408,0.152953,417,0,0,434
0.268725,0.068237,418,0,0,413,414,419,420,429,435,438
0.268294,0.091043,419,0,0,413,414,416,418,421,429,439
0.268761,0.055004,420,0,0,414,418,435
0.269239,0.108551,421,0,0,413,416,419,427,429,439
0.275573,0.12837,422,0,0,427
0.278094,0.2891,423,0,0,425
0.279762,0.207842,424,0,0,431
0.290825,0.288892,425,0,0,423,430,436,444,447,450
0.289222,0.188723,426,0,0,431,432,441,445,449
0.288635,0.128481,427,0,0,421,422,434,439,440,452
0.285995,0.322277,428,0,0,430
0.287219,0.092782,429,0,0,418,419,421,438,439,442,446,452
0.290406,0.310569,430,0,0,425,428,444,447
0.288272,0.20892,431,0,0,424,426,437,445,448,449
0.289976,0.172198,432,0,0,426,434,441,443,449
0.291639,0.248988,433,0,0,436,437,448,450,451
0.290702,0.151685,434,0,0,417,427,432,440,441,443
0.28977,0.054039,435,0,0,418,420,438,442
0.289512,0.270024,436,0,0,425,433,444,450,451
0.292838,0.228692,437,0,0,431,433,445,448,451
0.289425,0.070639,438,0,0,418,429,435,442
0.290793,0.108611,439,0,0,419,421,427,429,440,446,452
0.309182,0.130806,440,0,0,427,434,439,443,452,463,464
0.310473,0.171628,441,0,0,426,432,434,443,449,457,459
0.310248,0.070544,442,0,0,429,435,438,446,454,456,467,469
0.311155,0.151561,443,0,0,432,434,440,441,457,464,465
0.311442,0.288997,444,0,0,425,430,436,447,450,455,458,468
0.3124,0.21068,445,0,0,426,431,437,448,449,459,460,466
0.307792,0.092318,446,0,0,429,439,442,452,456,463,467
0.311677,0.310117,447,0,0,425,430,444,453,455,458
0.309286,0.22864,448,0,0,431,433,437,445,451,460,461,466
0.312189,0.188478,449,0,0,426,431,432,441,445,457,459,466
0.309624,0.266084,450,0,0,425,433,436,444,451,455,461,468
0.311393,0.249778,451,0,0,433,436,437,448,450,460,461,468
0.311588,0.109472,452,0,0,427,429,439,440,446,463,464,467
0.312196,0.323431,453,0,0,447
0.311337,0.053346,454,0,0,442
0.328981,0.287393,455,0,0,444,447,450,458,468,479
0.327969,0.071702,456,0,0,442,446,467,469,473,474
0.331274,0.168476,457,0,0,441,443,449,459,465,481
0.331968,0.311454,458,0,0,444,447,455,462,477
0.328773,0.189095,459,0,0,441,445,449,457,466,482
0.32892,0.230095,460,0,0,445,448,451,461,466,470
0.329266,0.252508,461,0,0,448,450,451,460,468,480
0.32706,0.32382,462,0,0,458
0.331533,0.110671,463,0,0,440,446,452,464,467,473,476
0.330805,0.131862,464,0,0,440,443,452,463,465,472
0.328781,0.152694,465,0,0,443,457,464,471
0.332106,0.209537,466,0,0,445,448,449,459,460,470,475
0.330125,0.091925,467,0,0,442,446,452,456,463,473
0.331556,0.269792,468,0,0,444,450,451,455,461,478
0.330071,0.056354,469,0,0,442,456
0.344847,0.229235,470,0,0,460,466
0.341476,0.149603,471,0,0,465
0.3419,0.128681,472,0,0,464
0.349843,0.089967,473,0,0,456,463,467,474,476
0.344362,0.070654,474,0,0,456,473
0.341413,0.20723,475,0,0,466
0.348206,0.11238,476,0,0,463,473
0.347443,0.311982,477,0,-1,458
0.344578,0.268935,478,0,0,468
0.345959,0.288414,479,0,0,455
0.343059,0.246363,480,0,0,461
0.343388,0.17134,481,0,0,457
0.344751,0.188244,482,0,0,459
0.497333,0.391918,483,1,1,487
0.498341,0.369307,484,1,1,486
0.512797,0.408798,485,1,1,487,488,489,492
0.506416,0.37098,486,1,1,484,487,491
0.512258,0.390858,487,1,1,483,485,486,489,491,492
0.509952,0.428479,488,1,1,485,490,492
0.526928,0.392556,489,1,1,485,487,491,492,493,494
0.52598,0.423826,490,1,1,488,492
0.531513,0.368551,491,1,1,486,487,489,494
0.531252,0.409722,492,1,1,485,487,488,489,490,493,496
0.549512,0.408215,493,1,1,489,492,495,496,497,499,500
0.548629,0.369589,494,1,1,489,491,496,497,498
0.551714,0.424835,495,1,1,493
0.552606,0.391017,496,1,1,492,493,494,497,498
0.568426,0.388945,497,1,1,493,494,496,498,499,501,503,504
0.567461,0.372319,498,1,1,494,496,497,501,503
0.570023,0.410496,499,1,1,493,497,500,502,503,504
0.569596,0.423359,500,1,1,493,499,502,504
0.589866,0.370853,501,1,1,497,498,503,505,506
0.587527,0.424272,502,1,1,499,500,504
0.589906,0.390323,503,1,1,497,498,499,501,504,505,506,508
0.589391,0.409883,504,1,1,497,499,500,502,503,506,508
0.607498,0.372494,505,1,1,501,503,506,509,511
0.608444,0.387499,506,1,1,501,503,504,505,508,509,510,511
0.6086,0.424447,507,-1,1
0.610165,0.411202,508,1,1,503,504,506,510,511
0.628848,0.373598,509,1,1,505,506,511,513,515
0.629655,0.410549,510,1,1,506,508,511,512,514,515
0.630524,0.392255,511,1,1,505,506,508,509,510,513,514,515
0.629421,0.424927,512,1,1,510,514
0.649665,0.369959,513,1,1,509,511,515,517,519
0.647902,0.411004,514,1,1,510,511,512,515,516,517
0.653955,0.390235,515,1,1,509,510,511,513,514,516,517,519
0.66756,0.409104,516,1,1,514,515,517,518,520,521
0.669521,0.390606,517,1,1,513,514,515,516,519,520,521
0.669093,0.427965,518,1,1,516
0.670352,0.369729,519,1,1,513,515,517,521,522
0.690364,0.410233,520,1,1,516,517,521,523,524,526
0.69055,0.387933,521,1,1,516,517,519,520,522,524,526,527
0.691652,0.369914,522,1,1,519,521,526,527
0.69075,0.422458,523,1,1,520
0.709801,0.409496,524,1,1,520,521,525,526,530,531
0.709835,0.424657,525,1,1,524
0.712142,0.388776,526,1,1,520,521,522,524,527,529,530,531
0.71293,0.372996,527,1,1,521,522,526,529,531
0.726374,0.426304,528,1,1,530
0.730544,0.370908,529,1,1,526,527,531,532,534
0.73144,0.410268,530,1,1,524,526,528,531,532,533
0.729998,0.389302,531,1,1,524,526,527,529,530,532
0.749777,0.389155,532,1,1,529,530,531,533,534
0.746807,0.411232,533,1,1,530,532
0.748853,0.369357,534,1,-1,529,532
0.408964,0.07204,535,2,2,536,537,539,540
0.410832,0.089424,536,2,2,535,538,539,540
0.408614,0.052603,537,2,2,535,540,541
0.404542,0.103894,538,2,2,536
0.428428,0.086522,539,2,2,535,536,540,543,545
0.430115,0.072673,540,2,2,535,536,537,539,542,543,545
0.425278,0.052378,541,2,2,537
0.449084,0.051407,542,2,2,540,543,546,549
0.449984,0.068855,543,2,2,539,540,542,545,546,548,549
0.44927,0.10412,544,2,2,545,548
0.45074,0.092255,545,2,2,539,540,543,544,546,548
0.468527,0.070376,546,2,2,542,543,545,548,549,550,551,552
0.471332,0.101989,547,2,2,548
0.47108,0.09181,548,2,2,543,544,545,546,547,551,552,554
0.472525,0.052008,549,2,2,542,543,546,550,552
0.486296,0.052734,550,2,2,546,549,552,559
0.490379,0.0898,551,2,2,546,548,552,554,560,561,565
0.489011,0.067323,552,2,2,546,548,549,550,551,559,561,565
0.493519,0.232251,553,2,2,566
0.493881,0.109252,554,2,2,548,551,560,561,564
0.494563,0.176108,555,2,2,563
0.497273,0.12662,556,2,2,564
0.497019,0.152175,557,2,2,562
0.498196,0.189837,558,2,2,568
0.509824,0.050081,559,2,2,550,552,565,572
0.511771,0.106905,560,2,2,551,554,561,564,577
0.50963,0.09036,561,2,2,551,552,554,560,565,576
0.509012,0.150009,562,2,2,557,563,564,569,570,573
0.508226,0.167318,563,2,2,555,562,568,569,570,574
0.51044,0.128752,564,2,2,554,556,560,562,570,573,577
0.512612,0.071572,565,2,2,551,552,559,561,572,576,578
0.512105,0.227425,566,2,2,553,567,571,575
0.511185,0.211717,567,2,2,566,574,575
0.509449,0.186705,568,2,2,558,563,569,574,575
0.528357,0.166799,569,2,2,562,563,568,570,574,582,586,587
0.529817,0.150535,570,2,2,562,563,564,569,573,579,582,586
0.529289,0.22732,571,2,2,566,575,580,581
0.529806,0.052195,572,2,2,559,565,578,588
0.530278,0.130341,573,2,2,562,564,570,577,579,582,585
0.531141,0.189378,574,2,2,563,567,568,569,575,580,586,587
0.530447,0.209838,575,2,2,566,567,568,571,574,580,581,587
0.531926,0.087585,576,2,2,561,565,577,578,584,585,588
0.529588,0.111052,577,2,2,560,564,573,576,579,585
0.531611,0.070096,578,2,2,565,572,576,588
0.54984,0.129377,579,2,2,570,573,577,582,585,591
0.548591,0.211838,580,2,2,571,574,575,581,587
0.550212,0.224999,581,2,2,571,575,580
0.549045,0.152124,582,2,2,569,570,573,579,586,590
0.550636,0.05451,583,2,2,588,589,593
0.551609,0.092015,584,2,2,576,585,588,591,592,593
0.550253,0.107974,585,2,2,573,576,577,579,584,591,592
0.546376,0.167986,586,2,2,569,570,574,582,587
0.548685,0.193542,587,2,2,569,574,575,580,586
0.552066,0.072966,588,2,2,572,576,578,583,584,589,592,593
0.566609,0.050318,589,2,2,583,588,593,596
0.564093,0.168102,590,2,2,582
0.569159,0.106598,591,2,2,579,584,585,592
0.569333,0.087898,592,2,2,584,585,588,591,593,594
0.568962,0.068929,593,2,2,583,584,588,589,592,594,596,597
0.588592,0.088862,594,2,2,592,593,595,597,598,599
0.586008,0.104765,595,2,2,594
0.589232,0.0482,596,2,2,589,593,597,599,601
0.590317,0.067129,597,2,2,593,594,596,599
0.613093,0.092129,598,2,2,594,599,600,602,603,604
0.609705,0.07045,599,2,2,594,596,597,598,601,603,604,605
0.608792,0.106451,600,2,2,598
0.610085,0.053658,601,2,2,596,599,603,605
0.627644,0.107128,602,2,2,598,604,606,609
0.629106,0.069648,603,2,2,598,599,601,604,605,606,607,608
0.630531,0.089094,604,2,2,598,599,602,603,606,608
0.630586,0.051664,605,2,2,599,601,603,607,608
0.648724,0.089964,606,2,2,602,603,604,608,609
0.649162,0.051208,607,2,2,603,605,608
0.648507,0.071932,608,2,2,603,604,605,606,607,610
0.644972,0.107992,609,2,2,602,606
0.671914,0.072691,610,2,-1,608,611
0.673387,0.082198,611,2,-1,610
0.15758,0.416435,612,3,-1,613
0.167312,0.41094,613,3,-1,612,627
0.174418,0.389325,614,3,3,622
0.175555,0.375116,615,-1,3
0.177213,0.254537,616,3,3,626,632
0.177203,0.271327,617,3,3,626
0.177374,0.297667,618,3,3,623
0.178198,0.22702,619,3,3,624
0.177814,0.315784,620,3,3,630
0.178198,0.206499,621,3,3,634
0.190259,0.389113,622,3,3,614,627,635,637,641,643
0.188592,0.290194,623,3,3,618,626,630,636,642,646
0.189002,0.230565,624,3,3,619,632,634,638,645
0.187426,0.350856,625,3,3,633,635,637,639
0.186181,0.269908,626,3,3,616,617,623,632,636,638
0.191739,0.411415,627,3,3,613,622,641,643
0.187643,0.153474,628,3,3,631
0.188021,0.190012,629,3,3,631,634,640,648
0.190642,0.311153,630,3,3,620,623,633,642,646,647
0.190893,0.168659,631,3,3,628,629,640,648
0.186804,0.251793,632,3,3,616,624,626,636,638
0.18787,0.333103,633,3,3,625,630,639
0.189581,0.209143,634,3,3,621,624,629,640,644
0.193205,0.368072,635,3,3,622,625,637,639,641
0.207443,0.267727,636,3,3,623,626,632,638,642,652,657
0.209563,0.371101,637,3,3,622,625,635,639,641,651,661
0.209581,0.248373,638,3,3,624,626,632,636,645,650,652,658
0.207128,0.350626,639,3,3,625,633,635,637,647,651,655,661
0.209591,0.189989,640,3,3,629,631,634,644,648,653,656,663
0.210361,0.39046,641,3,3,622,627,635,637,643,660,661
0.209384,0.286749,642,3,3,623,630,636,646,652,654,657
0.208733,0.407161,643,3,3,622,627,641,660
0.213014,0.212047,644,3,3,634,640,645,650,653,656
0.210568,0.229274,645,3,3,624,638,644,650,653
0.209628,0.310832,646,3,3,623,630,642,647,654,655,657
0.210642,0.328013,647,3,3,630,639,646,651,654,655
0.211658,0.172033,648,3,3,629,631,640,649,656,659,663
0.213371,0.151063,649,3,3,648,659
0.229868,0.228241,650,3,3,638,644,645,653,658,665
0.228707,0.349127,651,3,3,637,639,647,655,661,669
0.230501,0.268749,652,3,3,636,638,642,657,658,664
0.228387,0.212783,653,3,3,640,644,645,650,656
0.22964,0.311598,654,3,3,642,646,647,655,657
0.227636,0.329421,655,3,3,639,646,647,651,654
0.229357,0.190609,656,3,3,640,644,648,653,663,666
0.230599,0.288786,657,3,3,636,642,646,652,654
0.225152,0.251174,658,3,3,638,650,652
0.231699,0.15394,659,3,3,648,649,663
0.230877,0.410799,660,3,3,641,643,667,668
0.230565,0.369425,661,3,3,637,639,641,651,668,669,670
0.231251,0.39077,662,3,3,668
0.230657,0.173741,663,3,3,640,648,656,659
0.243118,0.266003,664,3,3,652
0.242762,0.227638,665,3,3,650
0.251076,0.188235,666,3,3,656
0.249931,0.411478,667,3,3,660,668,674
0.248208,0.390998,668,3,3,660,661,662,667,671,673
0.248156,0.353947,669,3,3,651,661,671
0.248264,0.369482,670,3,3,661,671
0.269774,0.369859,671,3,3,668,669,670,672,673,675,677,678
0.267097,0.353646,672,3,3,671
0.269466,0.388041,673,3,3,668,671,674,675,676,678
0.269189,0.413174,674,3,3,667,673,675,676
0.290971,0.390115,675,3,3,671,673,674,676,678,679,680,681
0.291429,0.40979,676,3,3,673,674,675,679,681
0.287975,0.356951,677,3,3,671,678
0.290324,0.370637,678,3,3,671,673,675,677,680,681
0.30898,0.410203,679,3,3,675,676,681,682,683
0.311365,0.372704,680,3,3,675,678,681,682,684
0.310374,0.385687,681,3,3,675,676,678,679,680,682,684
0.330347,0.389449,682,3,3,679,680,681,683,684,686,687,688
0.327993,0.411938,683,3,3,679,682,686,688
0.330883,0.369628,684,3,3,680,681,682,685,686,687,689
0.332328,0.356952,685,3,3,684,687
0.35018,0.389148,686,3,3,682,683,684,687,688,690,691,692
0.3493,0.370293,687,3,3,682,684,685,686,689,690,691
0.35166,0.411295,688,3,3,682,683,686,691,692
0.35167,0.355149,689,3,3,684,687,690
0.373184,0.368165,690,3,3,686,687,689,691,693,695,698,699
0.369062,0.38902,691,3,3,686,687,688,690,692,694,698,699
0.368666,0.408769,692,3,3,686,688,691,694,698
0.369369,0.353987,693,3,3,690
0.390573,0.41061,694,3,3,691,692,698,708,710
0.389148,0.35232,695,3,3,690,699,711,715
0.389501,0.170116,696,3,3,697,700,709,718
0.393614,0.155838,697,3,3,696,709
0.391217,0.391343,698,3,3,690,691,692,694,699,708,710,715
0.390494,0.370102,699,3,3,690,691,695,698,710,715
0.394079,0.189435,700,3,3,696,702,709,713,718
0.394394,0.24931,701,3,3,712
0.392392,0.205685,702,3,3,700,713,718
0.39462,0.310112,703,3,3,707
0.39617,0.226715,704,3,3,719
0.397392,0.290386,705,3,3,716
0.398183,0.327197,706,3,3,714
0.410811,0.310352,707,3,3,703,714,716,724,727
0.410231,0.408209,708,3,3,694,698,710,729,734
0.40904,0.168355,709,3,3,696,697,700,718,720,722,730,733
0.410329,0.388838,710,3,3,694,698,699,708,715,729,731,734
0.410918,0.349487,711,3,3,695,714,715,723,731
0.407864,0.249077,712,3,3,701,717,719,728,732
0.409591,0.209441,713,3,3,700,702,718,719,722,726
0.410701,0.328562,714,3,3,706,707,711,724,727
0.408125,0.368145,715,3,3,695,698,699,710,711,723,729,731
0.410142,0.290163,716,3,3,705,707,717,724,725,728
0.411292,0.269259,717,3,3,712,716,728,732
0.412055,0.189919,718,3,3,696,700,702,709,713,722,726,730
0.413234,0.229411,719,3,3,704,712,713,721,726,732
0.412825,0.152792,720,3,3,709
0.432017,0.22922,721,3,3,719,726,732,741
0.430077,0.189287,722,3,3,709,713,718,726,730,735,745
0.425476,0.352033,723,3,3,711,715,731,739
0.429414,0.311098,724,3,3,707,714,716,725,727,740,744
0.431389,0.293138,725,3,3,716,724,728,740,743
0.429825,0.208641,726,3,3,713,718,719,721,722,741,747
0.430713,0.329582,727,3,3,707,714,724,739,740,744
0.428734,0.269337,728,3,3,712,716,717,725,732,742,743
0.430165,0.389853,729,3,3,708,710,715,731,734,736,737,746
0.429638,0.170452,730,3,3,709,718,722,733,735
0.427264,0.366708,731,3,3,710,711,715,723,729,736,739,746
0.429402,0.249923,732,3,3,712,717,719,721,728,738,741
0.432616,0.153701,733,3,3,709,730,735
0.431484,0.410287,734,3,3,708,710,729,736,737
0.443273,0.165252,735,3,3,722,730,733
0.443293,0.38959,736,3,3,729,731,734,737,746
0.444107,0.412038,737,3,3,729,734,736,748
0.443407,0.247734,738,3,3,732
0.443892,0.348497,739,3,3,723,727,731,744
0.444473,0.308907,740,3,3,724,725,727
0.443331,0.230292,741,3,3,721,726,732
0.445533,0.268407,742,3,3,728
0.443229,0.285272,743,3,3,725,728
0.445167,0.330895,744,3,3,724,727,739
0.445804,0.188792,745,3,3,722
0.446324,0.372891,746,3,3,729,731,736
0.446206,0.203109,747,3,3,726
0.450374,0.430475,748,3,-1,737
0.532415,0.290416,749,4,4,750,755
0.534491,0.310285,750,4,4,749,753,756
0.534598,0.273538,751,4,4,754
0.532906,0.33027,752,4,4,756
0.550753,0.311041,753,4,4,750,755,756,757,758
0.547291,0.273198,754,4,4,751,755,758
0.550688,0.29072,755,4,4,749,753,754,757,758
0.550897,0.325537,756,4,4,750,752,753,757,760
0.568243,0.310405,757,4,4,753,755,756,758,760,763,765,766
0.56933,0.291525,758,4,4,753,754,755,757,759,763,765
0.572153,0.272015,759,4,4,758
0.571201,0.327022,760,4,4,756,757
0.570298,0.250872,761,-1,-1
0.590985,0.209358,762,4,4,764,767,772,773
0.588999,0.290462,763,4,4,757,758,765,775
0.594341,0.227382,764,4,4,762,773,774,776
0.588686,0.309265,765,4,4,757,758,763,766,777
0.58998,0.325329,766,4,4,757,765,779
0.592192,0.189325,767,4,4,762,768,772,773,782
0.594202,0.168807,768,4,4,767,770,772,780,782
0.593627,0.26917,769,4,4,778
0.596384,0.152512,770,4,4,768,780
0.593959,0.250577,771,4,4,774,776
0.609215,0.189178,772,4,4,762,767,768,773,782,787,789,790
0.610964,0.209898,773,4,4,762,764,767,772,776,787,788,789
0.608836,0.248922,774,4,4,340,764,771,776,778,788,791
0.60766,0.2895,775,4,4,340,763,777,778,783,784
0.607698,0.230831,776,4,4,764,771,773,774,787,788,791
0.610068,0.310238,777,4,4,765,775,779,783,784
0.611899,0.268303,778,4,4,340,769,774,775,783,791
0.611599,0.32442,779,4,4,766,777,784,786
0.61357,0.147763,780,4,4,768,770,781,782,785,790
0.609033,0.131413,781,4,4,780
0.611267,0.171409,782,4,4,767,768,772,780,789,790
0.627786,0.2909,783,4,4,340,775,777,778,784,792,793,796
0.63091,0.309747,784,4,4,775,777,779,783,786,793,796,798
0.627735,0.149102,785,4,4,780,790,795,801
0.629876,0.328266,786,4,4,779,784,798
0.628187,0.212555,787,4,4,772,773,776,788,789,794,799
0.62847,0.230526,788,4,4,773,774,776,787,791,794,800,802
0.628887,0.189886,789,4,4,772,773,782,787,790,794,795,799
0.629346,0.168163,790,4,4,772,780,782,785,789,795
0.629033,0.250302,791,4,4,340,774,776,778,788,792,800
0.650061,0.271165,792,4,4,340,783,791,793,800
0.648589,0.28775,793,4,4,340,783,784,792,796
0.647268,0.210478,794,4,4,787,788,789,799,802
0.645367,0.169807,795,4,4,785,789,790,799,801
0.647414,0.309063,796,4,4,783,784,793,798
0.642496,0.139608,797,-1,4
0.647484,0.327309,798,4,4,784,786,796
0.648007,0.190349,799,4,4,787,789,794,795
0.64903,0.24873,800,4,4,788,791,792,802
0.650354,0.149066,801,4,4,785,795
0.651112,0.229602,802,4,4,788,794,800
0.71307,0.090463,803,5,5,804,805
0.727582,0.088517,804,5,5,803,805,806,808,810,811
0.731234,0.073007,805,5,5,803,804,807,808,810
0.729798,0.105623,806,5,5,804,810,811
0.732512,0.055313,807,5,5,805
0.75152,0.071053,808,5,5,804,805,810,813,817,820
0.753948,0.229849,809,5,5,814,816,818,823
0.750132,0.09088,810,5,5,804,805,806,808,811,817,820,824
0.748979,0.105694,811,5,5,804,806,810,820,824
0.751486,0.267466,812,5,5,822
0.750732,0.055361,813,5,5,808,817
0.754304,0.214779,814,5,5,809,818
0.757564,0.250707,815,5,5,816
0.768592,0.248158,816,5,5,809,815,822,823,831,837
0.769026,0.068015,817,5,5,808,810,813,820,821,827,832,834
0.770904,0.212441,818,5,5,809,814,819,823,830,839,840
0.768647,0.191249,819,5,5,818,830,838
0.767757,0.090899,820,5,5,808,810,811,817,824,827,829,834
0.772356,0.055785,821,5,5,817,832
0.769181,0.268924,822,5,5,812,816,825,831,835,837
0.767778,0.2312,823,5,5,809,816,818,839
0.769069,0.108182,824,5,5,810,811,820,829
0.774073,0.289675,825,5,5,822,835
0.776479,0.169281,826,5,5,838
0.78859,0.07043,827,5,5,817,820,832,834,845,848,850
0.791875,0.130196,828,5,5,829,833,844,846,851
0.790224,0.107556,829,5,5,820,824,828,834,845,846,851
0.790444,0.189452,830,5,5,818,819,838,840,847,853,855
0.78657,0.266025,831,5,5,816,822,835,837,841,843,849
0.788523,0.053282,832,5,5,817,821,827,848
0.790274,0.149853,833,5,5,828,838,844,847
0.79082,0.089004,834,5,5,817,820,827,829,845,851
0.791152,0.292372,835,5,5,822,825,831,836,842,843,849
0.792364,0.305432,836,5,5,835,842,849
0.789449,0.248272,837,5,5,816,822,831,839,841,852
0.793514,0.168931,838,5,5,819,826,830,833,844,847,853
0.79174,0.231378,839,5,5,818,823,837,840,852
0.79191,0.210052,840,5,5,818,830,839,852,853,855
0.809362,0.251191,841,5,5,831,837,843,852,859,862
0.808575,0.31055,842,5,5,835,836,849,854,857,865,867
0.807142,0.2701,843,5,5,831,835,841,849,859,865
0.81112,0.151067,844,5,5,828,833,838,846,847,860,863,866
0.80723,0.088081,845,5,5,827,829,834,850,851,856,858,869
0.810613,0.130469,846,5,5,828,829,844,851,858,860,863
0.810137,0.167576,847,5,5,830,833,838,844,853,863,866,868
0.811826,0.05387,848,5,5,827,832,850,864,869
0.809741,0.288956,849,5,5,831,835,836,842,843,859,865,867
0.807881,0.072079,850,5,5,827,845,848,856
0.811036,0.109422,851,5,5,828,829,834,845,846,856,858,860
0.810915,0.230627,852,5,5,837,839,840,841,855,861,862,870
0.808913,0.188124,853,5,5,830,838,840,847,855,866,868,870
0.812903,0.331465,854,5,5,842,857,867
0.813003,0.20884,855,5,5,830,840,852,853,870
0.829355,0.090642,856,5,5,845,850,851,858,869,872,881,882
0.823946,0.330797,857,5,5,842,854,867,871,876
0.828226,0.110046,858,5,5,845,846,851,856,860,878,881,882
0.827827,0.272095,859,5,5,841,843,849,862,865,874,877,884
0.830519,0.130098,860,5,5,844,846,851,858,863,878,880,881
0.825473,0.232947,861,5,5,852,862,870,874,879,883
0.829777,0.249059,862,5,5,841,852,859,861,874,877,883
0.830753,0.149286,863,5,5,844,846,847,860,866,878,880,886
0.82786,0.053404,864,5,5,848,869,875
0.830904,0.291662,865,5,5,842,843,849,859,867,877,884,888
0.828062,0.172335,866,5,5,844,847,853,863,868,880,886
0.830333,0.309774,867,5,5,842,849,854,857,865,876,884,888
0.831323,0.189193,868,5,5,847,853,866,870
0.831139,0.069217,869,5,5,845,848,856,864,872,875
0.832772,0.211307,870,5,5,852,853,855,861,868,879,883
0.83423,0.351007,871,5,5,857,873,876,887
0.847857,0.068114,872,5,5,856,869,875,882,890,904
0.848005,0.351135,873,5,5,871,876,887,893,898
0.848725,0.251238,874,5,5,859,861,862,877,883,894,896,897
0.849243,0.05453,875,5,5,864,869,872,904
0.849644,0.331113,876,5,5,857,867,871,873,888,892,898,899
0.849728,0.270009,877,5,5,859,862,865,874,884,889,894,897
0.851163,0.128299,878,5,5,858,860,863,880,881,895,900,901
0.849704,0.211764,879,5,5,861,870,883,885,891,896,903
0.848895,0.149208,880,5,5,860,863,866,878,886,900,901,902
0.850015,0.109772,881,5,5,856,858,860,878,882,890,895,900
0.850683,0.089318,882,5,5,856,858,872,881,890,895,904
0.851295,0.226353,883,5,5,861,862,870,874,879,894,896,903
0.84939,0.290535,884,5,5,859,865,867,877,888,889,897
0.849764,0.186966,885,5,5,879,886,891,902
0.850868,0.169045,886,5,5,863,866,880,885,901,902
0.853831,0.368457,887,5,5,871,873,893
0.850544,0.30985,888,5,5,865,867,876,884,892,898
0.870218,0.288693,889,5,5,877,884,897,915
0.868868,0.089134,890,5,5,872,881,882,895,904,909,912
0.872143,0.192025,891,5,5,879,885,902,903,906
0.868958,0.312028,892,5,5,876,888,898
0.868888,0.36959,893,5,5,873,887,899,905,911,914
0.869388,0.249766,894,5,5,874,877,883,896,897
0.870947,0.110769,895,5,5,878,881,882,890,900,909,912,913
0.869773,0.231771,896,5,5,874,879,883,894,903
0.870009,0.269702,897,5,5,874,877,884,889,894
0.869725,0.331871,898,5,5,873,876,888,892,899,908,914,916
0.871048,0.349368,899,5,5,876,893,898,911,914
0.86883,0.13063,900,5,5,878,880,881,895,901,909,910,913
0.870397,0.150245,901,5,5,878,880,886,900,902,906,910,913
0.870693,0.168629,902,5,5,880,885,886,891,901,906,910
0.871785,0.211409,903,5,5,879,883,891,896,907
0.869278,0.069126,904,5,5,872,875,882,890
0.876525,0.383071,905,5,5,893,911
0.884488,0.169682,906,5,5,891,901,902,910
0.886252,0.212875,907,5,5,903
0.887407,0.313941,908,5,5,898,916
0.890292,0.108201,909,5,5,890,895,900,912,913
0.887239,0.148281,910,5,5,900,901,902,906,913
0.888547,0.369293,911,5,5,893,899,905,914,917
0.887455,0.089979,912,5,5,890,895,909
0.893084,0.130532,913,5,5,895,900,901,909,910
0.887984,0.350353,914,5,5,893,898,899,911,916,919
0.890717,0.289936,915,5,-1,889
0.889312,0.329855,916,5,5,898,908,914,918
0.888428,0.382815,917,5,5,911
0.902431,0.334222,918,5,5,916
0.904978,0.34627,919,5,5,914
