id,Label,Number_Points,x,y
0,0,12,0.771080,0.850234
1,1,4,0.768951,0.269636
2,2,6,0.933719,0.767754
3,3,13,0.850313,0.571013
4,4,13,0.810018,0.590375
5,5,9,0.191435,0.829751
6,6,5,0.327505,0.564593
7,7,14,0.431450,0.152009
8,8,7,0.870627,0.310375
9,9,4,0.715148,0.210729
10,10,15,0.488930,0.750226
11,11,6,0.193092,0.129204
12,12,8,0.047030,0.789804
13,13,8,0.428748,0.869944
14,14,8,0.268804,0.652891
15,15,10,0.350270,0.108980
16,16,7,0.171996,0.588945
17,17,1,0.124057,0.623409
18,18,10,0.729878,0.891065
19,19,9,0.131011,0.110237
20,20,20,0.391232,0.309163
21,21,10,0.187914,0.584307
22,22,12,0.089901,0.828944
23,23,9,0.329160,0.150683
24,24,5,0.491760,0.627840
25,25,12,0.272513,0.566325
26,26,1,0.758884,0.974891
27,27,4,0.065418,0.689847
28,28,12,0.773217,0.647820
29,29,1,0.542769,0.162339
30,30,10,0.131783,0.292097
31,31,7,0.772431,0.628200
32,32,8,0.612766,0.792130
33,33,12,0.830900,0.948326
34,34,6,0.531819,0.707226
35,35,5,0.267709,0.154512
36,36,4,0.806470,0.811613
37,37,9,0.229563,0.569882
38,38,7,0.191517,0.311480
39,39,5,0.537723,0.088270
40,40,13,0.551096,0.587426
41,41,9,0.752380,0.810564
42,42,4,0.224536,0.391223
43,43,14,0.250337,0.269403
44,44,4,0.708623,0.433060
45,45,5,0.851121,0.610241
46,46,8,0.773577,0.812223
47,47,6,0.549517,0.795542
48,48,1,0.732777,0.543088
49,49,5,0.844306,0.947487
50,50,12,0.451348,0.889477
51,51,6,0.333728,0.834323
52,52,8,0.728140,0.091633
53,53,13,0.731501,0.690770
54,54,10,0.367590,0.851707
55,55,15,0.812266,0.630050
56,56,7,0.651708,0.628946
57,57,12,0.929385,0.210568
58,58,8,0.153207,0.192370
59,59,6,0.771488,0.693272
60,60,9,0.808323,0.366766
61,61,8,0.453011,0.687576
62,62,8,0.192261,0.849710
63,63,8,0.811754,0.833603
64,64,6,0.892813,0.669292
65,65,7,0.247214,0.551282
66,66,7,0.349305,0.913952
67,67,9,0.634931,0.309700
68,68,13,0.909730,0.832080
69,69,11,0.233473,0.509657
70,70,4,0.874013,0.211287
71,71,8,0.069763,0.330419
72,72,2,0.410204,0.689690
73,73,4,0.067408,0.284403
74,74,12,0.229596,0.730505
75,75,13,0.212276,0.530326
76,76,4,0.671256,0.645355
77,77,8,0.152610,0.272263
78,78,15,0.230218,0.690388
79,79,4,0.312556,0.566184
80,80,4,0.268616,0.185201
81,81,12,0.888390,0.848805
82,82,11,0.211140,0.310897
83,83,11,0.888025,0.349374
84,84,9,0.313774,0.167313
85,85,14,0.870951,0.389149
86,86,3,0.310951,0.731121
87,87,2,0.346534,0.692167
88,88,17,0.689702,0.291854
89,89,1,0.241720,0.087026
90,90,9,0.031376,0.633279
91,91,5,0.107255,0.346357
92,92,6,0.511291,0.870354
93,93,2,0.182859,0.099372
94,94,16,0.253039,0.768306
95,95,16,0.449149,0.870927
96,96,9,0.731107,0.134683
97,97,11,0.908091,0.129074
98,98,13,0.211064,0.110288
99,99,6,0.854523,0.890814
100,100,10,0.791492,0.946311
101,101,7,0.193285,0.546566
102,102,5,0.528455,0.747911
103,103,11,0.189703,0.150755
104,104,11,0.792834,0.666076
105,105,14,0.429472,0.528761
106,106,10,0.329001,0.849290
107,107,12,0.431833,0.129530
108,108,7,0.288191,0.272550
109,109,9,0.185730,0.886777
110,110,9,0.769324,0.487157
111,111,9,0.306174,0.327477
112,112,8,0.890627,0.327686
113,113,9,0.788189,0.569164
114,114,7,0.410144,0.891213
115,115,6,0.292382,0.288607
116,116,1,0.361343,0.699418
117,117,11,0.411830,0.132530
118,118,8,0.228822,0.191693
119,119,5,0.964739,0.909847
120,120,10,0.950773,0.911202
121,121,3,0.710036,0.729374
122,122,5,0.673272,0.036851
123,123,4,0.192316,0.467860
124,124,8,0.471068,0.548473
125,125,7,0.330165,0.311881
126,126,8,0.047294,0.152171
127,127,9,0.090392,0.254216
128,128,10,0.807465,0.569147
129,129,8,0.490269,0.670531
130,130,9,0.583773,0.828686
131,131,12,0.610317,0.627209
132,132,7,0.771084,0.929972
133,133,11,0.290239,0.870731
134,134,7,0.449902,0.649228
135,135,7,0.072602,0.129008
136,136,10,0.830763,0.827098
137,137,7,0.626319,0.291010
138,138,4,0.067809,0.709473
139,139,11,0.150685,0.531365
140,140,7,0.233094,0.333616
141,141,12,0.551387,0.550332
142,142,11,0.847971,0.589270
143,143,7,0.912040,0.191631
144,144,8,0.873296,0.251394
145,145,13,0.448279,0.751764
146,146,11,0.346887,0.549623
147,147,7,0.927261,0.172327
148,148,18,0.149593,0.310213
149,149,8,0.590688,0.592268
150,150,7,0.767434,0.428713
151,151,8,0.272020,0.868891
152,152,7,0.528393,0.828622
153,153,8,0.513458,0.708741
154,154,7,0.868552,0.812189
155,155,15,0.049929,0.330338
156,156,9,0.309304,0.190828
157,157,7,0.292692,0.255620
158,158,12,0.268073,0.692484
159,159,7,0.609868,0.168171
160,160,8,0.749990,0.829429
161,161,14,0.909940,0.148736
162,162,9,0.249347,0.850798
163,163,11,0.469744,0.686012
164,164,9,0.734316,0.850811
165,165,7,0.289223,0.311024
166,166,1,0.108021,0.959691
167,167,6,0.925719,0.145913
168,168,9,0.710963,0.470252
169,169,2,0.452715,0.413389
170,170,6,0.870934,0.890346
171,171,14,0.691618,0.307577
172,172,11,0.730432,0.830518
173,173,8,0.330909,0.189954
174,174,12,0.629665,0.630897
175,175,8,0.748405,0.754917
176,176,9,0.609597,0.568221
177,177,4,0.939060,0.789537
178,178,2,0.179706,0.651744
179,179,4,0.292748,0.913153
180,180,9,0.189966,0.869934
181,181,6,0.746535,0.504347
182,182,3,0.230535,0.872199
183,183,10,0.611543,0.590584
184,184,9,0.748644,0.490213
185,185,8,0.628989,0.247072
186,186,1,0.075503,0.061998
187,187,8,0.929659,0.751287
188,188,2,0.801896,0.706646
189,189,13,0.091807,0.289051
190,190,14,0.168693,0.829052
191,191,19,0.510947,0.528771
192,192,7,0.050447,0.770025
193,193,5,0.910209,0.228244
194,194,13,0.610449,0.226237
195,195,5,0.051376,0.713307
196,196,14,0.630824,0.112705
197,197,8,0.733813,0.907446
198,198,6,0.467373,0.152574
199,199,6,0.129630,0.171318
200,200,2,0.529112,0.132423
201,201,6,0.527055,0.731673
202,202,8,0.372054,0.490520
203,203,5,0.368422,0.568083
204,204,10,0.631229,0.610312
205,205,9,0.571879,0.828824
206,206,3,0.575530,0.623767
207,207,8,0.468116,0.647425
208,208,11,0.750317,0.765923
209,209,7,0.870689,0.328475
210,210,8,0.490046,0.733576
211,211,7,0.526086,0.654370
212,212,8,0.670595,0.428607
213,213,5,0.292139,0.149129
214,214,11,0.271732,0.269325
215,215,3,0.773410,0.616201
216,216,6,0.490561,0.770712
217,217,2,0.857332,0.771005
218,218,12,0.051545,0.269636
219,219,5,0.307767,0.109894
220,220,12,0.892426,0.868568
221,221,9,0.451140,0.727892
222,222,7,0.109847,0.570909
223,223,8,0.208682,0.171830
224,224,3,0.824053,0.646217
225,225,6,0.311867,0.128510
226,226,10,0.173605,0.147535
227,227,11,0.487537,0.710435
228,228,14,0.630317,0.169315
229,229,8,0.351710,0.311401
230,230,7,0.945536,0.626671
231,231,12,0.468587,0.330331
232,232,10,0.090530,0.331033
233,233,2,0.812587,0.178138
234,234,13,0.309314,0.512743
235,235,12,0.910678,0.710429
236,236,8,0.868990,0.833433
237,237,8,0.112009,0.851325
238,238,7,0.333993,0.344799
239,239,9,0.729473,0.491023
240,240,6,0.269547,0.308799
241,241,12,0.748219,0.429040
242,242,13,0.811834,0.291798
243,243,7,0.467722,0.344413
244,244,11,0.290263,0.189364
245,245,7,0.778153,0.392465
246,246,8,0.268872,0.110454
247,247,9,0.391166,0.849593
248,248,5,0.929302,0.942913
249,249,14,0.168287,0.809047
250,250,9,0.911369,0.349167
251,251,5,0.365530,0.148593
252,252,10,0.749507,0.650341
253,253,14,0.730817,0.709239
254,254,1,0.490210,0.156409
255,255,6,0.950678,0.748199
256,256,8,0.230601,0.270130
257,257,14,0.250313,0.888368
258,258,7,0.669730,0.050364
259,259,6,0.291734,0.348369
260,260,3,0.828547,0.423837
261,261,9,0.447930,0.509031
262,262,7,0.732079,0.110245
263,263,11,0.372656,0.168091
264,264,11,0.370247,0.511740
265,265,12,0.528330,0.549647
266,266,14,0.908913,0.390254
267,267,11,0.873118,0.471215
268,268,14,0.408233,0.849309
269,269,9,0.788819,0.408028
270,270,9,0.231491,0.549527
271,271,7,0.769827,0.288548
272,272,5,0.471815,0.746601
273,273,12,0.949315,0.673718
274,274,8,0.213086,0.708112
275,275,8,0.910337,0.926940
276,276,5,0.348719,0.891722
277,277,5,0.136414,0.869441
278,278,3,0.539061,0.412834
279,279,8,0.869767,0.486317
280,280,2,0.853269,0.146174
281,281,2,0.053956,0.486373
282,282,10,0.153117,0.129075
283,283,11,0.249352,0.833291
284,284,8,0.748913,0.910285
285,285,16,0.447547,0.707870
286,286,2,0.431759,0.034498
287,287,2,0.387994,0.813450
288,288,6,0.604721,0.211847
289,289,5,0.387370,0.568895
290,290,7,0.246153,0.496422
291,291,12,0.208589,0.191256
292,292,4,0.644200,0.231859
293,293,8,0.186041,0.268461
294,294,4,0.683280,0.694343
295,295,10,0.487958,0.851318
296,296,11,0.451259,0.152317
297,297,5,0.909230,0.509158
298,298,6,0.907962,0.893632
299,299,8,0.748818,0.896739
300,300,7,0.745334,0.868892
301,301,9,0.809320,0.648485
302,302,4,0.927521,0.252907
303,303,2,0.503826,0.171649
304,304,6,0.327040,0.272003
305,305,11,0.793521,0.270906
306,306,14,0.267968,0.551113
307,307,13,0.229788,0.710393
308,308,8,0.092182,0.148216
309,309,6,0.409530,0.313321
310,310,8,0.330663,0.509754
311,311,4,0.613378,0.732450
312,312,4,0.965006,0.851705
313,313,4,0.187526,0.732577
314,314,5,0.807074,0.390600
315,315,7,0.747546,0.929523
316,316,13,0.630214,0.267384
317,317,3,0.453214,0.904303
318,318,9,0.568849,0.571502
319,319,11,0.770474,0.892044
320,320,11,0.089726,0.808220
321,321,9,0.750679,0.148612
322,322,9,0.190640,0.332361
323,323,5,0.510725,0.688375
324,324,7,0.735324,0.869312
325,325,5,0.028564,0.188543
326,326,11,0.451200,0.549450
327,327,3,0.918336,0.332494
328,328,6,0.729470,0.790299
329,329,10,0.651289,0.127731
330,330,7,0.648373,0.251848
331,331,10,0.547676,0.530993
332,332,1,0.098569,0.046184
333,333,10,0.189975,0.572114
334,334,15,0.451685,0.109931
335,335,6,0.348899,0.149600
336,336,9,0.290424,0.166775
337,337,1,0.883804,0.627197
338,338,9,0.332080,0.326133
339,339,3,0.385762,0.667895
340,340,14,0.089522,0.112561
341,341,10,0.369880,0.530157
342,342,10,0.672052,0.290472
343,343,8,0.926057,0.688089
344,344,2,0.390418,0.611054
345,345,14,0.928557,0.911034
346,346,7,0.467383,0.113199
347,347,5,0.946372,0.648615
348,348,7,0.746704,0.446572
349,349,5,0.588424,0.771827
350,350,8,0.470359,0.828394
351,351,8,0.087999,0.190035
352,352,10,0.769343,0.788438
353,353,12,0.128418,0.811683
354,354,2,0.097729,0.554572
355,355,2,0.682031,0.882860
356,356,11,0.110438,0.148032
357,357,7,0.410063,0.171717
358,358,11,0.213609,0.770437
359,359,10,0.790109,0.351052
360,360,10,0.049469,0.609886
361,361,12,0.634133,0.730555
362,362,6,0.629525,0.671013
363,363,1,0.763430,0.367654
364,364,6,0.126190,0.308259
365,365,11,0.913690,0.629007
366,366,14,0.651222,0.110441
367,367,9,0.372018,0.190616
368,368,9,0.351311,0.345063
369,369,4,0.429255,0.567649
370,370,9,0.471319,0.510803
371,371,7,0.942256,0.167024
372,372,2,0.366532,0.309318
373,373,11,0.770274,0.412796
374,374,4,0.785800,0.728051
375,375,7,0.850516,0.527884
376,376,9,0.193315,0.747484
377,377,1,0.341177,0.425309
378,378,9,0.349914,0.269372
379,379,13,0.168968,0.529800
380,380,9,0.209451,0.507431
381,381,13,0.611552,0.269329
382,382,7,0.216261,0.630403
383,383,7,0.752006,0.687066
384,384,6,0.292640,0.107948
385,385,10,0.870688,0.871967
386,386,12,0.092258,0.568546
387,387,9,0.346827,0.848187
388,388,8,0.904741,0.409928
389,389,6,0.814332,0.349830
390,390,13,0.149271,0.569712
391,391,10,0.810407,0.308518
392,392,7,0.770053,0.946276
393,393,3,0.709281,0.853657
394,394,10,0.408026,0.531675
395,395,11,0.653089,0.072858
396,396,11,0.086965,0.270956
397,397,4,0.223617,0.215243
398,398,1,0.490144,0.229943
399,399,15,0.948949,0.888768
400,400,8,0.030921,0.112072
401,401,2,0.092989,0.843233
402,402,13,0.928882,0.328873
403,403,3,0.309942,0.232567
404,404,3,0.848490,0.351438
405,405,8,0.511646,0.728749
406,406,2,0.131904,0.016695
407,407,7,0.014065,0.690199
408,408,3,0.071432,0.585214
409,409,4,0.864234,0.768138
410,410,6,0.971180,0.891646
411,411,4,0.972743,0.872484
412,412,7,0.791847,0.328443
413,413,6,0.871949,0.273111
414,414,9,0.332468,0.107093
415,415,1,0.389099,0.017309
416,416,9,0.050301,0.110733
417,417,6,0.790136,0.626809
418,418,7,0.910492,0.265812
419,419,9,0.850548,0.909212
420,420,11,0.251078,0.310570
421,421,10,0.950944,0.731199
422,422,7,0.887743,0.247999
423,423,12,0.770424,0.770670
424,424,9,0.891765,0.694330
425,425,14,0.049661,0.170953
426,426,9,0.911884,0.464946
427,427,7,0.826536,0.286232
428,428,5,0.389366,0.208613
429,429,6,0.071402,0.254977
430,430,13,0.309855,0.854101
431,431,7,0.586846,0.573694
432,432,7,0.205771,0.751546
433,433,1,0.209556,0.098499
434,434,12,0.650370,0.088938
435,435,1,0.168727,0.417101
436,436,11,0.930433,0.229529
437,437,2,0.436412,0.728887
438,438,4,0.706913,0.346526
439,439,10,0.667949,0.271184
440,440,13,0.868289,0.929175
441,441,3,0.046094,0.510397
442,442,12,0.166077,0.330264
443,443,16,0.728350,0.730292
444,444,2,0.044336,0.389011
445,445,10,0.149572,0.587213
446,446,8,0.768665,0.246923
447,447,5,0.165191,0.545153
448,448,5,0.472471,0.849199
449,449,5,0.554337,0.606052
450,450,6,0.610861,0.188498
451,451,9,0.309368,0.872952
452,452,9,0.848771,0.829827
453,453,2,0.450192,0.784154
454,454,15,0.729885,0.070443
455,455,9,0.248280,0.907002
456,456,8,0.829575,0.847505
457,457,1,0.587947,0.710963
458,458,2,0.035786,0.611602
459,459,4,0.684167,0.344676
460,460,11,0.248781,0.632190
461,461,1,0.023176,0.501031
462,462,10,0.788668,0.466758
463,463,9,0.587424,0.611742
464,464,7,0.129078,0.188800
465,465,11,0.667067,0.669213
466,466,9,0.648844,0.690416
467,467,11,0.588743,0.787940
468,468,3,0.942076,0.228946
469,469,12,0.792112,0.650117
470,470,13,0.892609,0.567506
471,471,9,0.228572,0.666907
472,472,6,0.432229,0.254654
473,473,17,0.750216,0.847920
474,474,10,0.892656,0.271786
475,475,8,0.351192,0.187332
476,476,10,0.770968,0.708116
477,477,3,0.809777,0.275477
478,478,12,0.769098,0.729953
479,479,9,0.351599,0.128894
480,480,12,0.469308,0.170370
481,481,8,0.052585,0.808694
482,482,4,0.611764,0.292425
483,483,6,0.945488,0.251050
484,484,2,0.394699,0.322404
485,485,8,0.970462,0.692140
486,486,1,0.100103,0.430107
487,487,10,0.605562,0.811132
488,488,13,0.510050,0.551204
489,489,12,0.169541,0.869784
490,490,9,0.852273,0.928229
491,491,8,0.410989,0.907581
492,492,4,0.638489,0.070075
493,493,8,0.809796,0.964004
494,494,10,0.088264,0.585550
495,495,1,0.364740,0.077311
496,496,9,0.407363,0.328070
497,497,13,0.267769,0.530901
498,498,10,0.251289,0.709755
499,499,2,0.388626,0.735406
500,500,4,0.908549,0.172282
501,501,2,0.820956,0.308838
502,502,10,0.691143,0.110923
503,503,8,0.889006,0.948853
504,504,8,0.893244,0.490243
505,505,2,0.109088,0.056851
506,506,8,0.270966,0.169594
507,507,1,0.977734,0.480646
508,508,8,0.049194,0.627924
509,509,2,0.165430,0.445202
510,510,12,0.667574,0.326029
511,511,8,0.549996,0.865475
512,512,6,0.488518,0.653245
513,513,8,0.789502,0.871200
514,514,14,0.171056,0.192644
515,515,5,0.223417,0.591841
516,516,9,0.230581,0.309025
517,517,12,0.389461,0.906955
518,518,9,0.808989,0.951779
519,519,11,0.891074,0.446929
520,520,8,0.787741,0.790869
521,521,2,0.535326,0.024635
522,522,3,0.802082,0.871460
523,523,8,0.953629,0.693372
524,524,12,0.609121,0.751351
525,525,10,0.231314,0.848093
526,526,9,0.072147,0.788083
527,527,11,0.487589,0.891276
528,528,8,0.151501,0.867431
529,529,4,0.430178,0.172288
530,530,7,0.507351,0.672505
531,531,4,0.376164,0.450643
532,532,10,0.807243,0.609627
533,533,4,0.893302,0.731820
534,534,9,0.250059,0.567617
535,535,12,0.213255,0.888798
536,536,1,0.149667,0.448540
537,537,4,0.346019,0.563327
538,538,5,0.889384,0.509859
539,539,9,0.090324,0.610294
540,540,6,0.068335,0.167517
541,541,16,0.870835,0.430341
542,542,12,0.609981,0.249997
543,543,7,0.712290,0.486837
544,544,5,0.068114,0.726972
545,545,5,0.152846,0.348054
546,546,12,0.767051,0.228751
547,547,6,0.790075,0.374062
548,548,5,0.968644,0.709870
549,549,7,0.911826,0.429408
550,550,6,0.391041,0.835376
551,551,6,0.807385,0.850567
552,552,7,0.568071,0.810216
553,553,11,0.152514,0.809254
554,554,7,0.287341,0.491128
555,555,9,0.870042,0.413502
556,556,13,0.571630,0.848514
557,557,15,0.489797,0.691090
558,558,8,0.627357,0.192829
559,559,14,0.891670,0.548738
560,560,8,0.893299,0.189191
561,561,1,0.859511,0.728508
562,562,7,0.432813,0.110631
563,563,6,0.093238,0.130104
564,564,10,0.309502,0.491742
565,565,5,0.651143,0.147864
566,566,13,0.333933,0.171856
567,567,8,0.049371,0.192835
568,568,11,0.788904,0.287767
569,569,10,0.927821,0.312173
570,570,11,0.948908,0.714305
571,571,8,0.891431,0.166765
572,572,4,0.536693,0.608879
573,573,8,0.645599,0.647868
574,574,7,0.233316,0.127363
575,575,11,0.450960,0.311503
576,576,9,0.787831,0.591272
577,577,6,0.027587,0.750356
578,578,6,0.930779,0.273792
579,579,4,0.308278,0.374475
580,580,5,0.923938,0.469055
581,581,5,0.850296,0.869447
582,582,4,0.472093,0.784129
583,583,6,0.453373,0.533042
584,584,11,0.708162,0.132329
585,585,7,0.630334,0.145682
586,586,6,0.412566,0.191010
587,587,7,0.627254,0.211894
588,588,8,0.133097,0.350034
589,589,7,0.085637,0.650303
590,590,11,0.129477,0.789313
591,591,14,0.909519,0.370448
592,592,1,0.733350,0.285718
593,593,2,0.710483,0.510074
594,594,9,0.390159,0.131808
595,595,7,0.765076,0.148703
596,596,7,0.269728,0.750774
597,597,5,0.712041,0.245950
598,598,7,0.670406,0.087035
599,599,9,0.768104,0.748349
600,600,7,0.031434,0.769034
601,601,15,0.888546,0.809681
602,602,10,0.067420,0.612857
603,603,2,0.787418,0.169314
604,604,8,0.369290,0.111408
605,605,9,0.912730,0.107147
606,606,14,0.709525,0.230951
607,607,10,0.133557,0.571010
608,608,10,0.049288,0.253588
609,609,7,0.251600,0.651324
610,610,9,0.873278,0.354506
611,611,10,0.148339,0.114193
612,612,8,0.388324,0.507156
613,613,8,0.407571,0.870499
614,614,8,0.692813,0.484026
615,615,4,0.211016,0.588663
616,616,9,0.708235,0.292347
617,617,2,0.324089,0.744362
618,618,1,0.243914,0.970538
619,619,1,0.934410,0.967249
620,620,2,0.327501,0.095026
621,621,10,0.230086,0.147026
622,622,11,0.849855,0.507967
623,623,7,0.314537,0.548475
624,624,6,0.069604,0.310523
625,625,1,0.373467,0.971602
626,626,7,0.069625,0.147280
627,627,1,0.175716,0.371864
628,628,5,0.709893,0.089735
629,629,12,0.930133,0.111069
630,630,14,0.152082,0.548300
631,631,7,0.612416,0.128362
632,632,10,0.849015,0.548949
633,633,1,0.467156,0.081807
634,634,3,0.051540,0.295402
635,635,8,0.692411,0.447969
636,636,2,0.164974,0.093502
637,637,2,0.103614,0.973542
638,638,11,0.929398,0.669811
639,639,15,0.427266,0.551077
640,640,9,0.494208,0.534272
641,641,2,0.392331,0.066949
642,642,5,0.805251,0.431317
643,643,13,0.252078,0.331405
644,644,8,0.229911,0.786835
645,645,3,0.825958,0.326771
646,646,5,0.435420,0.666896
647,647,1,0.514243,0.256348
648,648,8,0.190204,0.814294
649,649,8,0.431363,0.511096
650,650,8,0.671037,0.707975
651,651,4,0.250758,0.669283
652,652,7,0.390529,0.291457
653,653,10,0.629445,0.789689
654,654,7,0.451193,0.571337
655,655,4,0.409824,0.771711
656,656,13,0.431613,0.271313
657,657,2,0.968594,0.727379
658,658,11,0.752242,0.267596
659,659,3,0.224949,0.445673
660,660,8,0.289744,0.693403
661,661,6,0.451639,0.671400
662,662,9,0.050390,0.649510
663,663,12,0.809907,0.928268
664,664,1,0.347247,0.943424
665,665,8,0.448159,0.265148
666,666,9,0.208423,0.732200
667,667,9,0.806966,0.891040
668,668,11,0.469878,0.528827
669,669,1,0.260686,0.980002
670,670,7,0.847327,0.630451
671,671,12,0.790515,0.912754
672,672,1,0.559126,0.412160
673,673,12,0.931809,0.712981
674,674,6,0.706144,0.073786
675,675,6,0.634556,0.088064
676,676,8,0.213746,0.848109
677,677,10,0.912615,0.847129
678,678,6,0.184597,0.710991
679,679,7,0.229721,0.110708
680,680,7,0.810625,0.769873
681,681,10,0.873984,0.571817
682,682,8,0.829761,0.909256
683,683,6,0.463061,0.907784
684,684,7,0.875496,0.291797
685,685,15,0.929328,0.192158
686,686,6,0.948622,0.870604
687,687,7,0.829841,0.549252
688,688,8,0.171096,0.106662
689,689,8,0.390730,0.551522
690,690,5,0.391942,0.108276
691,691,9,0.652276,0.728312
692,692,8,0.868557,0.369525
693,693,13,0.108886,0.308405
694,694,11,0.409577,0.491416
695,695,11,0.309445,0.267694
696,696,3,0.671951,0.469586
697,697,4,0.711494,0.150545
698,698,9,0.268308,0.671412
699,699,2,0.447059,0.064402
700,700,8,0.473412,0.630616
701,701,6,0.831332,0.895144
702,702,3,0.794638,0.966768
703,703,1,0.918164,0.002615
704,704,17,0.809007,0.787842
705,705,10,0.229535,0.650834
706,706,11,0.274031,0.513753
707,707,2,0.859433,0.652047
708,708,8,0.530801,0.510748
709,709,1,0.241824,0.981512
710,710,4,0.073987,0.750612
711,711,8,0.470254,0.770995
712,712,1,0.640366,0.449276
713,713,2,0.548845,0.651891
714,714,7,0.350723,0.529869
715,715,12,0.248306,0.291957
716,716,10,0.032386,0.309072
717,717,13,0.731357,0.428958
718,718,7,0.648775,0.749643
719,719,8,0.469146,0.290530
720,720,9,0.391333,0.890932
721,721,10,0.750538,0.252297
722,722,13,0.150094,0.328131
723,723,4,0.810721,0.751748
724,724,8,0.110331,0.172191
725,725,9,0.033801,0.328706
726,726,6,0.408964,0.269615
727,727,4,0.684189,0.672000
728,728,13,0.791549,0.609425
729,729,13,0.628144,0.708960
730,730,5,0.291051,0.706179
731,731,14,0.111175,0.289125
732,732,11,0.749592,0.228486
733,733,10,0.048040,0.346334
734,734,1,0.939926,0.527171
735,735,2,0.108281,0.759503
736,736,8,0.529597,0.849724
737,737,4,0.455181,0.632429
738,738,10,0.752589,0.609961
739,739,1,0.309867,0.778298
740,740,10,0.348938,0.512332
741,741,8,0.331582,0.889198
742,742,1,0.046190,0.550834
743,743,10,0.374494,0.907226
744,744,3,0.712895,0.602447
745,745,9,0.872765,0.510108
746,746,10,0.129455,0.329058
747,747,3,0.108512,0.528576
748,748,8,0.433168,0.708352
749,749,6,0.412681,0.549184
750,750,2,0.291351,0.413464
751,751,10,0.809540,0.911318
752,752,10,0.772417,0.911409
753,753,13,0.388949,0.168806
754,754,18,0.832008,0.590062
755,755,6,0.832090,0.567060
756,756,7,0.091046,0.754446
757,757,7,0.190720,0.691465
758,758,8,0.094144,0.314265
759,759,12,0.051155,0.131333
760,760,12,0.408930,0.110069
761,761,10,0.530584,0.688834
762,762,6,0.538596,0.886846
763,763,6,0.426980,0.492706
764,764,5,0.092227,0.772702
765,765,2,0.146782,0.932098
766,766,6,0.108128,0.771989
767,767,12,0.870847,0.590003
768,768,16,0.727474,0.211102
769,769,10,0.930809,0.926789
770,770,7,0.909414,0.651667
771,771,20,0.907365,0.526962
772,772,7,0.808098,0.548784
773,773,8,0.309621,0.892453
774,774,6,0.070002,0.346975
775,775,6,0.530272,0.870119
776,776,8,0.944960,0.827162
777,777,8,0.210622,0.865613
778,778,7,0.870618,0.947292
779,779,2,0.717566,0.695457
780,780,7,0.031418,0.665240
781,781,6,0.911372,0.492971
782,782,5,0.942884,0.271335
783,783,7,0.072925,0.109317
784,784,7,0.111696,0.330339
785,785,7,0.467804,0.891638
786,786,1,0.139369,0.517523
787,787,7,0.188511,0.109077
788,788,7,0.311307,0.910125
789,789,5,0.887928,0.792063
790,790,8,0.031147,0.289719
791,791,3,0.406731,0.347105
792,792,6,0.745882,0.091992
793,793,2,0.415679,0.257646
794,794,1,0.676923,0.378083
795,795,1,0.447340,0.614899
796,796,8,0.189906,0.187776
797,797,15,0.271655,0.291961
798,798,3,0.384725,0.231252
799,799,2,0.310666,0.630300
800,800,9,0.609359,0.828966
801,801,10,0.789748,0.812491
802,802,4,0.588495,0.552190
803,803,3,0.765727,0.133354
804,804,9,0.030829,0.687141
805,805,6,0.733409,0.764978
806,806,2,0.938718,0.428083
807,807,7,0.487175,0.870927
808,808,1,0.064994,0.497153
809,809,5,0.828518,0.608789
810,810,2,0.346671,0.404533
811,811,2,0.862314,0.092231
812,812,11,0.353743,0.330950
813,813,3,0.367558,0.703513
814,814,8,0.271407,0.491718
815,815,9,0.451455,0.173455
816,816,8,0.671656,0.071563
817,817,7,0.690995,0.127460
818,818,12,0.529095,0.526958
819,819,5,0.652650,0.612135
820,820,6,0.789714,0.554819
821,821,12,0.828915,0.809751
822,822,7,0.548426,0.811372
823,823,7,0.694312,0.088079
824,824,7,0.870902,0.530674
825,825,7,0.073591,0.826130
826,826,10,0.427992,0.845456
827,827,8,0.794281,0.450787
828,828,2,0.856004,0.266873
829,829,8,0.671534,0.686595
830,830,11,0.249434,0.131411
831,831,3,0.492155,0.588364
832,832,7,0.625176,0.655858
833,833,7,0.392338,0.705892
834,834,7,0.711140,0.110153
835,835,9,0.931473,0.370531
836,836,10,0.891174,0.287314
837,837,3,0.292999,0.837337
838,838,7,0.467668,0.728333
839,839,12,0.628238,0.589081
840,840,9,0.250370,0.510555
841,841,7,0.687345,0.327681
842,842,1,0.180490,0.200591
843,843,3,0.046715,0.828868
844,844,1,0.106233,0.641882
845,845,8,0.448101,0.330261
846,846,6,0.105666,0.266961
847,847,7,0.890480,0.149350
848,848,7,0.090544,0.790546
849,849,11,0.291351,0.849822
850,850,2,0.139554,0.437253
851,851,5,0.308967,0.348379
852,852,5,0.935605,0.568493
853,853,2,0.123442,0.545005
854,854,10,0.709021,0.446501
855,855,10,0.144542,0.168824
856,856,8,0.131116,0.589731
857,857,10,0.407888,0.288566
858,858,10,0.492849,0.548244
859,859,9,0.970853,0.666865
860,860,11,0.249103,0.169556
861,861,6,0.034560,0.344070
862,862,8,0.890221,0.408651
863,863,8,0.232432,0.748176
864,864,3,0.269333,0.099141
865,865,10,0.451300,0.767751
866,866,1,0.397984,0.087847
867,867,3,0.537711,0.769713
868,868,9,0.932846,0.350702
869,869,1,0.409636,0.986221
870,870,2,0.604986,0.008356
871,871,15,0.791554,0.849251
872,872,8,0.672269,0.751003
873,873,9,0.230999,0.290141
874,874,3,0.932749,0.011414
875,875,9,0.672286,0.409302
876,876,13,0.370798,0.271355
877,877,2,0.858206,0.415402
878,878,8,0.290399,0.565870
879,879,5,0.631126,0.129772
880,880,15,0.267845,0.330743
881,881,3,0.687674,0.711673
882,882,13,0.891770,0.210209
883,883,2,0.001754,0.589644
884,884,11,0.468619,0.710512
885,885,7,0.788328,0.251831
886,886,3,0.487824,0.817462
887,887,3,0.652214,0.406148
888,888,4,0.606200,0.558971
889,889,4,0.533621,0.492334
890,890,1,0.333464,0.699884
891,891,8,0.190340,0.652111
892,892,8,0.666684,0.729806
893,893,11,0.031600,0.728778
894,894,7,0.588736,0.809956
895,895,7,0.529926,0.670615
896,896,3,0.416025,0.834191
897,897,3,0.134231,0.770419
898,898,7,0.333316,0.490527
899,899,3,0.327177,0.703457
900,900,7,0.408864,0.511387
901,901,6,0.531979,0.588954
902,902,8,0.387357,0.487827
903,903,9,0.168288,0.287846
904,904,4,0.855089,0.448176
905,905,4,0.466340,0.491914
906,906,1,0.101141,0.459182
907,907,8,0.247001,0.731738
908,908,8,0.049787,0.308549
909,909,7,0.929658,0.388698
910,910,1,0.376219,0.835287
911,911,2,0.224359,0.488275
912,912,11,0.892566,0.433378
913,913,6,0.731517,0.808635
914,914,4,0.613554,0.385324
915,915,3,0.131843,0.747470
916,916,14,0.109399,0.788586
917,917,8,0.214183,0.689565
918,918,2,0.821952,0.374546
919,919,4,0.506989,0.827245
920,920,9,0.809252,0.408847
921,921,1,0.517754,0.606374
922,922,9,0.750115,0.468547
923,923,1,0.223236,0.222098
924,924,11,0.752550,0.730490
925,925,6,0.251822,0.345420
926,926,10,0.231603,0.170063
927,927,11,0.887842,0.309426
928,928,9,0.308896,0.290630
929,929,11,0.890885,0.231724
930,930,6,0.192722,0.510976
931,931,2,0.551306,0.386155
932,932,6,0.731290,0.150405
933,933,4,0.707311,0.051406
934,934,2,0.595119,0.642678
935,935,6,0.512061,0.812500
936,936,7,0.930991,0.726562
937,937,6,0.068198,0.190332
938,938,4,0.231013,0.348191
939,939,5,0.229467,0.904158
940,940,12,0.409398,0.150767
941,941,2,0.707583,0.308624
942,942,4,0.430024,0.910042
943,943,1,0.549151,0.442912
944,944,1,0.951520,0.525188
945,945,7,0.629043,0.688553
946,946,9,0.330632,0.132922
947,947,7,0.152474,0.851364
948,948,5,0.245618,0.108793
949,949,2,0.153757,0.601651
950,950,7,0.506204,0.588550
951,951,13,0.647041,0.271038
952,952,4,0.731305,0.666714
953,953,3,0.309698,0.788866
954,954,1,0.500383,0.446374
955,955,5,0.431761,0.691286
956,956,10,0.848301,0.851472
957,957,5,0.174453,0.854292
958,958,1,0.630363,0.321267
959,959,2,0.617101,0.848987
960,960,12,0.307807,0.149348
961,961,3,0.032974,0.814454
962,962,12,0.909652,0.812044
963,963,2,0.018148,0.676088
964,964,7,0.927830,0.811088
965,965,8,0.752167,0.113287
966,966,1,0.098239,0.414836
967,967,1,0.789060,0.139333
968,968,6,0.744728,0.795016
969,969,10,0.647234,0.789840
970,970,5,0.466893,0.131260
971,971,6,0.186986,0.285824
972,972,11,0.367856,0.329643
973,973,2,0.074164,0.568596
974,974,8,0.912098,0.214228
975,975,10,0.572503,0.589188
976,976,3,0.926536,0.514799
977,977,2,0.457675,0.471790
978,978,4,0.267775,0.253921
979,979,6,0.267177,0.728173
980,980,1,0.083436,0.676961
981,981,5,0.226846,0.252818
982,982,1,0.631369,0.380322
983,983,6,0.269999,0.889965
984,984,1,0.555851,0.760637
985,985,8,0.910006,0.448687
986,986,7,0.925968,0.129465
987,987,12,0.071042,0.652684
988,988,7,0.230129,0.831931
989,989,10,0.210768,0.650625
990,990,3,0.463122,0.610214
991,991,10,0.906085,0.310116
992,992,7,0.454765,0.133253
993,993,5,0.213565,0.830133
994,994,6,0.366026,0.132930
995,995,6,0.669723,0.106570
996,996,4,0.783671,0.829621
997,997,1,0.659810,0.039142
998,998,9,0.369124,0.289698
999,999,9,0.753465,0.708411
1000,1000,7,0.470720,0.669475
1001,1001,1,0.623457,0.828070
1002,1002,2,0.945166,0.191699
1003,1003,7,0.371624,0.549471
1004,1004,10,0.692190,0.467667
1005,1005,3,0.693620,0.551927
1006,1006,5,0.106088,0.610631
1007,1007,5,0.514990,0.850676
1008,1008,1,0.396243,0.791133
1009,1009,1,0.895373,0.745757
1010,1010,2,0.673147,0.392485
1011,1011,6,0.471716,0.868942
1012,1012,7,0.909626,0.688006
1013,1013,8,0.167459,0.270737
1014,1014,2,0.534534,0.454998
1015,1015,10,0.769315,0.450721
1016,1016,1,0.560966,0.729961
1017,1017,2,0.252491,0.614183
1018,1018,2,0.370716,0.472380
1019,1019,5,0.329995,0.906417
1020,1020,11,0.689621,0.049066
1021,1021,14,0.568512,0.786362
1022,1022,4,0.074715,0.891992
1023,1023,9,0.227791,0.770661
1024,1024,8,0.267717,0.128648
1025,1025,2,0.966902,0.746707
1026,1026,2,0.325453,0.257579
1027,1027,4,0.046299,0.370475
1028,1028,5,0.106836,0.184251
1029,1029,12,0.868342,0.907999
1030,1030,8,0.790745,0.770486
1031,1031,7,0.789683,0.691811
1032,1032,13,0.751946,0.130288
1033,1033,4,0.535735,0.265261
1034,1034,1,0.890273,0.034287
1035,1035,7,0.185733,0.673334
1036,1036,2,0.943129,0.149923
1037,1037,5,0.431375,0.347250
1038,1038,6,0.832321,0.630101
1039,1039,6,0.130680,0.831678
1040,1040,3,0.228155,0.370320
1041,1041,2,0.687946,0.742670
1042,1042,5,0.810403,0.330507
1043,1043,11,0.450353,0.849293
1044,1044,1,0.020256,0.235578
1045,1045,8,0.627231,0.233037
1046,1046,4,0.335264,0.868087
1047,1047,5,0.310891,0.307621
1048,1048,2,0.309631,0.418373
1049,1049,3,0.534910,0.109468
1050,1050,9,0.931477,0.853567
1051,1051,4,0.347819,0.869415
1052,1052,5,0.593476,0.632462
1053,1053,1,0.982657,0.981107
1054,1054,7,0.129677,0.267683
1055,1055,1,0.314533,0.968888
1056,1056,2,0.965671,0.251751
1057,1057,4,0.568664,0.536030
1058,1058,2,0.962459,0.968056
1059,1059,17,0.791435,0.710200
1060,1060,13,0.707280,0.328678
1061,1061,6,0.308832,0.528898
1062,1062,11,0.050247,0.751519
1063,1063,1,0.339559,0.393683
1064,1064,8,0.607361,0.652016
1065,1065,2,0.455494,0.935623
1066,1066,4,0.891593,0.933071
1067,1067,1,0.482321,0.121230
1068,1068,2,0.349424,0.756155
1069,1069,1,0.669531,0.585477
1070,1070,9,0.911438,0.872932
1071,1071,15,0.632616,0.770252
1072,1072,7,0.531534,0.808044
1073,1073,11,0.687778,0.409863
1074,1074,2,0.862884,0.649522
1075,1075,9,0.794128,0.889733
1076,1076,3,0.755555,0.591418
1077,1077,7,0.048622,0.667167
1078,1078,1,0.445784,0.218772
1079,1079,8,0.927348,0.412411
1080,1080,1,0.224549,0.411431
1081,1081,1,0.546269,0.316039
1082,1082,8,0.227431,0.891562
1083,1083,1,0.884456,0.524899
1084,1084,2,0.462749,0.392385
1085,1085,2,0.710006,0.625926
1086,1086,4,0.045284,0.947823
1087,1087,3,0.615020,0.348647
1088,1088,7,0.110595,0.112090
1089,1089,5,0.728012,0.447371
1090,1090,2,0.484983,0.090952
1091,1091,1,0.868273,0.753042
1092,1092,1,0.067837,0.410814
1093,1093,9,0.490277,0.830875
1094,1094,3,0.538319,0.432925
1095,1095,2,0.502704,0.756710
1096,1096,2,0.749783,0.182639
1097,1097,4,0.794016,0.231945
1098,1098,2,0.950149,0.550409
1099,1099,7,0.769045,0.216603
1100,1100,6,0.389189,0.194703
1101,1101,8,0.790320,0.393751
1102,1102,3,0.391576,0.052602
1103,1103,9,0.127601,0.609893
1104,1104,1,0.858674,0.187792
1105,1105,12,0.908244,0.910844
1106,1106,2,0.328807,0.784486
1107,1107,13,0.290998,0.889698
1108,1108,9,0.091997,0.169641
1109,1109,1,0.223344,0.952177
1110,1110,6,0.507452,0.569220
1111,1111,8,0.494594,0.567757
1112,1112,7,0.169648,0.132304
1113,1113,7,0.147377,0.150557
1114,1114,7,0.730298,0.506541
1115,1115,6,0.050823,0.689307
1116,1116,3,0.611732,0.053753
1117,1117,5,0.613937,0.146871
1118,1118,8,0.210011,0.346919
1119,1119,1,0.739386,0.622125
1120,1120,10,0.790128,0.928194
1121,1121,8,0.888475,0.373277
1122,1122,2,0.756769,0.416947
1123,1123,10,0.268208,0.710107
1124,1124,11,0.248054,0.150890
1125,1125,12,0.073074,0.629782
1126,1126,2,0.148828,0.067360
1127,1127,2,0.269727,0.772066
1128,1128,10,0.072445,0.668575
1129,1129,1,0.987389,0.095921
1130,1130,5,0.507115,0.515113
1131,1131,4,0.922886,0.289386
1132,1132,13,0.866345,0.449089
1133,1133,10,0.930004,0.892068
1134,1134,11,0.391658,0.150583
1135,1135,9,0.428322,0.330402
1136,1136,6,0.110885,0.810023
1137,1137,6,0.931683,0.867416
1138,1138,8,0.186283,0.169506
1139,1139,9,0.210987,0.331440
1140,1140,6,0.629774,0.747792
1141,1141,4,0.507667,0.651100
1142,1142,7,0.651348,0.707296
1143,1143,13,0.330066,0.549463
1144,1144,2,0.711066,0.705188
1145,1145,7,0.707386,0.412289
1146,1146,2,0.046711,0.013374
1147,1147,5,0.887575,0.393410
1148,1148,1,0.529053,0.366298
1149,1149,10,0.209846,0.128617
1150,1150,2,0.932746,0.609640
1151,1151,4,0.885888,0.475283
1152,1152,2,0.553694,0.472748
1153,1153,13,0.389094,0.528787
1154,1154,2,0.642083,0.163341
1155,1155,8,0.131205,0.147863
1156,1156,3,0.859387,0.372163
1157,1157,6,0.105604,0.631876
1158,1158,2,0.052219,0.595746
1159,1159,5,0.688600,0.430448
1160,1160,2,0.224545,0.058348
1161,1161,2,0.109384,0.555035
1162,1162,2,0.101691,0.252229
1163,1163,15,0.272550,0.849846
1164,1164,4,0.268987,0.833408
1165,1165,8,0.506257,0.635085
1166,1166,1,0.143379,0.646619
1167,1167,4,0.227620,0.073176
1168,1168,2,0.139009,0.914111
1169,1169,9,0.108168,0.128569
1170,1170,9,0.332610,0.528870
1171,1171,3,0.652160,0.056583
1172,1172,8,0.249478,0.872467
1173,1173,3,0.388663,0.768101
1174,1174,4,0.651526,0.326568
1175,1175,7,0.272318,0.345239
1176,1176,2,0.710117,0.555300
1177,1177,9,0.070122,0.770590
1178,1178,2,0.138231,0.037435
1179,1179,5,0.930599,0.487276
1180,1180,1,0.525389,0.973035
1181,1181,8,0.050941,0.729971
1182,1182,5,0.206496,0.668734
1183,1183,5,0.191919,0.530608
1184,1184,1,0.389989,0.361812
1185,1185,8,0.371589,0.869302
1186,1186,1,0.709470,0.278357
1187,1187,1,0.677706,0.147799
1188,1188,2,0.860806,0.185877
1189,1189,8,0.252158,0.528600
1190,1190,1,0.388049,0.749295
1191,1191,5,0.285661,0.512481
1192,1192,9,0.729064,0.249302
1193,1193,2,0.806436,0.449055
1194,1194,2,0.097473,0.024942
1195,1195,3,0.613666,0.695306
1196,1196,3,0.309321,0.036631
1197,1197,6,0.452080,0.347828
1198,1198,3,0.225240,0.613250
1199,1199,8,0.112309,0.829277
1200,1200,1,0.939491,0.046357
1201,1201,3,0.792674,0.045316
1202,1202,4,0.617770,0.306585
1203,1203,2,0.178571,0.710894
1204,1204,6,0.753163,0.212891
1205,1205,6,0.452246,0.187756
1206,1206,1,0.336200,0.007379
1207,1207,5,0.393966,0.352668
1208,1208,1,0.226449,0.010516
1209,1209,1,0.341793,0.448867
1210,1210,6,0.070693,0.270661
1211,1211,8,0.890746,0.708536
1212,1212,4,0.145722,0.293987
1213,1213,9,0.029670,0.167802
1214,1214,3,0.538943,0.191877
1215,1215,8,0.029408,0.708307
1216,1216,9,0.727271,0.226811
1217,1217,8,0.908924,0.251573
1218,1218,2,0.406162,0.562036
1219,1219,8,0.250452,0.751979
1220,1220,9,0.388333,0.873320
1221,1221,8,0.767121,0.505592
1222,1222,8,0.391228,0.271684
1223,1223,5,0.449023,0.834184
1224,1224,8,0.771086,0.670510
1225,1225,11,0.928458,0.648191
1226,1226,1,0.045451,0.539368
1227,1227,9,0.608543,0.769856
1228,1228,9,0.570350,0.607085
1229,1229,7,0.133004,0.254447
1230,1230,2,0.692679,0.277788
1231,1231,2,0.611389,0.864768
1232,1232,2,0.613173,0.062497
1233,1233,10,0.551824,0.827824
1234,1234,6,0.730517,0.467372
1235,1235,7,0.651753,0.671793
1236,1236,1,0.162479,0.937659
1237,1237,2,0.523754,0.010582
1238,1238,2,0.354019,0.257082
1239,1239,9,0.208855,0.549735
1240,1240,10,0.772541,0.593494
1241,1241,3,0.683028,0.729369
1242,1242,1,0.309833,0.645361
1243,1243,1,0.463966,0.053387
1244,1244,2,0.081646,0.470559
1245,1245,1,0.563806,0.455796
1246,1246,6,0.525125,0.570313
1247,1247,6,0.790178,0.753955
1248,1248,1,0.236170,0.971560
1249,1249,4,0.721790,0.308981
1250,1250,6,0.748071,0.631380
1251,1251,3,0.153431,0.255522
1252,1252,2,0.405185,0.372706
1253,1253,10,0.349762,0.290329
1254,1254,2,0.857582,0.431463
1255,1255,1,0.944900,0.764280
1256,1256,9,0.209824,0.148108
1257,1257,1,0.570266,0.123055
1258,1258,1,0.441843,0.099972
1259,1259,2,0.553128,0.566592
1260,1260,4,0.774116,0.468748
1261,1261,2,0.935353,0.550237
1262,1262,5,0.045484,0.446097
1263,1263,3,0.132512,0.448252
1264,1264,2,0.614486,0.448178
1265,1265,4,0.826665,0.267667
1266,1266,1,0.708703,0.397775
1267,1267,3,0.505712,0.889627
1268,1268,1,0.408016,0.203930
1269,1269,4,0.617886,0.715111
1270,1270,6,0.893701,0.648574
1271,1271,6,0.751730,0.669591
1272,1272,2,0.751823,0.162460
1273,1273,2,0.388554,0.653393
1274,1274,2,0.696210,0.160953
1275,1275,7,0.032501,0.270954
1276,1276,1,0.810373,0.697022
1277,1277,2,0.352421,0.671714
1278,1278,1,0.640026,0.377269
1279,1279,5,0.212539,0.271703
1280,1280,5,0.451157,0.291504
1281,1281,1,0.158626,0.373042
1282,1282,4,0.690458,0.392926
1283,1283,13,0.787571,0.306441
1284,1284,4,0.865956,0.795542
1285,1285,1,0.244410,0.783694
1286,1286,3,0.706339,0.537371
1287,1287,6,0.269758,0.906060
1288,1288,1,0.442474,0.810676
1289,1289,1,0.479631,0.937976
1290,1290,5,0.834461,0.533678
1291,1291,2,0.868993,0.033736
1292,1292,6,0.788742,0.430281
1293,1293,10,0.547677,0.853845
1294,1294,1,0.433957,0.657284
1295,1295,4,0.677794,0.448781
1296,1296,5,0.870431,0.551994
1297,1297,1,0.905226,0.764659
1298,1298,2,0.314307,0.466886
1299,1299,3,0.667807,0.608436
1300,1300,3,0.012921,0.729557
1301,1301,1,0.773617,0.961230
1302,1302,2,0.537369,0.929582
1303,1303,9,0.209197,0.290009
1304,1304,1,0.615744,0.493860
1305,1305,3,0.166903,0.603864
1306,1306,9,0.287163,0.526877
1307,1307,1,0.147949,0.716105
1308,1308,9,0.887626,0.910911
1309,1309,6,0.290430,0.127637
1310,1310,3,0.616760,0.104485
1311,1311,2,0.860533,0.112383
1312,1312,1,0.595256,0.965057
1313,1313,1,0.578613,0.194707
1314,1314,6,0.830835,0.867685
1315,1315,1,0.696306,0.587759
1316,1316,1,0.397061,0.620871
1317,1317,4,0.710017,0.793769
1318,1318,5,0.934442,0.447925
1319,1319,9,0.910252,0.750047
1320,1320,1,0.709360,0.890042
1321,1321,1,0.725047,0.057486
1322,1322,3,0.788998,0.093654
1323,1323,3,0.156409,0.828620
1324,1324,2,0.803302,0.036482
1325,1325,3,0.712673,0.871832
1326,1326,3,0.946306,0.613330
1327,1327,5,0.465336,0.309567
1328,1328,1,0.959849,0.045893
1329,1329,6,0.310025,0.048811
1330,1330,1,0.224819,0.937834
1331,1331,2,0.709179,0.589316
1332,1332,5,0.427800,0.187040
1333,1333,2,0.106562,0.233456
1334,1334,11,0.428054,0.308460
1335,1335,2,0.137736,0.670221
1336,1336,9,0.649133,0.311934
1337,1337,2,0.175478,0.516939
1338,1338,2,0.132341,0.098786
1339,1339,6,0.864923,0.608532
1340,1340,1,0.061747,0.443748
1341,1341,1,0.964030,0.639153
1342,1342,8,0.771716,0.868609
1343,1343,1,0.680380,0.652978
1344,1344,2,0.550399,0.748580
1345,1345,2,0.755191,0.025713
1346,1346,1,0.660534,0.184895
1347,1347,2,0.966826,0.325304
1348,1348,2,0.579131,0.772697
1349,1349,1,0.013446,0.347079
1350,1350,8,0.108484,0.589969
1351,1351,1,0.533053,0.216477
1352,1352,1,0.694524,0.188945
1353,1353,9,0.089340,0.629207
1354,1354,3,0.644036,0.293454
1355,1355,4,0.466306,0.188817
1356,1356,2,0.665124,0.630313
1357,1357,4,0.197297,0.765573
1358,1358,1,0.492117,0.181915
1359,1359,8,0.430297,0.835857
1360,1360,1,0.702214,0.674020
1361,1361,3,0.803995,0.727535
1362,1362,1,0.945923,0.311247
1363,1363,4,0.352755,0.493182
1364,1364,2,0.908381,0.619810
1365,1365,1,0.219111,0.499786
1366,1366,8,0.329808,0.287789
1367,1367,6,0.728919,0.747542
1368,1368,2,0.722189,0.326239
1369,1369,6,0.291769,0.552215
1370,1370,4,0.806512,0.252757
1371,1371,7,0.488082,0.512601
1372,1372,9,0.870239,0.849089
1373,1373,2,0.174775,0.254051
1374,1374,7,0.934805,0.829350
1375,1375,1,0.012059,0.169648
1376,1376,1,0.166224,0.013875
1377,1377,3,0.633518,0.428441
1378,1378,1,0.309540,0.065379
1379,1379,7,0.171291,0.172086
1380,1380,1,0.092126,0.489670
1381,1381,8,0.848834,0.809390
1382,1382,2,0.745711,0.055172
1383,1383,5,0.668996,0.129546
1384,1384,1,0.014271,0.826932
1385,1385,1,0.431717,0.604249
1386,1386,4,0.046690,0.852222
1387,1387,4,0.034014,0.644350
1388,1388,1,0.542991,0.061009
1389,1389,5,0.231127,0.628035
1390,1390,2,0.309944,0.209678
1391,1391,1,0.917773,0.092129
1392,1392,1,0.981921,0.856770
1393,1393,1,0.820520,0.342473
1394,1394,2,0.449789,0.436251
1395,1395,1,0.710086,0.014713
1396,1396,1,0.758076,0.380105
1397,1397,1,0.560851,0.642070
1398,1398,1,0.736606,0.613427
1399,1399,2,0.710138,0.652414
1400,1400,1,0.714399,0.807624
1401,1401,5,0.953476,0.851621
1402,1402,4,0.966472,0.654039
1403,1403,1,0.285209,0.433287
1404,1404,3,0.531498,0.069891
1405,1405,9,0.132852,0.851286
1406,1406,10,0.911431,0.672874
1407,1407,5,0.945367,0.929939
1408,1408,1,0.305063,0.007284
1409,1409,2,0.165633,0.890846
1410,1410,2,0.393724,0.432980
1411,1411,1,0.991874,0.801346
1412,1412,1,0.516670,0.191295
1413,1413,5,0.245661,0.689259
1414,1414,1,0.549793,0.621877
1415,1415,2,0.982649,0.694043
1416,1416,2,0.969646,0.567638
1417,1417,5,0.346262,0.166613
1418,1418,5,0.034620,0.144389
1419,1419,7,0.674768,0.307407
1420,1420,8,0.690282,0.069911
1421,1421,1,0.700130,0.904814
1422,1422,7,0.891019,0.890451
1423,1423,1,0.318107,0.392770
1424,1424,1,0.010001,0.243074
1425,1425,1,0.834856,0.039077
1426,1426,3,0.179123,0.674258
1427,1427,2,0.709919,0.027528
1428,1428,2,0.045834,0.231397
1429,1429,4,0.832629,0.931916
1430,1430,1,0.824403,0.960024
1431,1431,2,0.734711,0.648396
1432,1432,2,0.777049,0.171193
1433,1433,5,0.315025,0.706591
1434,1434,4,0.846377,0.493962
1435,1435,1,0.574447,0.341427
1436,1436,2,0.027732,0.445554
1437,1437,2,0.791761,0.512094
1438,1438,2,0.805561,0.084040
1439,1439,5,0.173809,0.345097
1440,1440,6,0.016109,0.708395
1441,1441,1,0.939804,0.093735
1442,1442,1,0.572656,0.514803
1443,1443,2,0.706863,0.753377
1444,1444,6,0.169226,0.313161
1445,1445,1,0.218574,0.781751
1446,1446,1,0.094503,0.533490
1447,1447,3,0.193149,0.344416
1448,1448,7,0.609845,0.608536
1449,1449,2,0.159319,0.477032
1450,1450,1,0.487494,0.982586
1451,1451,3,0.466367,0.250054
1452,1452,1,0.353790,0.704341
1453,1453,1,0.901166,0.561479
1454,1454,5,0.171528,0.575939
1455,1455,7,0.229885,0.531641
1456,1456,3,0.904977,0.549873
1457,1457,6,0.369176,0.894604
1458,1458,1,0.539123,0.230079
1459,1459,1,0.602996,0.943910
1460,1460,8,0.430109,0.888034
1461,1461,1,0.984149,0.825525
1462,1462,2,0.042706,0.409617
1463,1463,1,0.763143,0.534560
1464,1464,2,0.292510,0.607695
1465,1465,1,0.161927,0.771939
1466,1466,1,0.260899,0.203278
1467,1467,1,0.083804,0.875635
1468,1468,7,0.930301,0.630656
1469,1469,2,0.609981,0.964560
1470,1470,1,0.218101,0.924974
1471,1471,1,0.832204,0.776851
1472,1472,1,0.321584,0.425939
1473,1473,1,0.257477,0.078779
1474,1474,7,0.467757,0.268784
1475,1475,2,0.427451,0.407404
1476,1476,3,0.785839,0.188200
1477,1477,1,0.389427,0.400845
1478,1478,6,0.128816,0.124580
1479,1479,1,0.216506,0.200295
1480,1480,3,0.616992,0.414503
1481,1481,2,0.917258,0.791893
1482,1482,2,0.138793,0.069370
1483,1483,1,0.581614,0.478519
1484,1484,2,0.458335,0.031014
1485,1485,5,0.249434,0.188070
1486,1486,6,0.290639,0.326768
1487,1487,8,0.207604,0.570869
1488,1488,5,0.911888,0.286962
1489,1489,2,0.475716,0.585552
1490,1490,4,0.071041,0.807489
1491,1491,3,0.536991,0.313364
1492,1492,1,0.192390,0.797046
1493,1493,6,0.135055,0.532447
1494,1494,1,0.559784,0.102571
1495,1495,5,0.908377,0.945165
1496,1496,2,0.404691,0.700626
1497,1497,2,0.369831,0.257925
1498,1498,2,0.287391,0.665712
1499,1499,1,0.497736,0.177530
1500,1500,1,0.598761,0.228007
1501,1501,1,0.603849,0.425289
1502,1502,1,0.139869,0.461289
1503,1503,2,0.859385,0.008764
1504,1504,1,0.540401,0.932902
1505,1505,1,0.618201,0.519431
1506,1506,4,0.469669,0.572303
1507,1507,1,0.642867,0.396131
1508,1508,2,0.631986,0.873914
1509,1509,1,0.987580,0.461479
1510,1510,2,0.710508,0.973065
1511,1511,2,0.537554,0.330685
1512,1512,1,0.519391,0.400993
1513,1513,1,0.205837,0.406589
1514,1514,1,0.886014,0.833407
1515,1515,1,0.898421,0.118374
1516,1516,1,0.223236,0.037523
1517,1517,1,0.509166,0.923077
1518,1518,1,0.538657,0.387280
1519,1519,5,0.310074,0.251095
1520,1520,2,0.225549,0.430321
1521,1521,10,0.566624,0.552756
1522,1522,2,0.464365,0.232236
1523,1523,1,0.307323,0.453206
1524,1524,6,0.093179,0.346912
1525,1525,1,0.507056,0.237151
1526,1526,1,0.417354,0.611921
1527,1527,5,0.911367,0.726172
1528,1528,5,0.530684,0.252827
1529,1529,3,0.735306,0.345330
1530,1530,1,0.699650,0.933591
1531,1531,1,0.608917,0.370956
1532,1532,1,0.852141,0.177129
1533,1533,4,0.485817,0.618205
1534,1534,1,0.143309,0.952643
1535,1535,2,0.137636,0.650154
1536,1536,1,0.360930,0.346011
1537,1537,1,0.986796,0.628252
1538,1538,2,0.538109,0.789939
1539,1539,7,0.769693,0.829045
1540,1540,1,0.955890,0.501993
1541,1541,2,0.750331,0.289047
1542,1542,1,0.668506,0.863661
1543,1543,1,0.832627,0.493050
1544,1544,1,0.268217,0.942591
1545,1545,1,0.858710,0.711440
1546,1546,4,0.508983,0.768083
1547,1547,5,0.144867,0.794560
1548,1548,4,0.431810,0.289661
1549,1549,1,0.039773,0.371582
1550,1550,1,0.709529,0.570282
1551,1551,2,0.334197,0.927418
1552,1552,4,0.308927,0.837242
1553,1553,4,0.890040,0.134150
1554,1554,1,0.729064,0.172947
1555,1555,1,0.178296,0.916464
1556,1556,1,0.046384,0.069048
1557,1557,1,0.308583,0.802201
1558,1558,1,0.643276,0.951050
1559,1559,1,0.654857,0.420039
1560,1560,1,0.826986,0.461628
1561,1561,7,0.624970,0.806110
1562,1562,1,0.252329,0.237042
1563,1563,2,0.539314,0.145265
1564,1564,1,0.224196,0.819009
1565,1565,1,0.709684,0.982672
1566,1566,7,0.649311,0.766208
1567,1567,3,0.131418,0.693904
1568,1568,2,0.044447,0.929652
1569,1569,1,0.379504,0.818910
1570,1570,1,0.458720,0.000665
1571,1571,1,0.015161,0.431225
1572,1572,1,0.268970,0.032357
1573,1573,1,0.594394,0.693996
1574,1574,1,0.214539,0.816639
1575,1575,1,0.898159,0.012656
1576,1576,2,0.453654,0.254411
1577,1577,1,0.677413,0.803028
1578,1578,1,0.674743,0.843987
1579,1579,2,0.788076,0.029694
1580,1580,1,0.860357,0.066470
1581,1581,1,0.255171,0.411989
1582,1582,1,0.550317,0.372792
1583,1583,4,0.828403,0.785567
1584,1584,2,0.849747,0.208841
1585,1585,1,0.044967,0.911020
1586,1586,2,0.030440,0.209407
1587,1587,1,0.082316,0.396311
1588,1588,2,0.030189,0.788757
1589,1589,2,0.165263,0.972478
1590,1590,1,0.324069,0.039206
1591,1591,1,0.251311,0.034400
1592,1592,1,0.820939,0.131260
1593,1593,1,0.176029,0.691015
1594,1594,1,0.487899,0.052753
1595,1595,2,0.538381,0.291874
1596,1596,1,0.017806,0.235670
1597,1597,1,0.013491,0.028582
1598,1598,2,0.076304,0.878598
1599,1599,3,0.734610,0.261544
1600,1600,2,0.945327,0.204885
1601,1601,1,0.969029,0.600079
1602,1602,1,0.898121,0.763676
1603,1603,2,0.016571,0.747132
1604,1604,4,0.805619,0.665944
1605,1605,1,0.554349,0.096926
1606,1606,1,0.539573,0.040987
1607,1607,1,0.945114,0.968453
1608,1608,4,0.709296,0.189976
1609,1609,1,0.194717,0.256464
1610,1610,2,0.587743,0.854766
1611,1611,2,0.310791,0.692560
1612,1612,1,0.879601,0.171853
1613,1613,3,0.667519,0.767409
1614,1614,1,0.424099,0.225020
1615,1615,1,0.371384,0.098626
1616,1616,1,0.972386,0.796578
1617,1617,1,0.460531,0.025646
1618,1618,1,0.375599,0.022562
1619,1619,7,0.769556,0.570359
1620,1620,3,0.432291,0.752240
1621,1621,3,0.245058,0.256058
1622,1622,1,0.593504,0.489114
1623,1623,1,0.184586,0.034575
1624,1624,1,0.752560,0.351392
1625,1625,1,0.563180,0.381425
1626,1626,1,0.258070,0.463011
1627,1627,2,0.575095,0.877104
1628,1628,1,0.308626,0.090961
1629,1629,1,0.067253,0.473039
1630,1630,2,0.734999,0.409819
1631,1631,1,0.389664,0.694400
1632,1632,1,0.860439,0.625956
1633,1633,1,0.552391,0.012214
1634,1634,1,0.949769,0.350810
1635,1635,1,0.459217,0.587565
1636,1636,1,0.710790,0.826880
1637,1637,1,0.763866,0.194306
1638,1638,2,0.890831,0.090945
1639,1639,1,0.157100,0.494291
1640,1640,1,0.465863,0.363090
1641,1641,2,0.641995,0.806928
1642,1642,2,0.550372,0.707819
1643,1643,1,0.525716,0.475365
1644,1644,2,0.190168,0.229274
1645,1645,1,0.892190,0.582112
1646,1646,1,0.994750,0.129650
1647,1647,1,0.806246,0.209304
1648,1648,1,0.977067,0.112954
1649,1649,1,0.310483,0.438153
1650,1650,2,0.992357,0.313595
1651,1651,1,0.405296,0.819070
1652,1652,2,0.552557,0.968900
1653,1653,4,0.205093,0.254822
1654,1654,2,0.608715,0.671763
1655,1655,1,0.669637,0.523293
1656,1656,1,0.620639,0.571374
1657,1657,1,0.736811,0.520228
1658,1658,2,0.538346,0.344390
1659,1659,2,0.407152,0.752713
1660,1660,2,0.385991,0.257023
1661,1661,1,0.339507,0.069733
1662,1662,1,0.334586,0.765891
1663,1663,1,0.987804,0.974127
1664,1664,1,0.459280,0.447606
1665,1665,1,0.967754,0.026823
1666,1666,1,0.823309,0.233862
1667,1667,1,0.031113,0.099551
1668,1668,2,0.742836,0.075675
1669,1669,1,0.563129,0.294085
1670,1670,2,0.859258,0.394358
1671,1671,2,0.072774,0.099146
1672,1672,1,0.359183,0.099217
1673,1673,1,0.709179,0.773792
1674,1674,2,0.430591,0.072920
1675,1675,2,0.137539,0.401816
1676,1676,1,0.991959,0.511243
1677,1677,2,0.032869,0.427189
1678,1678,2,0.854353,0.471929
1679,1679,1,0.941291,0.020891
1680,1680,2,0.929159,0.590466
1681,1681,2,0.612685,0.930187
1682,1682,1,0.593027,0.180613
1683,1683,2,0.087615,0.735384
1684,1684,1,0.519289,0.340864
1685,1685,1,0.954060,0.126816
1686,1686,1,0.574290,0.429462
1687,1687,2,0.045976,0.034045
1688,1688,1,0.892960,0.078910
1689,1689,1,0.761493,0.026210
1690,1690,2,0.688679,0.530397
1691,1691,1,0.788099,0.212123
1692,1692,1,0.710707,0.177864
1693,1693,1,0.858614,0.047956
1694,1694,1,0.986509,0.184976
1695,1695,2,0.857274,0.224943
1696,1696,1,0.825724,0.119998
1697,1697,1,0.961077,0.920317
1698,1698,1,0.388964,0.925072
1699,1699,1,0.593791,0.932543
1700,1700,1,0.942189,0.065214
1701,1701,2,0.091586,0.963652
1702,1702,1,0.352526,0.769234
1703,1703,1,0.214941,0.469510
1704,1704,1,0.287727,0.774221
1705,1705,1,0.309804,0.665007
1706,1706,1,0.482091,0.351530
1707,1707,1,0.280747,0.951976
1708,1708,1,0.185006,0.629280
1709,1709,1,0.395831,0.393626
1710,1710,1,0.365727,0.675958
1711,1711,1,0.003443,0.775873
1712,1712,2,0.964166,0.276995
1713,1713,1,0.099703,0.687766
1714,1714,1,0.693437,0.374120
1715,1715,1,0.097449,0.232446
1716,1716,3,0.708610,0.932466
1717,1717,2,0.647897,0.595939
1718,1718,1,0.964064,0.149751
1719,1719,1,0.856336,0.310921
1720,1720,1,0.009030,0.794059
1721,1721,1,0.139931,0.880409
1722,1722,1,0.355813,0.803339
1723,1723,1,0.410040,0.965536
1724,1724,1,0.139823,0.712129
1725,1725,1,0.311231,0.601764
1726,1726,1,0.161756,0.799882
1727,1727,1,0.139474,0.488074
1728,1728,1,0.523459,0.165947
1729,1729,1,0.532460,0.949921
1730,1730,1,0.860471,0.691882
1731,1731,1,0.020733,0.398718
1732,1732,2,0.612904,0.891616
1733,1733,1,0.046420,0.886545
1734,1734,1,0.560391,0.417832
1735,1735,1,0.969583,0.356593
1736,1736,1,0.044304,0.041389
1737,1737,1,0.138459,0.209199
1738,1738,1,0.285766,0.073849
1739,1739,1,0.758087,0.578221
1740,1740,1,0.539550,0.912930
1741,1741,1,0.388324,0.589748
1742,1742,1,0.809787,0.115963
1743,1743,1,0.499476,0.783066
1744,1744,1,0.546153,0.323219
1745,1745,2,0.033118,0.123031
1746,1746,1,0.117820,0.730567
1747,1747,1,0.982340,0.031919
1748,1748,1,0.406183,0.586147
1749,1749,1,0.080847,0.517842
1750,1750,2,0.249209,0.008149
1751,1751,2,0.008684,0.216573
1752,1752,1,0.664564,0.917867
1753,1753,1,0.205666,0.006363
1754,1754,1,0.147309,0.090976
1755,1755,1,0.838487,0.256689
1756,1756,1,0.298137,0.087499
1757,1757,2,0.788439,0.489986
1758,1758,1,0.374553,0.216648
1759,1759,1,0.460689,0.013175
1760,1760,1,0.109796,0.870123
1761,1761,1,0.199706,0.456731
1762,1762,1,0.507079,0.368505
1763,1763,1,0.029516,0.461832
1764,1764,1,0.476284,0.949028
1765,1765,2,0.790096,0.157804
1766,1766,2,0.045496,0.569220
1767,1767,1,0.184349,0.439098
1768,1768,1,0.136411,0.931772
1769,1769,1,0.511624,0.497304
1770,1770,1,0.647393,0.540691
1771,1771,1,0.631609,0.404304
1772,1772,1,0.861264,0.700355
1773,1773,1,0.016883,0.889947
1774,1774,1,0.309027,0.582359
1775,1775,1,0.214881,0.900455
1776,1776,1,0.147467,0.044031
1777,1777,1,0.658817,0.481009
1778,1778,1,0.333477,0.041770
1779,1779,1,0.734430,0.921265
1780,1780,1,0.608719,0.323613
1781,1781,1,0.507539,0.117289
1782,1782,1,0.547096,0.154937
1783,1783,1,0.598099,0.538319
1784,1784,1,0.646501,0.011400
1785,1785,1,0.023531,0.035652
