Coord-0,Coord-1,gCluster-label,ground-truth-label
0.817395,0.077852,0,1
0.876804,0.138456,-1,1
0.825288,0.096829,0,1
0.82393,0.039722,0,1
0.84328,0.055376,0,1
0.781494,0.074878,-1,1
0.825542,0.120441,0,1
0.802712,0.096741,0,1
0.888686,0.111521,-1,1
0.842941,0.09954,0,1
0.870015,0.153673,-1,1
0.879605,0.02949,-1,1
0.895985,0.098753,-1,1
0.833945,0.075053,0,1
0.826646,0.092894,0,1
0.755015,0.074529,6,1
0.835727,0.076452,0,1
0.860509,0.077327,0,1
0.848118,0.099977,0,1
0.795753,0.078027,-1,1
0.807041,0.116243,0,1
0.827579,0.074004,0,1
0.852362,0.04392,0,1
0.816376,0.097878,0,1
0.845911,0.117293,0,1
0.831314,0.098228,0,1
0.902011,0.105312,-1,1
0.801609,0.091932,0,1
0.893948,0.091669,-1,1
0.84048,0.083973,0,1
0.835387,0.101814,0,1
0.81731,0.089745,0,1
0.874258,0.09097,-1,1
0.823506,0.15411,-1,1
0.824694,0.074091,0,1
0.813321,0.050129,0,1
0.825882,0.14624,-1,1
0.808823,0.092456,0,1
0.852786,0.119304,0,1
0.816292,0.108897,0,1
0.821469,0.099103,0,1
0.848542,0.066133,0,1
0.809502,0.066221,0,1
0.832332,0.114144,0,1
0.841923,0.069019,0,1
0.879011,0.039635,-1,1
0.795753,0.134871,-1,1
0.801948,0.062635,0,1
0.842262,0.115194,0,1
0.893609,0.07584,-1,1
0.870694,0.083798,0,1
0.819771,0.09473,0,1
0.838018,0.149038,-1,1
0.863565,0.117118,-1,1
0.807804,0.097441,0,1
0.819177,0.079863,0,1
0.833351,0.126038,0,1
0.831059,0.137407,0,1
0.894118,0.123852,-1,1
0.790915,0.055814,-1,1
0.801609,0.075578,0,1
0.834624,0.042696,0,1
0.86679,0.127,-1,1
0.789812,0.04497,-1,1
0.834963,0.046894,0,1
0.811708,0.132772,0,1
0.807125,0.09097,0,1
0.874004,0.119479,-1,1
0.838952,0.073654,0,1
0.880878,0.069719,0,1
0.810096,0.069019,0,1
0.847185,0.057825,0,1
0.824863,0.071205,0,1
0.833351,0.046894,0,1
0.835557,0.086859,0,1
0.74848,0.07724,6,1
0.915506,0.097091,-1,1
0.819941,0.036137,0,1
0.824863,0.07103,0,1
0.834454,0.101027,0,1
0.897598,0.071205,-1,1
0.802882,0.087209,0,1
0.822487,0.068407,0,1
0.824524,0.085897,0,1
0.808144,0.027217,-1,1
0.862546,0.071817,0,1
0.847779,0.108198,0,1
0.801948,0.115981,0,1
0.810945,0.029141,0,1
0.868996,0.114057,-1,1
0.820959,0.08476,0,1
0.800421,0.079863,0,1
0.841159,0.086947,0,1
0.865092,0.085635,0,1
0.882745,0.074791,0,1
0.857369,0.050042,-1,1
0.825203,0.061148,0,1
0.801863,0.119217,0,1
0.845148,0.094817,0,1
0.853295,0.146677,-1,1
0.575428,0.337935,16,2
0.563122,0.336449,16,2
0.555823,0.257129,-1,2
0.548185,0.32027,16,2
0.538255,0.264738,16,2
0.509738,0.299806,16,2
0.529852,0.306015,16,2
0.538594,0.298844,16,2
0.586376,0.258441,-1,2
0.570506,0.309076,16,2
0.527815,0.306802,16,2
0.518819,0.263776,16,2
0.530871,0.326741,16,2
0.533926,0.298844,16,2
0.556672,0.296833,16,2
0.558199,0.339072,16,2
0.524081,0.360148,-1,2
0.539528,0.310825,16,2
0.539188,0.277243,16,2
0.512539,0.323681,16,2
0.524845,0.300768,16,2
0.579841,0.292023,16,2
0.51186,0.292285,16,2
0.485889,0.270422,16,2
0.549967,0.304266,16,2
0.553446,0.237452,-1,2
0.506937,0.352278,-1,2
0.500487,0.264563,16,2
0.576107,0.309601,16,2
0.554635,0.322806,16,2
0.542923,0.37143,-1,2
0.510672,0.27873,16,2
0.574325,0.304703,16,2
0.533672,0.315722,16,2
0.540801,0.285639,16,2
0.545638,0.294122,16,2
0.576277,0.234829,-1,2
0.488011,0.264825,16,2
0.540292,0.31135,16,2
0.553362,0.308202,16,2
0.565923,0.306715,16,2
0.560915,0.291411,16,2
0.570675,0.317996,16,2
0.607509,0.301468,-1,2
0.55438,0.298757,16,2
0.519753,0.327703,16,2
0.515679,0.29727,16,2
0.558199,0.314148,16,2
0.543517,0.290886,16,2
0.503967,0.290449,16,2
0.566007,0.295346,16,2
0.550221,0.295696,16,2
0.490387,0.238327,24,2
0.514576,0.350703,-1,2
0.537406,0.270772,16,2
0.543686,0.27051,16,2
0.536472,0.323681,16,2
0.555059,0.308202,16,2
0.506089,0.318259,16,2
0.470103,0.286251,-1,2
0.510756,0.311,16,2
0.513642,0.320008,16,2
0.480373,0.293247,-1,2
0.551155,0.310125,16,2
0.545978,0.313361,16,2
0.514576,0.264913,16,2
0.577041,0.302342,16,2
0.527221,0.314935,16,2
0.5739,0.286951,16,2
0.516443,0.281616,16,2
0.562443,0.31546,16,2
0.513133,0.282578,16,2
0.538424,0.255817,16,2
0.494631,0.272871,16,2
0.536727,0.234479,16,2
0.540207,0.295783,16,2
0.547336,0.285551,16,2
0.537491,0.255643,16,2
0.574919,0.319221,16,2
0.530956,0.307502,16,2
0.571524,0.239639,-1,2
0.544365,0.29692,16,2
0.538679,0.313886,16,2
0.542244,0.292198,16,2
0.547336,0.302517,16,2
0.608613,0.336886,-1,2
0.555908,0.335574,16,2
0.521875,0.291236,16,2
0.542753,0.304966,16,2
0.593421,0.304179,16,2
0.527646,0.338285,16,2
0.517207,0.296308,16,2
0.53172,0.284764,16,2
0.591893,0.304179,16,2
0.523911,0.375452,27,2
0.495225,0.318171,16,2
0.573221,0.332601,16,2
0.568723,0.302779,16,2
0.510247,0.302867,16,2
0.566262,0.354376,-1,2
0.203524,0.230544,29,3
0.156506,0.254681,29,3
0.17679,0.314411,-1,3
0.211672,0.232468,29,3
0.18341,0.275932,29,3
0.159052,0.282316,29,3
0.174498,0.235703,29,3
0.172122,0.197049,-1,3
0.17331,0.221449,29,3
0.193255,0.251008,29,3
0.181203,0.289837,29,3
0.223299,0.279954,29,3
0.219395,0.254243,29,3
0.213539,0.277593,29,3
0.175686,0.268411,29,3
0.194273,0.251183,29,3
0.230683,0.26981,29,3
0.206749,0.208331,29,3
0.193509,0.271646,29,3
0.227882,0.215677,29,3
0.182391,0.238414,29,3
0.218801,0.257217,29,3
0.195546,0.231418,29,3
0.23255,0.277856,29,3
0.194188,0.257567,29,3
0.195886,0.238152,29,3
0.219395,0.298932,-1,3
0.232804,0.279342,29,3
0.209889,0.278817,29,3
0.184258,0.291848,29,3
0.184428,0.247335,29,3
0.230937,0.271996,29,3
0.224402,0.22862,29,3
0.211332,0.309426,-1,3
0.181033,0.296483,29,3
0.185362,0.254768,29,3
0.217867,0.251008,29,3
0.218716,0.278643,29,3
0.251476,0.236316,-1,3
0.199959,0.202909,29,3
0.247063,0.207106,-1,3
0.166351,0.231943,29,3
0.227797,0.198886,-1,3
0.184937,0.204745,29,3
0.194528,0.204133,29,3
0.239594,0.219525,-1,3
0.170764,0.266137,29,3
0.164483,0.25197,29,3
0.268026,0.206232,36,3
0.241122,0.32884,-1,3
0.218631,0.237015,29,3
0.177044,0.244886,29,3
0.225166,0.283015,29,3
0.163295,0.226783,-1,3
0.190539,0.281703,29,3
0.146745,0.255905,29,3
0.178487,0.253281,29,3
0.154808,0.283015,29,3
0.247317,0.203521,-1,3
0.116956,0.226958,39,3
0.154299,0.258529,29,3
0.198262,0.281966,29,3
0.171443,0.266837,29,3
0.231871,0.233779,-1,3
0.194443,0.26946,29,3
0.224911,0.22311,29,3
0.178317,0.22416,29,3
0.182137,0.220399,29,3
0.184852,0.201772,29,3
0.188077,0.266399,29,3
0.224742,0.269985,29,3
0.276768,0.238589,-1,3
0.222196,0.241738,29,3
0.206325,0.248034,29,3
0.246044,0.261152,29,3
0.223214,0.231418,29,3
0.234417,0.272084,29,3
0.179251,0.238589,29,3
0.236539,0.30243,-1,3
0.224487,0.228532,29,3
0.213624,0.22897,29,3
0.161683,0.250308,29,3
0.234077,0.263163,29,3
0.268196,0.20457,36,3
0.189351,0.22311,29,3
0.227712,0.247859,29,3
0.201317,0.245323,29,3
0.181458,0.189878,-1,3
0.225421,0.254593,29,3
0.191048,0.265,29,3
0.162871,0.302692,-1,3
0.217443,0.242875,29,3
0.205137,0.252232,29,3
0.213369,0.20527,29,3
0.231446,0.261327,29,3
0.168133,0.289924,-1,3
0.217782,0.290274,-1,3
0.198941,0.217601,29,3
0.178996,0.275582,29,3
0.180609,0.273745,29,3
0.780052,0.797586,43,4
0.804325,0.788753,43,4
0.774705,0.809567,43,4
0.772583,0.804319,43,4
0.867893,0.799335,-1,4
0.859236,0.763479,43,4
0.812218,0.80292,43,4
0.768255,0.750886,-1,4
0.753572,0.732259,-1,4
0.867214,0.7947,-1,4
0.831483,0.828719,-1,4
0.850664,0.854342,-1,4
0.780391,0.826183,43,4
0.773771,0.766278,43,4
0.791509,0.815163,43,4
0.784125,0.797673,43,4
0.80059,0.789278,43,4
0.801015,0.794787,43,4
0.812303,0.794875,43,4
0.810011,0.790327,43,4
0.802712,0.736281,-1,4
0.780646,0.786042,43,4
0.75807,0.773973,-1,4
0.819262,0.822072,43,4
0.810096,0.80808,43,4
0.768509,0.852068,-1,4
0.810011,0.750274,43,4
0.822911,0.798897,43,4
0.783107,0.798198,43,4
0.80407,0.773099,43,4
0.778015,0.748437,43,4
0.837,0.763741,43,4
0.802203,0.781407,43,4
0.772668,0.783856,43,4
0.84014,0.758932,43,4
0.813406,0.771875,43,4
0.804664,0.78508,43,4
0.787605,0.757532,43,4
0.801779,0.749924,43,4
0.753572,0.805194,-1,4
0.804325,0.792863,43,4
0.852531,0.839475,-1,4
0.853889,0.767152,43,4
0.85024,0.767414,43,4
0.776232,0.765578,43,4
0.845232,0.795924,43,4
0.812982,0.766627,43,4
0.826646,0.791639,43,4
0.800336,0.783156,43,4
0.752299,0.738205,-1,4
0.778779,0.768551,43,4
0.812133,0.807205,43,4
0.784041,0.874106,-1,4
0.870269,0.760856,43,4
0.831908,0.772049,43,4
0.808144,0.790939,43,4
0.851173,0.81289,-1,4
0.79117,0.756221,43,4
0.790236,0.780183,43,4
0.852192,0.771087,43,4
0.794649,0.783156,43,4
0.802627,0.80773,43,4
0.796517,0.758757,43,4
0.824015,0.822072,43,4
0.842007,0.769426,43,4
0.798214,0.764529,43,4
0.811793,0.794175,43,4
0.833181,0.779133,43,4
0.803137,0.742928,43,4
0.857963,0.793738,-1,4
0.819686,0.704886,-1,4
0.8011,0.79881,43,4
0.792443,0.790065,43,4
0.855247,0.806418,-1,4
0.782089,0.789627,43,4
0.757561,0.812365,-1,4
0.802882,0.842624,-1,4
0.878672,0.791726,-1,4
0.839546,0.769776,43,4
0.808823,0.809042,43,4
0.789133,0.782106,43,4
0.834114,0.791814,43,4
0.810351,0.750711,43,4
0.831738,0.787791,43,4
0.825542,0.801171,43,4
0.805343,0.776072,43,4
0.800421,0.831867,-1,4
0.82079,0.760593,43,4
0.817989,0.790589,43,4
0.789557,0.770913,43,4
0.751365,0.800471,-1,4
0.840819,0.741441,56,4
0.833775,0.809479,-1,4
0.806616,0.785779,43,4
0.814424,0.771087,43,4
0.796771,0.763479,43,4
0.791679,0.787179,43,4
0.803137,0.757445,43,4
0.808059,0.790065,43,4
0.83997,0.771,43,4
0.042694,0.674977,57,5
0.106686,0.610262,57,5
0.039554,0.61516,57,5
0.089203,0.574494,57,5
0.104819,0.698327,-1,5
0.074435,0.649004,57,5
0.05517,0.624954,57,5
0.121284,0.590586,-1,5
0.070277,0.665357,-1,5
0.120775,0.594521,-1,5
0.143351,0.659498,-1,5
0.074605,0.620494,57,5
0.116871,0.61481,57,5
0.126376,0.61857,57,5
0.067985,0.635361,57,5
0.065185,0.636935,57,5
0.053472,0.630027,57,5
0.080801,0.615597,57,5
0.105159,0.645943,57,5
0.115513,0.625479,57,5
0.05152,0.655038,57,5
0.047871,0.638772,57,5
0.052369,0.626266,57,5
0.12052,0.683285,-1,5
0.081734,0.610262,57,5
0.077745,0.65119,57,5
0.079782,0.625392,57,5
0.067476,0.592247,-1,5
0.088609,0.597844,57,5
0.098539,0.599681,57,5
0.104565,0.638859,57,5
0.156166,0.609825,-1,5
0.096841,0.636323,57,5
0.090306,0.634574,57,5
0.090731,0.608601,57,5
0.103546,0.589886,57,5
0.120435,0.610875,57,5
0.074945,0.620932,57,5
0.08428,0.642445,57,5
0.100576,0.668068,57,5
0.113561,0.675764,57,5
0.093701,0.606852,57,5
0.124255,0.572221,-1,5
0.076897,0.603441,57,5
0.069089,0.613586,57,5
0.082413,0.649179,57,5
0.050162,0.660897,57,5
0.114834,0.611049,57,5
0.061535,0.61892,57,5
0.048125,0.657574,57,5
0.11076,0.62443,57,5
0.120266,0.661247,-1,5
0.092683,0.594696,57,5
0.076472,0.620407,57,5
0.062384,0.593209,-1,5
0.09421,0.646643,57,5
0.152601,0.60484,-1,5
0.133336,0.673578,-1,5
0.091749,0.65154,57,5
0.05814,0.630289,57,5
0.076133,0.624517,57,5
0.088185,0.610437,57,5
0.039129,0.67935,57,5
0.039214,0.653551,57,5
0.120011,0.578167,-1,5
0.088948,0.562863,-1,5
0.034292,0.651802,57,5
0.161258,0.621894,-1,5
0.036753,0.622243,57,5
0.053048,0.611487,57,5
0.102952,0.558753,-1,5
0.09455,0.593384,57,5
0.159815,0.615422,-1,5
0.066373,0.603616,57,5
0.140125,0.620232,57,5
0.118993,0.623118,57,5
0.129941,0.641483,57,5
0.089373,0.603441,57,5
0.072908,0.63676,57,5
0.109572,0.633875,57,5
0.104819,0.672616,57,5
0.12086,0.636061,57,5
0.027672,0.633612,-1,5
0.100491,0.613323,57,5
0.088609,0.629065,57,5
0.121793,0.626966,57,5
0.101339,0.579217,57,5
0.097266,0.650228,57,5
0.093022,0.667369,57,5
0.151244,0.687046,-1,5
0.12714,0.622943,57,5
0.047616,0.666407,57,5
0.098454,0.659061,57,5
0.069852,0.633612,57,5
0.09803,0.634137,57,5
0.079528,0.552719,-1,5
0.068919,0.640696,57,5
0.105583,0.604141,57,5
0.000258,0.641221,-1,5
0.135458,0.635099,57,5
0.92917,0.259753,69,6
0.902011,0.285639,69,6
0.884358,0.264913,69,6
0.876295,0.210692,69,6
0.841753,0.241475,69,6
0.865941,0.25197,69,6
0.934856,0.25538,-1,6
0.875871,0.231331,69,6
0.900653,0.212791,69,6
0.878756,0.219437,69,6
0.850664,0.171601,-1,6
0.902011,0.215852,69,6
0.884188,0.251882,69,6
0.915675,0.28424,69,6
0.868232,0.254418,69,6
0.843535,0.216376,-1,6
0.898446,0.246548,69,6
0.888771,0.260278,69,6
0.875786,0.245673,69,6
0.884697,0.288525,-1,6
0.875362,0.250046,69,6
0.870185,0.226783,69,6
0.985015,0.229582,-1,6
0.861782,0.252144,69,6
0.824269,0.228445,-1,6
0.85355,0.241825,69,6
0.924247,0.283977,69,6
0.875107,0.30173,-1,6
0.877993,0.200285,69,6
0.845317,0.218913,-1,6
0.900993,0.20597,69,6
0.835133,0.261065,69,6
0.900059,0.314498,-1,6
0.878417,0.31476,-1,6
0.880539,0.225297,69,6
0.923483,0.266574,69,6
0.890723,0.240951,69,6
0.907697,0.255643,69,6
0.858218,0.222935,69,6
0.886395,0.31546,-1,6
0.898277,0.207456,69,6
0.878077,0.248646,69,6
0.891911,0.27051,69,6
0.853125,0.27497,69,6
0.899125,0.296395,-1,6
0.911941,0.229757,69,6
0.891063,0.250395,69,6
0.884613,0.253281,69,6
0.886649,0.29246,-1,6
0.912535,0.240338,69,6
0.892506,0.213053,69,6
0.843026,0.294034,-1,6
0.843535,0.26089,69,6
0.916779,0.276456,69,6
0.888856,0.239202,69,6
0.878926,0.249521,69,6
0.880878,0.249696,69,6
0.904133,0.274095,69,6
0.857878,0.262989,69,6
0.888601,0.250833,69,6
0.87341,0.210167,69,6
0.914232,0.223635,69,6
0.932904,0.272521,69,6
0.855077,0.274183,69,6
0.874004,0.245061,69,6
0.894373,0.275407,69,6
0.900738,0.214452,69,6
0.900823,0.249171,69,6
0.88597,0.174137,-1,6
0.889959,0.224422,69,6
0.931801,0.260278,69,6
0.889959,0.262989,69,6
0.922295,0.257741,69,6
0.910074,0.249958,69,6
0.890893,0.224335,69,6
0.887244,0.272433,69,6
0.864244,0.260103,69,6
0.867469,0.341696,-1,6
0.923568,0.277331,69,6
0.840225,0.27462,69,6
0.878417,0.252494,69,6
0.905151,0.229757,69,6
0.926199,0.273395,69,6
0.902945,0.248209,69,6
0.885801,0.202734,69,6
0.898277,0.336973,-1,6
0.858218,0.259665,69,6
0.892336,0.242875,69,6
0.884528,0.252757,69,6
0.866705,0.228095,69,6
0.866535,0.251095,69,6
0.891063,0.257829,69,6
0.880963,0.194951,-1,6
0.875022,0.299369,-1,6
0.880284,0.195388,-1,6
0.842686,0.229669,69,6
0.855926,0.253806,69,6
0.845232,0.263688,69,6
0.868063,0.250658,69,6
0.846336,0.256692,69,6
0.628557,0.920719,-1,7
0.672011,0.893783,83,7
0.67914,0.836589,-1,7
0.647653,0.894046,83,7
0.690683,0.900255,83,7
0.749838,0.879266,-1,7
0.670314,0.913285,83,7
0.68576,0.928677,83,7
0.686779,0.922118,83,7
0.742369,0.906551,-1,7
0.689749,0.881103,83,7
0.734391,0.900517,-1,7
0.662251,0.934798,83,7
0.638572,0.911011,83,7
0.6199,0.919494,-1,7
0.710712,0.942319,83,7
0.694926,0.919407,83,7
0.728875,0.929901,-1,7
0.671247,0.864487,83,7
0.638657,0.924829,83,7
0.65631,0.915909,83,7
0.696708,0.919144,83,7
0.690173,0.933312,83,7
0.688137,0.882939,83,7
0.696793,0.876468,83,7
0.693738,0.895707,83,7
0.714871,0.915297,-1,7
0.726328,0.863962,-1,7
0.696624,0.874981,83,7
0.633904,0.871395,83,7
0.720303,0.965932,-1,7
0.651982,0.90349,83,7
0.650454,0.933574,83,7
0.663609,0.902966,83,7
0.665221,0.849445,-1,7
0.659959,0.865361,83,7
0.627369,0.857753,-1,7
0.694926,0.870346,83,7
0.664203,0.919669,83,7
0.668616,0.86711,83,7
0.688137,0.914335,83,7
0.710967,0.88565,83,7
0.698406,0.876992,83,7
0.743812,0.944243,-1,7
0.655376,0.877954,83,7
0.678207,0.910224,83,7
0.674557,0.880753,83,7
0.660469,0.891335,83,7
0.69603,0.870084,83,7
0.666494,0.893696,83,7
0.678631,0.919669,83,7
0.694841,0.850144,-1,7
0.690683,0.906989,83,7
0.644343,0.918882,83,7
0.703753,0.902441,83,7
0.659535,0.976251,-1,7
0.656055,0.884076,83,7
0.691531,0.944331,-1,7
0.658007,0.876643,83,7
0.727007,0.979137,-1,7
0.716144,0.857403,-1,7
0.654443,0.991905,-1,7
0.64952,0.887749,83,7
0.646041,0.911711,83,7
0.675576,0.889411,83,7
0.699764,0.915384,83,7
0.672945,0.933749,83,7
0.700273,0.895095,83,7
0.687458,0.905589,83,7
0.613365,0.905502,-1,7
0.65614,0.880141,83,7
0.64341,0.886,83,7
0.661402,0.922205,83,7
0.663185,0.935673,83,7
0.673454,0.930163,83,7
0.685166,0.899817,83,7
0.676424,0.889673,83,7
0.667852,0.890985,83,7
0.715974,0.906464,-1,7
0.745594,0.91346,-1,7
0.669889,0.94608,-1,7
0.668786,0.887049,83,7
0.703838,0.893696,83,7
0.67583,0.895095,83,7
0.709185,0.90349,83,7
0.684827,0.902004,83,7
0.707148,0.920019,83,7
0.698236,0.892909,83,7
0.67583,0.901829,83,7
0.674048,0.867548,83,7
0.673708,0.874544,83,7
0.685506,0.904365,83,7
0.697812,0.898593,83,7
0.656989,0.902703,83,7
0.673454,0.907688,83,7
0.638402,0.887312,83,7
0.734561,0.91757,-1,7
0.659959,0.906639,83,7
0.684572,0.880228,83,7
0.650539,0.909612,83,7
0.392022,0.547821,100,8
0.399491,0.557791,100,8
0.408827,0.576331,100,8
0.392871,0.577205,100,8
0.410185,0.576681,100,8
0.414683,0.581403,100,8
0.404413,0.545722,100,8
0.359007,0.624867,-1,8
0.404413,0.554118,100,8
0.418417,0.602741,100,8
0.468661,0.579916,100,8
0.411373,0.540913,100,8
0.374539,0.552631,100,8
0.380055,0.502608,-1,8
0.399151,0.570734,100,8
0.43624,0.588837,100,8
0.443369,0.547559,-1,8
0.372502,0.646905,-1,8
0.37369,0.557266,100,8
0.407554,0.539163,100,8
0.386081,0.592597,100,8
0.426649,0.604228,100,8
0.448376,0.582015,100,8
0.444727,0.635361,105,8
0.385148,0.597582,100,8
0.405347,0.576506,100,8
0.407978,0.604316,100,8
0.372417,0.630901,-1,8
0.452535,0.595833,100,8
0.438531,0.552544,-1,8
0.42283,0.552281,100,8
0.422236,0.608601,100,8
0.385572,0.552631,100,8
0.412476,0.540738,100,8
0.415616,0.573445,100,8
0.468745,0.503046,-1,8
0.420963,0.543274,100,8
0.376576,0.599331,100,8
0.448886,0.56916,-1,8
0.367155,0.584202,100,8
0.410863,0.583677,100,8
0.486144,0.547734,-1,8
0.399491,0.613935,100,8
0.359771,0.565749,100,8
0.389985,0.577643,100,8
0.42614,0.535403,100,8
0.351114,0.590148,100,8
0.419605,0.547122,100,8
0.401697,0.563563,100,8
0.358923,0.608776,-1,8
0.411882,0.573008,100,8
0.381498,0.604403,100,8
0.389815,0.595221,100,8
0.414852,0.59697,100,8
0.412137,0.597844,100,8
0.347635,0.544148,100,8
0.366561,0.552106,100,8
0.441756,0.540213,-1,8
0.414937,0.540738,100,8
0.465605,0.563825,-1,8
0.478336,0.54476,-1,8
0.374369,0.583065,100,8
0.431317,0.5417,-1,8
0.417823,0.543798,100,8
0.459579,0.588487,100,8
0.431742,0.565399,-1,8
0.4331,0.606327,-1,8
0.366731,0.581141,100,8
0.405941,0.551319,100,8
0.454657,0.583502,100,8
0.408827,0.523684,100,8
0.45907,0.596532,100,8
0.385657,0.564962,100,8
0.369362,0.589624,100,8
0.37997,0.598894,100,8
0.387185,0.515289,-1,8
0.358838,0.594696,100,8
0.40331,0.578167,100,8
0.388458,0.542749,-1,8
0.400424,0.585076,100,8
0.407299,0.567586,100,8
0.354849,0.537065,-1,8
0.367325,0.58735,100,8
0.40679,0.596532,100,8
0.433524,0.573095,100,8
0.389815,0.562601,100,8
0.391852,0.525958,-1,8
0.378103,0.586738,100,8
0.385232,0.598544,100,8
0.398387,0.574057,100,8
0.460258,0.598369,100,8
0.428432,0.500072,-1,8
0.405517,0.635973,-1,8
0.456439,0.574407,100,8
0.395841,0.562688,100,8
0.403904,0.595221,100,8
0.379631,0.567236,100,8
0.390919,0.555867,100,8
0.368004,0.570734,100,8
0.420284,0.499722,-1,8
0.565159,0.865973,115,9
0.55421,0.82662,115,9
0.594609,0.863962,115,9
0.543432,0.874456,115,9
0.569572,0.853817,115,9
0.553786,0.808517,115,9
0.538,0.863,-1,9
0.547251,0.824346,115,9
0.585952,0.813677,115,9
0.558963,0.854255,115,9
0.54445,0.833791,115,9
0.560661,0.84997,115,9
0.595118,0.846734,115,9
0.484107,0.837901,-1,9
0.50855,0.852156,-1,9
0.561509,0.791114,115,9
0.638402,0.837027,-1,9
0.545638,0.829681,115,9
0.491406,0.827232,-1,9
0.559812,0.807992,115,9
0.576871,0.886175,-1,9
0.561339,0.867897,115,9
0.565583,0.864837,115,9
0.589517,0.825046,115,9
0.578059,0.835977,115,9
0.542244,0.904278,-1,9
0.558624,0.830643,115,9
0.533926,0.813852,115,9
0.561085,0.847084,115,9
0.559897,0.826882,115,9
0.556077,0.878392,115,9
0.523148,0.860464,-1,9
0.499214,0.820848,-1,9
0.576362,0.801259,115,9
0.549882,0.874894,115,9
0.532483,0.854517,115,9
0.552343,0.877255,115,9
0.557351,0.84035,115,9
0.571779,0.797411,-1,9
0.558539,0.838601,115,9
0.509653,0.855916,-1,9
0.565498,0.794262,115,9
0.53817,0.831692,115,9
0.560151,0.851281,115,9
0.560236,0.911274,-1,9
0.577041,0.829856,115,9
0.570506,0.862213,115,9
0.543177,0.794087,115,9
0.559048,0.810878,115,9
0.550476,0.826795,115,9
0.539613,0.832392,115,9
0.587395,0.811928,115,9
0.567875,0.875156,115,9
0.533077,0.819798,115,9
0.571185,0.826882,115,9
0.548015,0.877954,115,9
0.50193,0.819099,-1,9
0.619646,0.791989,-1,9
0.519753,0.824783,115,9
0.529768,0.819011,115,9
0.558793,0.841574,115,9
0.560321,0.841399,115,9
0.532993,0.847521,115,9
0.566092,0.812103,115,9
0.581454,0.865099,115,9
0.573306,0.884251,115,9
0.580351,0.824433,115,9
0.571354,0.795312,115,9
0.548863,0.864749,115,9
0.558369,0.815863,115,9
0.563376,0.838426,115,9
0.565923,0.863612,115,9
0.545469,0.798285,115,9
0.505155,0.853468,-1,9
0.521535,0.823821,115,9
0.5279,0.793738,-1,9
0.579672,0.828456,115,9
0.558708,0.838688,115,9
0.552428,0.820061,115,9
0.570166,0.872532,115,9
0.589007,0.8177,115,9
0.507786,0.826882,-1,9
0.587395,0.878654,115,9
0.594609,0.827144,115,9
0.55141,0.846471,115,9
0.572203,0.863262,115,9
0.523402,0.826008,115,9
0.568469,0.810529,115,9
0.535284,0.844198,115,9
0.525609,0.853205,115,9
0.582642,0.829681,115,9
0.539188,0.848046,115,9
0.568129,0.824433,115,9
0.55769,0.873407,115,9
0.548185,0.84892,115,9
0.5509,0.838251,115,9
0.53783,0.798373,-1,9
0.562528,0.851281,115,9
0.599022,0.85924,115,9
0.562697,0.837464,115,9
0.334904,0.642183,127,10
0.338044,0.676726,127,10
0.361723,0.603004,-1,10
0.360196,0.659148,127,10
0.318609,0.603179,-1,10
0.343391,0.680224,127,10
0.351114,0.693517,127,10
0.379631,0.707859,127,10
0.290601,0.687483,127,10
0.335074,0.661859,127,10
0.306897,0.705148,127,10
0.30121,0.67384,127,10
0.354934,0.663521,127,10
0.303077,0.674278,127,10
0.310207,0.651977,127,10
0.351539,0.663171,127,10
0.351963,0.699464,127,10
0.402122,0.670692,105,10
0.303077,0.698939,127,10
0.329557,0.684684,127,10
0.362827,0.703312,127,10
0.319118,0.695091,127,10
0.287122,0.708734,127,10
0.384129,0.659061,127,10
0.359686,0.682498,127,10
0.344664,0.667194,127,10
0.322173,0.713719,127,10
0.308255,0.644281,127,10
0.352133,0.690631,127,10
0.303841,0.660285,127,10
0.302908,0.679787,127,10
0.39041,0.660722,127,10
0.375387,0.677951,127,10
0.320985,0.65119,127,10
0.338299,0.651278,127,10
0.382432,0.682148,127,10
0.317421,0.680837,127,10
0.361384,0.647605,127,10
0.304945,0.694829,127,10
0.336092,0.685559,127,10
0.334904,0.653114,127,10
0.392701,0.640521,-1,10
0.304775,0.674715,127,10
0.323362,0.713631,127,10
0.299683,0.682848,127,10
0.340675,0.654951,127,10
0.346531,0.662996,127,10
0.302314,0.692905,127,10
0.292299,0.644719,127,10
0.364354,0.684597,127,10
0.342118,0.649529,127,10
0.376321,0.65224,-1,10
0.366137,0.658624,127,10
0.302993,0.651278,127,10
0.351369,0.650403,127,10
0.342458,0.703662,127,10
0.318609,0.673141,127,10
0.343985,0.6783,127,10
0.323022,0.703312,127,10
0.349077,0.641745,127,10
0.385148,0.689144,127,10
0.347125,0.654951,127,10
0.390664,0.699202,127,10
0.335668,0.673403,127,10
0.32472,0.659148,127,10
0.368428,0.698502,127,10
0.361129,0.696316,127,10
0.312413,0.655038,127,10
0.327181,0.674977,127,10
0.372417,0.671916,127,10
0.365967,0.703399,127,10
0.359177,0.688882,127,10
0.324125,0.654163,127,10
0.306387,0.645331,127,10
0.366476,0.696665,127,10
0.337365,0.66597,127,10
0.264886,0.695266,-1,10
0.312074,0.755084,130,10
0.310207,0.672966,127,10
0.369871,0.68346,127,10
0.358753,0.681274,127,10
0.389561,0.664833,127,10
0.382601,0.703137,127,10
0.364269,0.658011,127,10
0.387863,0.691593,127,10
0.380395,0.704973,127,10
0.362148,0.66457,127,10
0.321155,0.599943,-1,10
0.287716,0.678738,127,10
0.323871,0.673578,127,10
0.316063,0.656612,127,10
0.366391,0.733308,-1,10
0.352472,0.637897,127,10
0.316996,0.68451,127,10
0.306048,0.667894,127,10
0.326247,0.701475,127,10
0.337535,0.644019,127,10
0.331594,0.653027,127,10
0.359007,0.698677,127,10
0.335583,0.694392,127,10
0.748989,0.22311,132,11
0.713004,0.171601,132,11
0.778015,0.190053,132,11
0.75476,0.154285,132,11
0.779627,0.233954,-1,11
0.740841,0.17335,132,11
0.795668,0.201859,132,11
0.77097,0.174224,132,11
0.742963,0.189703,132,11
0.751875,0.190228,132,11
0.72845,0.180084,132,11
0.749244,0.162156,132,11
0.767151,0.13557,-1,11
0.740672,0.245935,-1,11
0.783277,0.156559,132,11
0.771989,0.169065,132,11
0.730232,0.209643,132,11
0.762738,0.166878,132,11
0.720472,0.15035,132,11
0.733288,0.16924,132,11
0.775808,0.207719,132,11
0.725989,0.183932,132,11
0.716823,0.158308,132,11
0.721915,0.111608,6,11
0.748904,0.18638,132,11
0.775384,0.184369,132,11
0.742793,0.182795,132,11
0.760616,0.167578,132,11
0.769358,0.197312,132,11
0.742369,0.193376,132,11
0.756118,0.21008,132,11
0.723273,0.172913,132,11
0.727686,0.198361,132,11
0.700952,0.20116,-1,11
0.720048,0.179209,132,11
0.710203,0.179996,132,11
0.786417,0.186905,132,11
0.784125,0.193551,132,11
0.770546,0.183494,132,11
0.808568,0.212703,-1,11
0.73855,0.156471,132,11
0.794649,0.185593,132,11
0.808399,0.171951,-1,11
0.703328,0.17781,132,11
0.769188,0.204745,132,11
0.749413,0.197487,132,11
0.786841,0.14624,132,11
0.700613,0.200198,-1,11
0.726328,0.18262,132,11
0.696624,0.13111,6,11
0.772838,0.159357,132,11
0.75841,0.209118,132,11
0.762568,0.19154,132,11
0.70528,0.177198,132,11
0.716653,0.201947,132,11
0.775044,0.162768,132,11
0.76172,0.196875,132,11
0.792613,0.169764,132,11
0.803306,0.171251,-1,11
0.752978,0.165829,132,11
0.792952,0.194076,132,11
0.753572,0.199498,132,11
0.7551,0.240513,-1,11
0.785738,0.18638,132,11
0.761889,0.200635,132,11
0.689155,0.158833,-1,11
0.743133,0.132859,-1,11
0.736428,0.207631,132,11
0.724716,0.168103,132,11
0.714107,0.148251,-1,11
0.749498,0.162243,132,11
0.750856,0.229582,-1,11
0.768339,0.159882,132,11
0.704686,0.239726,-1,11
0.701801,0.228357,-1,11
0.746613,0.168802,132,11
0.781664,0.182183,132,11
0.749498,0.179122,132,11
0.736428,0.160844,132,11
0.727092,0.195388,132,11
0.724801,0.226259,132,11
0.682026,0.196087,-1,11
0.809672,0.216202,-1,11
0.783786,0.183669,132,11
0.726583,0.179471,132,11
0.806192,0.155247,-1,11
0.716908,0.163118,132,11
0.809502,0.11738,0,11
0.785483,0.208418,132,11
0.770376,0.225646,132,11
0.75493,0.236665,-1,11
0.716738,0.169414,132,11
0.749838,0.119829,-1,11
0.762823,0.212179,132,11
0.734646,0.163205,132,11
0.690343,0.13557,6,11
0.751959,0.202384,132,11
0.780476,0.21384,132,11
0.75128,0.177722,132,11
0.759598,0.175186,132,11
0.912875,0.410521,142,12
0.849137,0.397753,142,12
0.871118,0.426875,142,12
0.809077,0.440954,-1,12
0.836236,0.43527,142,12
0.867469,0.415068,142,12
0.80093,0.429498,-1,12
0.826221,0.428011,142,12
0.878502,0.386209,142,12
0.841074,0.446551,142,12
0.809332,0.469114,-1,12
0.844808,0.38962,142,12
0.822402,0.411133,142,12
0.85983,0.371605,142,12
0.795753,0.412532,-1,12
0.867384,0.411833,142,12
0.875616,0.482144,142,12
0.830974,0.409209,142,12
0.833011,0.384373,142,12
0.888007,0.432384,142,12
0.848288,0.439905,142,12
0.842517,0.455821,142,12
0.855672,0.463867,142,12
0.81069,0.415943,142,12
0.884273,0.388483,142,12
0.814849,0.428798,-1,12
0.811284,0.403787,142,12
0.841668,0.43011,142,12
0.866026,0.413669,142,12
0.872815,0.431247,142,12
0.853804,0.403962,142,12
0.915845,0.384023,-1,12
0.859066,0.422152,142,12
0.885716,0.416118,142,12
0.866959,0.497973,147,12
0.87324,0.452586,142,12
0.859236,0.474798,142,12
0.868063,0.426525,142,12
0.901756,0.415593,142,12
0.85703,0.387521,142,12
0.855162,0.411221,142,12
0.91228,0.44008,142,12
0.889365,0.423639,142,12
0.859066,0.438768,142,12
0.838018,0.38927,142,12
0.878502,0.43562,142,12
0.890469,0.408072,142,12
0.848288,0.399065,142,12
0.909819,0.361722,-1,12
0.893015,0.41157,142,12
0.886565,0.451099,142,12
0.826561,0.376065,142,12
0.854144,0.361285,-1,12
0.8499,0.423901,142,12
0.789472,0.37003,-1,12
0.844978,0.417167,142,12
0.808908,0.364171,-1,12
0.86679,0.38411,142,12
0.857793,0.432646,142,12
0.894797,0.403262,142,12
0.886395,0.412445,142,12
0.819941,0.400376,142,12
0.863819,0.412183,142,12
0.854908,0.408335,142,12
0.829956,0.391544,142,12
0.872476,0.410084,142,12
0.846166,0.449437,142,12
0.887838,0.423901,142,12
0.829786,0.454859,142,12
0.863819,0.461681,142,12
0.895985,0.480221,147,12
0.825882,0.400376,142,12
0.830635,0.415856,142,12
0.854738,0.419529,142,12
0.819517,0.501996,-1,12
0.876804,0.456608,142,12
0.875956,0.368981,-1,12
0.868572,0.431247,142,12
0.880199,0.427312,142,12
0.844299,0.437719,142,12
0.859236,0.409384,142,12
0.863904,0.41227,142,12
0.856351,0.370905,-1,12
0.813915,0.43081,-1,12
0.836151,0.388308,142,12
0.881642,0.400551,142,12
0.87621,0.443141,142,12
0.798384,0.502346,-1,12
0.876465,0.399677,142,12
0.847948,0.43046,142,12
0.844638,0.435183,142,12
0.880199,0.453985,142,12
0.86331,0.449,142,12
0.887583,0.449175,142,12
0.812727,0.382536,142,12
0.845911,0.416293,142,12
0.867469,0.438068,142,12
0.837934,0.458357,142,12
0.828768,0.399502,142,12
0.828089,0.390232,142,12
0.493103,0.240513,24,13
0.474262,0.229582,24,13
0.499723,0.277243,16,13
0.487841,0.20116,24,13
0.495395,0.185943,24,13
0.491066,0.216289,24,13
0.424782,0.219962,-1,13
0.493867,0.195475,24,13
0.519328,0.218213,-1,13
0.508974,0.259928,16,13
0.433354,0.283015,-1,13
0.524506,0.229319,16,13
0.463314,0.180608,24,13
0.418332,0.19976,-1,13
0.456269,0.171601,24,13
0.507616,0.236665,24,13
0.499214,0.198361,24,13
0.485635,0.207544,24,13
0.430384,0.133297,-1,13
0.410185,0.244361,-1,13
0.493443,0.205445,24,13
0.462804,0.164342,-1,13
0.508465,0.174312,24,13
0.447867,0.222586,24,13
0.474517,0.178772,24,13
0.469085,0.311087,-1,13
0.448546,0.220137,24,13
0.468236,0.247684,24,13
0.4819,0.215065,24,13
0.474517,0.227483,24,13
0.405601,0.212878,-1,13
0.519074,0.183232,-1,13
0.429111,0.191278,24,13
0.434542,0.15962,-1,13
0.466454,0.214715,24,13
0.435221,0.189878,24,13
0.496413,0.234916,24,13
0.483513,0.186643,24,13
0.406196,0.202209,-1,13
0.406365,0.265175,-1,13
0.514745,0.22416,-1,13
0.441077,0.198624,24,13
0.496498,0.238414,24,13
0.468406,0.183057,24,13
0.49879,0.206844,24,13
0.497771,0.185856,24,13
0.443793,0.254156,24,13
0.525269,0.249433,16,13
0.514066,0.185243,24,13
0.452875,0.220399,24,13
0.470188,0.196437,24,13
0.469,0.196612,24,13
0.433948,0.228095,24,13
0.501675,0.216376,24,13
0.475365,0.185593,24,13
0.402716,0.223023,-1,13
0.459919,0.198624,24,13
0.482155,0.239202,24,13
0.458646,0.188916,24,13
0.443963,0.160057,-1,13
0.423764,0.237802,-1,13
0.431317,0.248209,24,13
0.468576,0.234042,24,13
0.488181,0.198274,24,13
0.471886,0.160407,-1,13
0.4819,0.240251,24,13
0.482325,0.225209,24,13
0.464247,0.223635,24,13
0.471546,0.194601,24,13
0.474686,0.198361,24,13
0.453469,0.20903,24,13
0.446509,0.208331,24,13
0.49862,0.230631,24,13
0.474092,0.21454,24,13
0.453299,0.229319,24,13
0.454402,0.239814,24,13
0.491321,0.175886,24,13
0.469764,0.209817,24,13
0.504137,0.220662,24,13
0.443963,0.239114,24,13
0.486908,0.225034,24,13
0.486059,0.202384,24,13
0.482919,0.232468,24,13
0.490133,0.197574,24,13
0.425122,0.219087,-1,13
0.482494,0.246635,24,13
0.451092,0.231856,24,13
0.50159,0.213141,24,13
0.524675,0.257042,16,13
0.463823,0.195475,24,13
0.468321,0.213053,24,13
0.491661,0.199673,24,13
0.484192,0.226871,24,13
0.465096,0.246635,24,13
0.444472,0.192764,24,13
0.425037,0.213316,-1,13
0.437852,0.191015,24,13
0.496159,0.185156,24,13
0.43293,0.185768,24,13
0.466369,0.232468,24,13
0.50872,0.386471,27,14
0.552513,0.435095,-1,14
0.474601,0.404837,27,14
0.506768,0.369943,-1,14
0.493358,0.424076,27,14
0.519159,0.420578,27,14
0.481561,0.381487,27,14
0.516782,0.387696,27,14
0.501081,0.429586,27,14
0.543262,0.350616,-1,14
0.492679,0.363996,-1,14
0.510247,0.386646,27,14
0.528155,0.392156,27,14
0.462974,0.429586,27,14
0.486144,0.391719,27,14
0.474432,0.439468,27,14
0.478336,0.420665,27,14
0.512708,0.408859,27,14
0.505325,0.449087,27,14
0.527561,0.427837,27,14
0.532653,0.436494,27,14
0.46552,0.425125,27,14
0.494886,0.427837,27,14
0.48207,0.432297,27,14
0.476044,0.400901,27,14
0.506258,0.383148,27,14
0.499299,0.449875,27,14
0.491406,0.429498,27,14
0.46272,0.421452,27,14
0.486229,0.506894,-1,14
0.508041,0.413844,27,14
0.534775,0.415331,27,14
0.475959,0.384023,27,14
0.489793,0.438068,27,14
0.48241,0.45862,-1,14
0.498705,0.424076,27,14
0.498535,0.406498,27,14
0.519668,0.457308,-1,14
0.499723,0.351141,-1,14
0.468745,0.473837,-1,14
0.475026,0.442179,27,14
0.464077,0.393555,27,14
0.506258,0.430285,27,14
0.457882,0.425475,27,14
0.486908,0.405449,27,14
0.501421,0.417605,27,14
0.48903,0.396266,27,14
0.491406,0.43081,27,14
0.500742,0.392156,27,14
0.549797,0.396266,-1,14
0.470188,0.398015,27,14
0.528325,0.422852,27,14
0.491661,0.411308,27,14
0.502863,0.436669,27,14
0.486568,0.425038,27,14
0.537491,0.437019,27,14
0.444303,0.410696,-1,14
0.478675,0.349304,-1,14
0.512878,0.45311,27,14
0.487332,0.407635,27,14
0.494292,0.437981,27,14
0.457458,0.417167,27,14
0.522978,0.403962,27,14
0.457373,0.420753,27,14
0.505749,0.429323,27,14
0.430214,0.406848,-1,14
0.49217,0.385684,27,14
0.508804,0.419004,27,14
0.487756,0.439293,27,14
0.467982,0.38516,27,14
0.454063,0.393118,-1,14
0.485295,0.40335,27,14
0.506513,0.432909,27,14
0.491915,0.420141,27,14
0.489708,0.407635,27,14
0.532993,0.438243,27,14
0.468406,0.43151,27,14
0.553531,0.403525,-1,14
0.464756,0.442529,27,14
0.495225,0.473749,27,14
0.530616,0.426875,27,14
0.50159,0.400901,27,14
0.507786,0.482494,27,14
0.483768,0.420578,27,14
0.493528,0.473049,27,14
0.531465,0.377901,27,14
0.512454,0.444977,27,14
0.459155,0.445502,27,14
0.496668,0.510392,-1,14
0.491661,0.446289,27,14
0.504476,0.440167,27,14
0.449904,0.467278,-1,14
0.512199,0.415068,27,14
0.457288,0.483631,-1,14
0.512454,0.470163,27,14
0.537151,0.402125,27,14
0.470613,0.370555,-1,14
0.520601,0.395479,27,14
0.497432,0.431072,27,14
0.481137,0.436932,27,14
0.650284,0.599156,174,15
0.622446,0.61927,174,15
0.685845,0.608513,174,15
0.619306,0.557091,-1,15
0.690089,0.638422,-1,15
0.638487,0.618221,174,15
0.656734,0.613148,174,15
0.619052,0.614548,174,15
0.673454,0.624692,174,15
0.618797,0.61892,174,15
0.682365,0.584376,174,15
0.622956,0.628278,174,15
0.648756,0.582365,174,15
0.635432,0.584551,174,15
0.659959,0.637897,174,15
0.680328,0.609038,174,15
0.606321,0.605977,174,15
0.621683,0.585601,174,15
0.66641,0.561289,-1,15
0.654528,0.596707,174,15
0.66276,0.561639,-1,15
0.643749,0.583852,174,15
0.580435,0.612361,-1,15
0.651557,0.595395,174,15
0.66293,0.636848,174,15
0.640354,0.585688,174,15
0.677273,0.698065,-1,15
0.667004,0.585338,174,15
0.667598,0.641133,174,15
0.657753,0.602392,174,15
0.607849,0.603266,174,15
0.622786,0.577293,174,15
0.617015,0.586563,174,15
0.613875,0.621981,174,15
0.649775,0.592947,174,15
0.680244,0.631688,174,15
0.604114,0.560852,-1,15
0.627199,0.594084,174,15
0.672181,0.602829,174,15
0.641288,0.566798,174,15
0.641967,0.583764,174,15
0.658092,0.617871,174,15
0.676934,0.621194,174,15
0.688731,0.635099,-1,15
0.643919,0.607202,174,15
0.645192,0.5863,174,15
0.591469,0.592597,-1,15
0.656904,0.610437,174,15
0.648841,0.593821,174,15
0.609801,0.593384,174,15
0.624568,0.623468,174,15
0.615063,0.615247,174,15
0.622871,0.627053,174,15
0.637554,0.589099,174,15
0.640694,0.607814,174,15
0.587734,0.598019,-1,15
0.674557,0.591373,174,15
0.619306,0.582278,174,15
0.637554,0.620582,174,15
0.672775,0.650316,174,15
0.632546,0.627053,174,15
0.623125,0.642445,174,15
0.667428,0.604403,174,15
0.629236,0.574319,174,15
0.591214,0.554205,-1,15
0.62338,0.594084,174,15
0.66276,0.589274,174,15
0.63976,0.621019,174,15
0.654697,0.628365,174,15
0.659875,0.638772,174,15
0.63976,0.594696,174,15
0.644428,0.553068,174,15
0.608358,0.635711,174,15
0.672435,0.585776,174,15
0.608697,0.666057,-1,15
0.63645,0.558053,174,15
0.677782,0.589274,174,15
0.619985,0.542837,-1,15
0.654103,0.58149,174,15
0.656225,0.634662,174,15
0.672775,0.614285,174,15
0.627963,0.598019,174,15
0.643919,0.62338,174,15
0.604793,0.62338,174,15
0.620834,0.615859,174,15
0.649945,0.594696,174,15
0.665646,0.632475,174,15
0.622871,0.631688,174,15
0.614638,0.584027,174,15
0.656819,0.649004,174,15
0.682111,0.603266,174,15
0.66938,0.588924,174,15
0.677613,0.604928,174,15
0.633989,0.590498,174,15
0.637638,0.670255,-1,15
0.644004,0.66527,-1,15
0.656225,0.61481,174,15
0.665646,0.653726,174,15
0.628727,0.548608,174,15
0.62669,0.576156,174,15
0.203269,0.459669,185,16
0.244347,0.422677,185,16
0.21897,0.432909,185,16
0.245705,0.497973,-1,16
0.190284,0.419878,185,16
0.237557,0.448738,185,16
0.178657,0.443753,185,16
0.215406,0.435008,185,16
0.18341,0.470951,185,16
0.170255,0.384198,-1,16
0.24528,0.430285,185,16
0.194358,0.442441,185,16
0.168557,0.432034,185,16
0.165926,0.463605,-1,16
0.218207,0.401688,185,16
0.216849,0.419529,185,16
0.21269,0.46203,185,16
0.17017,0.435445,185,16
0.242734,0.414369,185,16
0.207513,0.404837,185,16
0.217528,0.436757,185,16
0.176959,0.475848,185,16
0.184089,0.433608,185,16
0.181797,0.460456,185,16
0.230683,0.451011,185,16
0.239424,0.439817,185,16
0.220244,0.428973,185,16
0.233483,0.422939,185,16
0.236624,0.443316,185,16
0.240018,0.476023,185,16
0.186125,0.357,-1,16
0.222365,0.41638,185,16
0.210144,0.437369,185,16
0.181797,0.442966,185,16
0.177469,0.415856,185,16
0.216509,0.439293,185,16
0.231531,0.421627,185,16
0.232804,0.42224,185,16
0.165926,0.475236,-1,16
0.2491,0.451274,185,16
0.202166,0.415506,185,16
0.257672,0.411745,190,16
0.201742,0.424951,185,16
0.186804,0.469202,185,16
0.230937,0.442004,185,16
0.185616,0.417779,185,16
0.208616,0.488878,-1,16
0.21269,0.436932,185,16
0.250458,0.445764,185,16
0.210823,0.39338,-1,16
0.182391,0.408772,185,16
0.194867,0.458445,185,16
0.217358,0.407635,185,16
0.235266,0.426087,185,16
0.214897,0.436844,185,16
0.247657,0.454947,185,16
0.221092,0.418129,185,16
0.206579,0.476198,185,16
0.232974,0.382536,-1,16
0.214642,0.400901,185,16
0.221432,0.468327,185,16
0.160325,0.430023,185,16
0.223299,0.415768,185,16
0.197838,0.43903,185,16
0.214727,0.459844,185,16
0.244771,0.447251,185,16
0.24562,0.455996,185,16
0.218292,0.471563,185,16
0.208956,0.442354,185,16
0.199111,0.456171,185,16
0.218376,0.444977,185,16
0.280841,0.429323,-1,16
0.207343,0.428711,185,16
0.22262,0.38892,-1,16
0.223044,0.417605,185,16
0.236199,0.478996,185,16
0.246214,0.463255,185,16
0.172122,0.464217,185,16
0.253004,0.426437,185,16
0.19283,0.443141,185,16
0.212011,0.488529,-1,16
0.220413,0.438243,185,16
0.180185,0.421103,185,16
0.211841,0.464392,185,16
0.266498,0.434133,-1,16
0.159137,0.448213,185,16
0.181373,0.454335,185,16
0.255295,0.417167,185,16
0.226524,0.455122,185,16
0.236624,0.433521,185,16
0.178827,0.44043,185,16
0.164993,0.444977,185,16
0.24562,0.426087,185,16
0.204118,0.441042,185,16
0.201487,0.494388,-1,16
0.218037,0.472087,185,16
0.235945,0.435095,185,16
0.175092,0.427574,185,16
0.190369,0.409734,185,16
0.216849,0.444365,185,16
0.298494,0.355951,-1,17
0.338638,0.382536,190,17
0.342882,0.415243,190,17
0.336092,0.472,-1,17
0.306642,0.402563,190,17
0.379716,0.37073,-1,17
0.278889,0.374053,190,17
0.313856,0.452061,190,17
0.347295,0.380525,190,17
0.345173,0.433084,-1,17
0.32786,0.421627,190,17
0.310631,0.415768,190,17
0.356037,0.390057,190,17
0.310122,0.408947,190,17
0.323107,0.429061,190,17
0.312413,0.383323,190,17
0.322683,0.4497,190,17
0.296967,0.465354,-1,17
0.371399,0.436932,-1,17
0.302229,0.415068,190,17
0.327011,0.371605,190,17
0.334225,0.411745,190,17
0.296033,0.433433,190,17
0.365967,0.418304,190,17
0.307321,0.416468,190,17
0.283727,0.396878,190,17
0.293063,0.395042,190,17
0.326417,0.43597,190,17
0.315299,0.354114,190,17
0.280162,0.411658,190,17
0.326417,0.39749,190,17
0.305454,0.405711,190,17
0.349841,0.37624,190,17
0.373181,0.399065,-1,17
0.292893,0.403,190,17
0.351199,0.365221,-1,17
0.379207,0.417954,-1,17
0.296882,0.4253,190,17
0.335753,0.3793,190,17
0.341524,0.407023,190,17
0.377849,0.41227,-1,17
0.312328,0.436932,190,17
0.318015,0.439643,190,17
0.318354,0.433958,190,17
0.324295,0.43011,190,17
0.358328,0.428099,190,17
0.305114,0.449175,190,17
0.364354,0.407722,190,17
0.32124,0.41673,190,17
0.329472,0.450049,190,17
0.319882,0.454335,190,17
0.339148,0.43527,190,17
0.286867,0.399939,190,17
0.335668,0.381924,190,17
0.311904,0.415593,190,17
0.302993,0.39819,190,17
0.369446,0.386996,190,17
0.27821,0.412795,190,17
0.356801,0.404487,190,17
0.309103,0.36146,-1,17
0.369277,0.459144,-1,17
0.290686,0.386734,190,17
0.305454,0.398627,190,17
0.329387,0.405536,190,17
0.35417,0.410783,190,17
0.313686,0.380087,190,17
0.315554,0.404924,190,17
0.303162,0.364521,-1,17
0.286697,0.401163,190,17
0.319288,0.386821,190,17
0.353576,0.379738,190,17
0.321664,0.456958,190,17
0.326332,0.387696,190,17
0.316402,0.359973,190,17
0.318439,0.393643,190,17
0.338469,0.368456,190,17
0.28814,0.447513,190,17
0.32438,0.40851,190,17
0.371653,0.442441,-1,17
0.339317,0.348167,190,17
0.266753,0.410084,190,17
0.289328,0.412882,190,17
0.342118,0.445065,190,17
0.327011,0.389532,190,17
0.302483,0.358662,-1,17
0.343985,0.416817,190,17
0.325993,0.396966,190,17
0.35069,0.407198,190,17
0.341015,0.447688,190,17
0.312159,0.406148,190,17
0.360705,0.421977,190,17
0.33448,0.400464,190,17
0.388203,0.373179,-1,17
0.333631,0.415418,190,17
0.313856,0.416118,190,17
0.270232,0.372217,190,17
0.329727,0.447601,190,17
0.309358,0.384635,190,17
0.282199,0.394167,190,17
0.333801,0.430373,190,17
0.88928,0.518,147,18
0.894458,0.484681,147,18
0.921701,0.497361,147,18
0.940712,0.498935,147,18
0.949114,0.485293,-1,18
0.931716,0.549658,147,18
0.882406,0.532517,147,18
0.875446,0.546947,147,18
0.918731,0.554817,147,18
0.878247,0.502783,147,18
0.885207,0.507331,147,18
0.935111,0.555255,147,18
0.852192,0.493776,-1,18
0.92569,0.519399,147,18
0.931546,0.488966,147,18
0.872476,0.518787,147,18
0.935875,0.57773,-1,18
0.900908,0.546859,147,18
0.916524,0.502958,147,18
0.891742,0.491677,147,18
0.884782,0.569947,147,18
0.924841,0.469464,-1,18
0.892845,0.519662,147,18
0.913299,0.512403,147,18
0.882661,0.575019,-1,18
0.893779,0.553593,147,18
0.84693,0.567236,-1,18
0.916354,0.505582,147,18
0.892421,0.508555,147,18
0.918391,0.557004,147,18
0.936893,0.541962,147,18
0.891063,0.537152,147,18
0.934092,0.548783,147,18
0.907867,0.55884,147,18
0.861697,0.560414,147,18
0.894288,0.558578,147,18
0.889196,0.512665,147,18
0.889026,0.513015,147,18
0.939269,0.492639,147,18
0.913978,0.467715,147,18
0.921956,0.48573,147,18
0.915336,0.571783,-1,18
0.849221,0.541787,-1,18
0.874768,0.554992,147,18
0.926454,0.540125,147,18
0.922295,0.502696,147,18
0.88003,0.470776,142,18
0.863904,0.478734,142,18
0.895306,0.495437,147,18
0.941391,0.548259,147,18
0.889535,0.550532,147,18
0.872731,0.529456,147,18
0.89938,0.60143,-1,18
0.878841,0.525259,147,18
0.890723,0.460369,147,18
0.950897,0.523859,-1,18
0.948351,0.538376,-1,18
0.875107,0.53549,147,18
0.903284,0.540213,147,18
0.906085,0.524559,147,18
0.930613,0.552719,147,18
0.930528,0.533304,147,18
0.973897,0.523247,-1,18
0.950133,0.489228,-1,18
0.89972,0.511004,147,18
0.908207,0.506894,147,18
0.894882,0.514677,147,18
0.88631,0.477947,147,18
0.916779,0.500947,147,18
0.877229,0.518787,147,18
0.845232,0.516163,-1,18
0.858472,0.46649,142,18
0.906594,0.453722,142,18
0.886649,0.548084,147,18
0.858133,0.52762,147,18
0.891232,0.529981,147,18
0.874852,0.559715,147,18
0.911517,0.579042,-1,18
0.84048,0.540738,-1,18
0.854483,0.512665,-1,18
0.897089,0.569947,147,18
0.89921,0.537414,147,18
0.90931,0.485205,147,18
0.904218,0.508992,147,18
0.927897,0.54546,147,18
0.913638,0.500859,147,18
0.908546,0.488004,147,18
0.898786,0.50427,147,18
0.890214,0.524384,147,18
0.907613,0.521148,147,18
0.910074,0.503133,147,18
0.926793,0.500859,147,18
0.882661,0.583939,-1,18
0.864838,0.548259,147,18
0.849476,0.538202,-1,18
0.894288,0.578954,-1,18
0.846166,0.544848,-1,18
0.89624,0.529806,147,18
0.913044,0.542924,147,18
0.844638,0.533567,-1,18
0.327435,0.170639,36,19
0.339148,0.151312,36,19
0.317675,0.192939,36,19
0.306218,0.176586,36,19
0.300871,0.174487,36,19
0.31114,0.165217,36,19
0.284321,0.12184,-1,19
0.372756,0.110996,-1,19
0.319797,0.20116,36,19
0.324804,0.174487,36,19
0.338723,0.183757,36,19
0.329812,0.169764,36,19
0.293148,0.153236,36,19
0.320476,0.230631,-1,19
0.360705,0.144316,36,19
0.335668,0.154635,36,19
0.341609,0.194863,36,19
0.337111,0.144928,36,19
0.279483,0.160844,-1,19
0.316402,0.141255,36,19
0.313686,0.179034,36,19
0.346871,0.187255,36,19
0.278889,0.202297,36,19
0.295269,0.211304,36,19
0.346956,0.16338,36,19
0.309443,0.166616,36,19
0.354679,0.198973,36,19
0.333801,0.120179,36,19
0.280417,0.198886,36,19
0.295015,0.235878,-1,19
0.304435,0.170814,36,19
0.313007,0.179034,36,19
0.348229,0.173437,36,19
0.28186,0.169764,-1,19
0.316232,0.121403,36,19
0.338044,0.176673,36,19
0.313941,0.206407,36,19
0.283218,0.185943,36,19
0.371144,0.143791,36,19
0.29179,0.137057,36,19
0.260642,0.157783,-1,19
0.298494,0.223373,36,19
0.298155,0.198274,36,19
0.286867,0.181308,36,19
0.317166,0.157608,36,19
0.333376,0.180084,36,19
0.365797,0.165392,36,19
0.351963,0.185768,36,19
0.351114,0.235266,-1,19
0.27193,0.174487,36,19
0.301889,0.180696,36,19
0.270232,0.147376,-1,19
0.310461,0.20973,36,19
0.325738,0.143878,36,19
0.30469,0.234916,-1,19
0.335583,0.193376,36,19
0.373096,0.15997,-1,19
0.26862,0.180608,36,19
0.329897,0.202034,36,19
0.32107,0.20081,36,19
0.322428,0.20011,36,19
0.289838,0.169939,36,19
0.269893,0.140905,-1,19
0.24859,0.170901,-1,19
0.312668,0.1723,36,19
0.254277,0.207456,-1,19
0.322768,0.207719,36,19
0.303077,0.134084,36,19
0.334734,0.169939,36,19
0.257672,0.192852,36,19
0.344325,0.170376,36,19
0.329642,0.131897,36,19
0.341185,0.154198,36,19
0.319033,0.139418,36,19
0.226609,0.184281,-1,19
0.300107,0.138369,36,19
0.319118,0.196262,36,19
0.332697,0.172038,36,19
0.26862,0.161894,-1,19
0.328793,0.172125,36,19
0.298664,0.190665,36,19
0.325908,0.154285,36,19
0.30172,0.202471,36,19
0.331424,0.212441,36,19
0.280162,0.196525,36,19
0.328114,0.165829,36,19
0.343052,0.215502,-1,19
0.279483,0.185856,36,19
0.313517,0.14519,36,19
0.33728,0.159357,36,19
0.311649,0.194338,36,19
0.323616,0.185418,36,19
0.312328,0.129274,36,19
0.295439,0.13557,36,19
0.312923,0.179034,36,19
0.297052,0.186905,36,19
0.323362,0.171251,36,19
0.335244,0.225646,36,19
0.337959,0.153411,36,19
0.278635,0.119392,-1,19
0.053982,0.93235,225,20
0.052708,0.885825,225,20
0.09803,0.886087,225,20
0.126207,0.89903,225,20
0.057037,0.897369,225,20
0.062723,0.862213,225,20
0.08759,0.917133,225,20
0.07138,0.887924,225,20
0.074096,0.973365,-1,20
0.159646,0.940221,-1,20
0.06807,0.878829,225,20
0.102443,0.898243,225,20
0.110421,0.932,225,20
0.092428,0.916783,225,20
0.073926,0.878392,225,20
0.068919,0.94573,-1,20
0.124255,0.880753,225,20
0.127734,0.907163,225,20
0.145727,0.938996,-1,20
0.121708,0.889848,225,20
0.15676,0.922905,-1,20
0.075284,0.893871,225,20
0.085808,0.943019,225,20
0.085299,0.912323,225,20
0.139531,0.907251,225,20
0.105753,0.931475,225,20
0.102188,0.886787,225,20
0.128668,0.89492,225,20
0.086996,0.906814,225,20
0.080886,0.906989,225,20
0.088609,0.9097,225,20
0.046089,0.897281,225,20
0.096926,0.888886,225,20
0.093446,0.904977,225,20
0.090476,0.91792,225,20
0.11059,0.944243,225,20
0.075199,0.91416,225,20
0.090646,0.890285,225,20
0.038111,0.875243,-1,20
0.096502,0.914335,225,20
0.031321,0.850232,-1,20
0.113985,0.856966,-1,20
0.121199,0.921506,225,20
0.045494,0.936373,225,20
0.082583,0.911711,225,20
0.108554,0.903403,225,20
0.063742,0.958848,-1,20
0.101255,0.926316,225,20
0.063657,0.916521,225,20
0.078764,0.910137,225,20
0.110675,0.896669,225,20
0.116701,0.888711,225,20
0.071295,0.92789,225,20
0.102613,0.921593,225,20
0.081055,0.89903,225,20
0.136306,0.930688,225,20
0.064421,0.911449,225,20
0.070107,0.937947,225,20
0.093956,0.972403,-1,20
0.053048,0.897631,225,20
0.098199,0.911274,225,20
0.136561,0.917395,225,20
0.079867,0.907513,225,20
0.055849,0.896494,225,20
0.04159,0.896407,225,20
0.067391,0.862038,225,20
0.067561,0.875681,225,20
0.11059,0.971703,-1,20
0.07783,0.892209,225,20
0.124339,0.898156,225,20
0.13062,0.890985,225,20
0.118399,0.919582,225,20
0.111694,0.919319,225,20
0.124424,0.903753,225,20
0.113391,0.923605,225,20
0.087081,0.921943,225,20
0.061535,0.920806,225,20
0.126037,0.877779,225,20
0.06807,0.890548,225,20
0.061111,0.942144,225,20
0.084875,0.925703,225,20
0.126631,0.902529,225,20
0.111694,0.883551,-1,20
0.126122,0.913635,225,20
0.024192,0.883289,-1,20
0.124,0.872095,225,20
0.079358,0.907601,225,20
0.15014,0.907338,-1,20
0.101424,0.893696,225,20
0.096247,0.911186,225,20
0.099303,0.950103,225,20
0.097351,0.897369,225,20
0.08148,0.905502,225,20
0.055,0.917308,225,20
0.071974,0.923167,225,20
0.093107,0.896232,225,20
0.104734,0.918445,225,20
0.11076,0.916521,225,20
0.134779,0.883551,225,20
0.054066,0.846471,-1,20
0.216679,0.649354,236,21
0.250712,0.741441,-1,21
0.249863,0.64603,236,21
0.211162,0.703924,236,21
0.218207,0.661597,236,21
0.19928,0.667019,236,21
0.219989,0.673228,236,21
0.213114,0.612099,-1,21
0.157439,0.623643,-1,21
0.239255,0.666757,236,21
0.227458,0.68827,236,21
0.208446,0.682148,236,21
0.220159,0.646118,236,21
0.166181,0.626529,-1,21
0.211417,0.73497,-1,21
0.232889,0.694129,236,21
0.234587,0.696753,236,21
0.17017,0.71643,-1,21
0.222535,0.707684,236,21
0.222196,0.668681,236,21
0.224572,0.585863,-1,21
0.23917,0.683635,236,21
0.193764,0.684684,236,21
0.211502,0.662297,236,21
0.218886,0.634399,236,21
0.196734,0.645506,236,21
0.18638,0.646293,236,21
0.199705,0.671042,236,21
0.205052,0.669905,236,21
0.229325,0.679787,236,21
0.181033,0.698589,236,21
0.24859,0.683985,236,21
0.176111,0.700426,236,21
0.22228,0.629065,236,21
0.216085,0.687133,236,21
0.223554,0.632038,236,21
0.181882,0.658624,236,21
0.241546,0.692992,236,21
0.227797,0.672441,236,21
0.181373,0.676726,236,21
0.211841,0.711795,236,21
0.219055,0.649616,236,21
0.182561,0.661772,236,21
0.172207,0.642532,236,21
0.24562,0.686521,236,21
0.227033,0.701563,236,21
0.236624,0.651365,236,21
0.192321,0.687395,236,21
0.25903,0.63851,-1,21
0.242055,0.659586,236,21
0.242734,0.643494,236,21
0.26217,0.675065,-1,21
0.222026,0.61376,-1,21
0.217867,0.70611,236,21
0.261066,0.640259,-1,21
0.171867,0.625916,-1,21
0.175686,0.638947,236,21
0.228137,0.717129,-1,21
0.20972,0.690631,236,21
0.241716,0.702612,236,21
0.196734,0.655913,236,21
0.187908,0.599243,-1,21
0.202675,0.666319,236,21
0.192151,0.700513,236,21
0.175941,0.634662,236,21
0.249779,0.629939,236,21
0.210483,0.671567,236,21
0.210738,0.677776,236,21
0.175007,0.703224,236,21
0.213793,0.657837,236,21
0.135118,0.676202,-1,21
0.244771,0.672441,236,21
0.220074,0.677251,236,21
0.203439,0.662034,236,21
0.183325,0.598281,-1,21
0.189945,0.621019,-1,21
0.250288,0.680312,236,21
0.213708,0.634137,236,21
0.207004,0.697015,236,21
0.228052,0.678125,236,21
0.230937,0.65565,236,21
0.257502,0.602916,-1,21
0.241376,0.735932,-1,21
0.238406,0.656087,236,21
0.203269,0.643932,236,21
0.218886,0.681099,236,21
0.230768,0.686346,236,21
0.180863,0.69719,236,21
0.204797,0.657049,236,21
0.182137,0.722551,-1,21
0.176111,0.666669,236,21
0.194103,0.647867,236,21
0.203694,0.608338,-1,21
0.25903,0.665445,-1,21
0.272015,0.633875,-1,21
0.207937,0.697015,236,21
0.243413,0.684422,236,21
0.233738,0.675327,236,21
0.21252,0.657837,236,21
0.189181,0.632125,236,21
0.417483,0.906202,248,22
0.421303,0.907863,248,22
0.454148,0.928502,248,22
0.427074,0.831605,248,22
0.417993,0.90419,248,22
0.379122,0.886525,248,22
0.42317,0.842624,248,22
0.42283,0.878304,248,22
0.417314,0.853555,248,22
0.415701,0.895882,248,22
0.387948,0.87708,248,22
0.421557,0.872882,248,22
0.387015,0.847958,248,22
0.381413,0.853817,248,22
0.427074,0.884601,248,22
0.463908,0.881627,-1,22
0.398897,0.867373,248,22
0.400085,0.815251,248,22
0.405941,0.837901,248,22
0.438446,0.872357,248,22
0.40679,0.820935,248,22
0.439974,0.858715,248,22
0.409845,0.938384,248,22
0.389815,0.905152,248,22
0.462974,0.863525,-1,22
0.436749,0.904278,248,22
0.41655,0.911886,248,22
0.426904,0.819186,248,22
0.471886,0.884951,-1,22
0.375472,0.951327,-1,22
0.374454,0.879878,248,22
0.437089,0.806156,-1,22
0.419181,0.848308,248,22
0.425292,0.916433,248,22
0.369192,0.839563,-1,22
0.444303,0.911624,248,22
0.374963,0.884601,248,22
0.411288,0.861076,248,22
0.387015,0.852768,248,22
0.421133,0.846559,248,22
0.436749,0.907688,248,22
0.41638,0.860901,248,22
0.385742,0.859414,248,22
0.391004,0.870521,248,22
0.409251,0.83449,248,22
0.381583,0.881015,248,22
0.412052,0.885563,248,22
0.39041,0.907951,248,22
0.517122,0.873844,-1,22
0.430299,0.882764,248,22
0.427074,0.879179,248,22
0.402292,0.884688,248,22
0.378103,0.881977,248,22
0.378697,0.880053,248,22
0.468491,0.812977,-1,22
0.436494,0.904015,248,22
0.450838,0.916171,248,22
0.430554,0.838338,248,22
0.360196,0.868247,248,22
0.409421,0.880665,248,22
0.397878,0.877167,248,22
0.382262,0.908563,248,22
0.418332,0.884951,248,22
0.415786,0.84997,248,22
0.434458,0.915384,248,22
0.417399,0.847521,248,22
0.415446,0.830468,248,22
0.42283,0.84997,248,22
0.391089,0.891684,248,22
0.412985,0.850582,248,22
0.43259,0.858802,248,22
0.408232,0.905065,248,22
0.404244,0.87157,248,22
0.403734,0.857141,248,22
0.428262,0.897631,248,22
0.412815,0.947217,-1,22
0.379122,0.882939,248,22
0.389985,0.883989,248,22
0.412561,0.906202,248,22
0.442266,0.883814,248,22
0.402716,0.84516,248,22
0.412985,0.870521,248,22
0.429111,0.869209,248,22
0.434712,0.83965,248,22
0.451941,0.860901,248,22
0.460768,0.85784,-1,22
0.389476,0.87673,248,22
0.374878,0.925354,-1,22
0.387779,0.891684,248,22
0.381244,0.918445,-1,22
0.430044,0.852768,248,22
0.376321,0.818837,-1,22
0.414004,0.837114,248,22
0.365627,0.869734,248,22
0.381923,0.867285,248,22
0.438107,0.866411,248,22
0.39007,0.897456,248,22
0.400509,0.921943,248,22
0.401867,0.857928,248,22
0.427328,0.907076,248,22
0.794649,0.916871,257,23
0.82707,0.924392,257,23
0.855332,0.92649,257,23
0.77131,0.884863,-1,23
0.830804,0.896057,257,23
0.814255,0.967681,-1,23
0.823675,0.892559,257,23
0.79397,0.943631,-1,23
0.830974,0.872882,257,23
0.800336,0.902266,257,23
0.836151,0.883376,257,23
0.806701,0.866411,257,23
0.844129,0.950278,257,23
0.877993,0.931038,-1,23
0.792018,0.881015,-1,23
0.822742,0.895357,257,23
0.953018,0.875331,-1,23
0.843196,0.888711,257,23
0.856266,0.855042,-1,23
0.779797,0.864399,-1,23
0.831653,0.908563,257,23
0.841838,0.954125,257,23
0.857624,0.944681,257,23
0.822232,0.861513,257,23
0.809502,0.919757,257,23
0.826391,0.888099,257,23
0.799911,0.917133,257,23
0.822572,0.907338,257,23
0.813066,0.933487,257,23
0.755524,0.938034,-1,23
0.850919,0.945992,257,23
0.780815,0.893171,257,23
0.833266,0.975726,-1,23
0.798469,0.992255,-1,23
0.859406,0.925529,-1,23
0.783362,0.901829,257,23
0.809926,0.908125,257,23
0.844044,0.903228,257,23
0.808059,0.903753,257,23
0.844808,0.942232,257,23
0.815358,0.916521,257,23
0.798638,0.950278,-1,23
0.789642,0.944856,-1,23
0.855247,0.951589,257,23
0.840819,0.913985,257,23
0.852192,0.8867,257,23
0.750007,0.971354,-1,23
0.838358,0.994441,-1,23
0.783616,0.942669,257,23
0.81383,0.950977,-1,23
0.822996,0.93681,257,23
0.787775,0.90524,257,23
0.869251,0.962433,257,23
0.828004,0.918532,257,23
0.862122,0.950365,257,23
0.826137,0.925441,257,23
0.871288,0.918008,-1,23
0.823845,0.905677,257,23
0.830889,0.89011,257,23
0.836576,0.897631,257,23
0.854738,0.888536,257,23
0.813915,0.94162,257,23
0.819177,0.96497,-1,23
0.821723,0.966719,-1,23
0.793376,0.912061,257,23
0.866535,0.970916,257,23
0.834369,0.959722,257,23
0.810181,0.89046,257,23
0.790406,0.927715,257,23
0.769188,0.901392,-1,23
0.835303,0.916521,257,23
0.831314,0.925878,257,23
0.812048,0.874019,257,23
0.835472,0.936985,257,23
0.848118,0.92238,257,23
0.921277,0.973015,-1,23
0.864583,0.934711,-1,23
0.851004,0.886175,257,23
0.842856,0.929027,257,23
0.773007,0.924217,257,23
0.83386,0.816738,-1,23
0.811793,0.900867,257,23
0.840225,0.890722,257,23
0.851852,0.944156,257,23
0.831399,0.919669,257,23
0.893354,0.888186,-1,23
0.833266,0.895357,257,23
0.782089,0.889498,257,23
0.80093,0.910837,257,23
0.808823,0.810004,43,23
0.825118,0.899293,257,23
0.829701,0.978612,-1,23
0.787605,0.910574,257,23
0.803306,0.880316,257,23
0.787011,0.890023,257,23
0.829192,0.934973,257,23
0.793801,0.901304,257,23
0.807889,0.952202,-1,23
0.820705,0.886175,257,23
0.788624,0.909787,257,23
0.877568,0.732783,56,24
0.855162,0.714681,56,24
0.877399,0.67524,56,24
0.878756,0.690544,56,24
0.897258,0.769426,-1,24
0.893948,0.694829,56,24
0.902351,0.680399,56,24
0.89972,0.675852,56,24
0.887753,0.713544,56,24
0.890893,0.693867,56,24
0.887159,0.708821,56,24
0.864923,0.74354,43,24
0.829277,0.687308,-1,24
0.86297,0.679262,56,24
0.885207,0.694479,56,24
0.8931,0.670255,56,24
0.912026,0.707947,56,24
0.862037,0.712144,56,24
0.893948,0.648392,56,24
0.873325,0.670342,56,24
0.88003,0.722639,56,24
0.871458,0.716605,56,24
0.875616,0.702,56,24
0.914911,0.753859,-1,24
0.874937,0.699989,56,24
0.894542,0.687745,56,24
0.878417,0.649441,-1,24
0.911007,0.696403,56,24
0.834878,0.678475,56,24
0.854568,0.662384,56,24
0.877314,0.699464,56,24
0.88317,0.666232,56,24
0.890044,0.644719,56,24
0.886904,0.69238,56,24
0.859321,0.733833,56,24
0.901247,0.639996,56,24
0.856096,0.610262,-1,24
0.843959,0.73497,56,24
0.865601,0.681973,56,24
0.861867,0.691593,56,24
0.921362,0.687046,-1,24
0.9161,0.716605,56,24
0.860849,0.699551,56,24
0.872137,0.694916,56,24
0.869336,0.711357,56,24
0.867469,0.679,56,24
0.894373,0.713019,56,24
0.817055,0.737156,-1,24
0.902266,0.642183,56,24
0.918561,0.716167,56,24
0.871288,0.715205,56,24
0.898107,0.707247,56,24
0.845742,0.660985,56,24
0.879011,0.658099,56,24
0.878077,0.682848,56,24
0.849221,0.742141,56,24
0.895561,0.700076,56,24
0.898616,0.690544,56,24
0.860594,0.68346,56,24
0.881642,0.672354,56,24
0.854399,0.73908,56,24
0.898701,0.652327,56,24
0.87655,0.718791,56,24
0.882745,0.71162,56,24
0.893269,0.709696,56,24
0.89624,0.683985,56,24
0.910583,0.680224,56,24
0.864244,0.696928,56,24
0.83038,0.723513,56,24
0.891487,0.681711,56,24
0.904557,0.708909,56,24
0.860424,0.679612,56,24
0.890129,0.714768,56,24
0.898786,0.720452,56,24
0.847524,0.695966,-1,24
0.920173,0.71949,56,24
0.878417,0.745464,43,24
0.929594,0.727798,56,24
0.886734,0.71127,56,24
0.87324,0.663521,56,24
0.931461,0.676639,-1,24
0.901077,0.711183,56,24
0.875446,0.666932,56,24
0.856605,0.66938,56,24
0.832926,0.716779,56,24
0.904727,0.679525,56,24
0.898956,0.621194,-1,24
0.876804,0.675065,56,24
0.944701,0.693255,-1,24
0.890978,0.717829,56,24
0.930018,0.672616,-1,24
0.8931,0.690019,56,24
0.872646,0.676027,56,24
0.885631,0.667719,56,24
0.866026,0.71984,56,24
0.872221,0.745639,43,24
0.902605,0.773274,-1,24
0.862037,0.719141,56,24
0.826137,0.703049,-1,24
0.842007,0.714506,56,24
0.729893,0.032289,6,25
0.713852,0.08065,6,25
0.708251,0.091494,6,25
0.741096,0.095342,6,25
0.676,0.078464,6,25
0.644683,0.089483,-1,25
0.74831,0.052141,6,25
0.697897,0.129099,6,25
0.686439,0.067882,6,25
0.73872,0.02503,-1,25
0.680413,0.077589,6,25
0.716908,0.06281,6,25
0.697982,0.058262,6,25
0.712664,0.035787,6,25
0.684572,0.038061,6,25
0.725649,0.090183,6,25
0.699849,0.087559,6,25
0.729723,0.0343,6,25
0.634159,0.094817,-1,25
0.667852,0.059487,6,25
0.7119,0.104437,6,25
0.708421,0.09097,6,25
0.709779,0.086772,6,25
0.739823,0.035787,6,25
0.740332,0.031152,6,25
0.711731,0.081525,6,25
0.661996,0.07584,6,25
0.69221,0.113795,6,25
0.711052,0.06351,6,25
0.710627,0.091407,6,25
0.675576,0.044707,6,25
0.687627,0.059749,6,25
0.677952,0.032726,6,25
0.729214,0.104262,6,25
0.723273,0.062285,6,25
0.686609,0.05284,6,25
0.717587,0.092456,6,25
0.684572,0.006753,-1,25
0.761635,0.093418,-1,25
0.713004,0.037011,6,25
0.679649,0.084323,6,25
0.673708,0.044882,6,25
0.713768,0.063859,6,25
0.763672,0.063859,6,25
0.721576,0.098141,6,25
0.725734,0.040597,6,25
0.696454,0.014973,-1,25
0.698151,0.080738,6,25
0.69221,0.067095,6,25
0.681092,0.103825,-1,25
0.75162,0.087646,-1,25
0.732609,0.071992,6,25
0.711052,0.078814,6,25
0.726244,0.051091,6,25
0.741011,0.119829,-1,25
0.72828,0.120354,-1,25
0.732863,0.085198,6,25
0.700018,0.018471,-1,25
0.746103,0.073042,6,25
0.743642,0.055901,6,25
0.742284,0.084148,6,25
0.706893,0.079163,6,25
0.701207,0.038061,6,25
0.69221,0.082137,6,25
0.69917,0.116156,6,25
0.643579,0.070943,-1,25
0.700273,0.057913,6,25
0.699934,0.043658,6,25
0.707487,0.059662,6,25
0.702055,0.064821,6,25
0.6889,0.032551,6,25
0.712494,0.069281,6,25
0.724801,0.082662,6,25
0.636535,0.134259,-1,25
0.742454,0.057388,6,25
0.698915,0.125513,6,25
0.724546,0.083186,6,25
0.750941,0.056601,6,25
0.766303,0.144578,132,25
0.658686,0.060449,6,25
0.721151,0.014798,-1,25
0.714277,0.086684,6,25
0.714786,0.07138,6,25
0.699594,0.04497,6,25
0.72862,0.114144,6,25
0.752469,0.053977,6,25
0.774026,0.101726,-1,25
0.71572,0.087646,6,25
0.697982,0.090183,6,25
0.695096,0.064559,6,25
0.729044,0.060099,6,25
0.719199,0.102163,6,25
0.713089,0.073392,6,25
0.712919,0.064909,6,25
0.676424,0.086947,-1,25
0.696199,0.097703,6,25
0.694587,0.107935,6,25
0.714277,0.081525,6,25
0.68941,0.003517,-1,25
0.677273,0.071992,6,25
0.737531,0.50016,286,26
0.756203,0.48538,286,26
0.737786,0.44043,286,26
0.836915,0.445502,142,26
0.724037,0.46719,286,26
0.696284,0.476023,286,26
0.721151,0.413319,286,26
0.703159,0.470163,286,26
0.772413,0.520886,-1,26
0.717332,0.467977,286,26
0.764266,0.499635,286,26
0.737871,0.47751,286,26
0.700528,0.468764,286,26
0.743048,0.445414,286,26
0.734476,0.445065,286,26
0.695775,0.445414,286,26
0.730572,0.4943,286,26
0.693993,0.451536,286,26
0.722339,0.441304,286,26
0.739399,0.493601,286,26
0.755185,0.456958,286,26
0.759343,0.458882,286,26
0.742708,0.461331,286,26
0.703498,0.454772,286,26
0.743982,0.474624,286,26
0.724631,0.466403,286,26
0.701631,0.46754,286,26
0.749159,0.483981,286,26
0.69238,0.519049,-1,26
0.736852,0.43562,286,26
0.740332,0.466928,286,26
0.743897,0.47751,286,26
0.786332,0.472262,-1,26
0.747801,0.440867,286,26
0.693993,0.446289,286,26
0.751705,0.481532,286,26
0.73872,0.483631,286,26
0.695605,0.444015,286,26
0.739314,0.443578,286,26
0.654613,0.512316,-1,26
0.750262,0.53584,-1,26
0.756458,0.558665,-1,26
0.745,0.48162,286,26
0.763077,0.500772,286,26
0.752723,0.482319,286,26
0.759258,0.498673,286,26
0.729129,0.473399,286,26
0.750262,0.430635,286,26
0.707402,0.470076,286,26
0.707317,0.516338,-1,26
0.789812,0.4483,-1,26
0.730911,0.444278,286,26
0.709185,0.461156,286,26
0.781494,0.44043,-1,26
0.754421,0.486342,286,26
0.759089,0.529019,-1,26
0.72531,0.495437,286,26
0.761041,0.440954,286,26
0.746613,0.480221,286,26
0.710712,0.50392,-1,26
0.740332,0.425563,286,26
0.776827,0.516426,-1,26
0.784041,0.495087,-1,26
0.743048,0.455297,286,26
0.71886,0.465529,286,26
0.713173,0.430722,286,26
0.739568,0.513802,286,26
0.717926,0.476198,286,26
0.740162,0.432646,286,26
0.74203,0.494738,286,26
0.741096,0.463779,286,26
0.744576,0.470338,286,26
0.679055,0.514502,-1,26
0.743472,0.487392,286,26
0.745085,0.443316,286,26
0.733118,0.541787,-1,26
0.739144,0.470776,286,26
0.741351,0.556042,-1,26
0.732439,0.493951,286,26
0.69883,0.474099,286,26
0.78107,0.490715,-1,26
0.742963,0.496924,286,26
0.687882,0.471563,286,26
0.689494,0.481183,286,26
0.762059,0.461681,286,26
0.736428,0.475411,286,26
0.748904,0.459407,286,26
0.739823,0.420316,286,26
0.746782,0.464567,286,26
0.747037,0.428536,-1,26
0.780646,0.489053,-1,26
0.734137,0.450137,286,26
0.796262,0.541525,-1,26
0.757391,0.511441,286,26
0.727856,0.445589,286,26
0.746697,0.466753,286,26
0.73524,0.486517,286,26
0.786926,0.469027,-1,26
0.753317,0.505757,286,26
0.756203,0.465966,286,26
0.731421,0.281878,299,27
0.787605,0.299369,-1,27
0.742284,0.275582,299,27
0.707996,0.335924,299,27
0.776911,0.299806,-1,27
0.698236,0.276194,299,27
0.780137,0.30724,-1,27
0.706638,0.312224,299,27
0.723952,0.288,299,27
0.719199,0.287563,299,27
0.732863,0.29351,299,27
0.723018,0.295433,299,27
0.721151,0.282665,299,27
0.762144,0.358049,-1,27
0.740926,0.299631,299,27
0.733033,0.342745,299,27
0.644683,0.275757,-1,27
0.757391,0.272084,299,27
0.721236,0.312312,299,27
0.750686,0.372129,-1,27
0.681856,0.310213,-1,27
0.734221,0.267973,299,27
0.749583,0.336798,299,27
0.771055,0.351053,-1,27
0.725734,0.3563,-1,27
0.742539,0.314323,299,27
0.695181,0.269285,299,27
0.705026,0.299719,299,27
0.680498,0.357875,-1,27
0.705959,0.297707,299,27
0.730148,0.27357,299,27
0.711137,0.315722,299,27
0.779458,0.361897,-1,27
0.762059,0.323856,299,27
0.738125,0.29762,299,27
0.690852,0.322019,299,27
0.728111,0.268498,299,27
0.712749,0.321669,299,27
0.714871,0.313011,299,27
0.775554,0.350791,-1,27
0.718266,0.31065,299,27
0.722934,0.304703,299,27
0.772244,0.344407,-1,27
0.764096,0.321494,299,27
0.753063,0.278293,299,27
0.776572,0.250658,-1,27
0.719793,0.336011,299,27
0.723188,0.313973,299,27
0.704686,0.27051,299,27
0.750771,0.308027,299,27
0.715465,0.31511,299,27
0.747376,0.293422,299,27
0.736683,0.359011,-1,27
0.691277,0.32438,299,27
0.750007,0.315548,299,27
0.71852,0.305753,299,27
0.773347,0.308464,-1,27
0.74831,0.281791,299,27
0.694417,0.326304,299,27
0.75824,0.322019,299,27
0.744745,0.332951,299,27
0.74186,0.294034,299,27
0.701292,0.332163,299,27
0.732524,0.285202,299,27
0.785908,0.272259,-1,27
0.747886,0.327791,299,27
0.693229,0.324468,299,27
0.718351,0.363559,-1,27
0.738804,0.301555,299,27
0.693229,0.317122,299,27
0.710967,0.269985,299,27
0.703244,0.291061,299,27
0.737871,0.306103,299,27
0.738635,0.282403,299,27
0.751705,0.327791,299,27
0.731166,0.315897,299,27
0.705959,0.325954,299,27
0.71538,0.259316,299,27
0.739144,0.362947,-1,27
0.696708,0.31957,299,27
0.771565,0.331202,-1,27
0.721915,0.291411,299,27
0.710542,0.293947,299,27
0.729469,0.305403,299,27
0.731081,0.318521,299,27
0.768339,0.305578,299,27
0.7321,0.296745,299,27
0.718011,0.301992,299,27
0.707317,0.326479,299,27
0.721661,0.289574,299,27
0.723613,0.319745,299,27
0.699424,0.283802,299,27
0.727517,0.309951,299,27
0.782089,0.31511,-1,27
0.712155,0.303654,299,27
0.748055,0.286688,299,27
0.740332,0.311787,299,27
0.719963,0.325867,299,27
0.753572,0.340646,299,27
0.750262,0.317209,299,27
0.276852,0.758757,130,28
0.262424,0.773361,130,28
0.282284,0.769863,130,28
0.289753,0.826445,130,28
0.216849,0.820673,-1,28
0.242395,0.751586,130,28
0.290856,0.746776,130,28
0.297646,0.766715,130,28
0.264461,0.850757,-1,28
0.247487,0.81254,130,28
0.244092,0.81324,130,28
0.305369,0.847783,-1,28
0.299343,0.822859,130,28
0.262934,0.771,130,28
0.247911,0.825046,130,28
0.277956,0.791551,130,28
0.228137,0.700951,236,28
0.212351,0.800646,-1,28
0.290686,0.790502,130,28
0.240273,0.789715,130,28
0.26862,0.797935,130,28
0.287037,0.771612,130,28
0.316657,0.788316,-1,28
0.239849,0.759019,130,28
0.272185,0.796624,130,28
0.295948,0.801171,130,28
0.234162,0.804144,130,28
0.277277,0.791639,130,28
0.259369,0.801958,130,28
0.263613,0.786829,130,28
0.282199,0.757445,130,28
0.277192,0.846909,-1,28
0.30172,0.766977,130,28
0.254192,0.793125,130,28
0.260557,0.788578,130,28
0.272185,0.787966,130,28
0.297561,0.808517,130,28
0.284066,0.800821,130,28
0.267177,0.745027,130,28
0.312413,0.766278,130,28
0.274731,0.783068,130,28
0.275155,0.786567,130,28
0.258605,0.804144,130,28
0.239594,0.742928,130,28
0.326756,0.771087,-1,28
0.266838,0.810966,130,28
0.25521,0.767852,130,28
0.24248,0.801958,130,28
0.26845,0.81665,130,28
0.274731,0.796711,130,28
0.246638,0.827057,130,28
0.243923,0.84551,-1,28
0.288395,0.735844,-1,28
0.253428,0.810179,130,28
0.299258,0.789103,130,28
0.294845,0.799772,130,28
0.234672,0.78027,130,28
0.207343,0.729985,-1,28
0.284576,0.817612,130,28
0.282369,0.730247,-1,28
0.313686,0.771175,130,28
0.262,0.773711,130,28
0.319373,0.811403,-1,28
0.292214,0.80292,130,28
0.248251,0.783681,130,28
0.30138,0.780095,130,28
0.295354,0.772224,130,28
0.231786,0.824696,130,28
0.256823,0.776422,130,28
0.259114,0.760681,130,28
0.266583,0.810004,130,28
0.252664,0.783068,130,28
0.299004,0.780882,130,28
0.269469,0.776247,130,28
0.311904,0.753072,130,28
0.287122,0.746601,130,28
0.281605,0.808255,130,28
0.299343,0.813327,130,28
0.276598,0.750449,130,28
0.254701,0.770738,130,28
0.256399,0.765753,130,28
0.283048,0.767152,130,28
0.268535,0.79951,130,28
0.292214,0.76549,130,28
0.330491,0.845422,-1,28
0.265055,0.775722,130,28
0.243838,0.765928,130,28
0.244771,0.804932,130,28
0.277871,0.751935,130,28
0.231786,0.808867,130,28
0.283557,0.763304,130,28
0.242989,0.731384,-1,28
0.26862,0.707859,-1,28
0.283727,0.766278,130,28
0.218461,0.813327,-1,28
0.285085,0.779833,130,28
0.27821,0.772487,130,28
0.27838,0.774848,130,28
0.241801,0.793213,130,28
0.275155,0.783856,130,28
0.427244,0.686871,105,29
0.448292,0.716342,105,29
0.429365,0.71057,105,29
0.438871,0.73943,105,29
0.460598,0.686783,105,29
0.513303,0.689319,105,29
0.493867,0.712057,105,29
0.504221,0.658186,105,29
0.485804,0.716517,105,29
0.50507,0.713719,105,29
0.47248,0.701213,105,29
0.527731,0.649529,-1,29
0.473498,0.714506,105,29
0.451177,0.63676,105,29
0.477742,0.728411,105,29
0.477317,0.683897,105,29
0.50507,0.748787,-1,29
0.438616,0.703749,105,29
0.435306,0.691068,105,29
0.47248,0.72876,105,29
0.428686,0.722639,105,29
0.456354,0.67384,105,29
0.455845,0.6567,105,29
0.482919,0.694479,105,29
0.451262,0.735144,105,29
0.467387,0.722114,105,29
0.534775,0.652152,-1,29
0.488181,0.701213,105,29
0.45559,0.702262,105,29
0.434288,0.652502,105,29
0.431063,0.744327,105,29
0.458052,0.67865,105,29
0.452875,0.728148,105,29
0.45593,0.666407,105,29
0.474517,0.687046,105,29
0.466963,0.69238,105,29
0.421303,0.744852,-1,29
0.441332,0.70681,105,29
0.430469,0.741354,105,29
0.439125,0.703749,105,29
0.446339,0.691506,105,29
0.433524,0.662996,105,29
0.431742,0.689757,105,29
0.44583,0.657924,105,29
0.451177,0.68276,105,29
0.458052,0.709346,105,29
0.444387,0.67489,105,29
0.464587,0.670779,105,29
0.434033,0.670255,105,29
0.44948,0.721327,105,29
0.449819,0.670517,105,29
0.474092,0.722376,105,29
0.483343,0.726312,105,29
0.474177,0.691681,105,29
0.479269,0.718441,105,29
0.433948,0.705586,105,29
0.490472,0.675589,105,29
0.463059,0.656262,105,29
0.429959,0.695354,105,29
0.460513,0.669643,105,29
0.492255,0.68416,105,29
0.520686,0.689669,-1,29
0.443878,0.749574,105,29
0.470358,0.663783,105,29
0.465011,0.648654,105,29
0.470188,0.676901,105,29
0.469934,0.672791,105,29
0.476044,0.679612,105,29
0.443963,0.7027,105,29
0.416125,0.671567,105,29
0.424018,0.703137,105,29
0.445066,0.665707,105,29
0.471801,0.662384,105,29
0.479354,0.661859,105,29
0.488351,0.663171,105,29
0.476808,0.701038,105,29
0.427753,0.678825,105,29
0.479609,0.676202,105,29
0.418926,0.684072,105,29
0.499469,0.752373,-1,29
0.484701,0.743278,-1,29
0.478336,0.759369,-1,29
0.424018,0.684947,105,29
0.505919,0.655738,-1,29
0.471461,0.710308,105,29
0.442351,0.692293,105,29
0.463993,0.694654,105,29
0.476638,0.687308,105,29
0.468066,0.71503,105,29
0.45279,0.687308,105,29
0.458476,0.710745,105,29
0.47893,0.635711,105,29
0.440738,0.698589,105,29
0.456439,0.676551,105,29
0.431317,0.745901,105,29
0.467642,0.667106,105,29
0.476384,0.668418,105,29
0.471461,0.703749,105,29
0.444303,0.715817,105,29
0.40959,0.682411,105,29
0.122303,0.303129,-1,30
0.10728,0.289837,-1,30
0.09769,0.248034,39,30
0.039893,0.268498,39,30
0.092683,0.277768,39,30
0.048974,0.248209,39,30
0.122812,0.245411,39,30
0.062469,0.197924,39,30
0.095908,0.22416,39,30
0.043203,0.261764,39,30
0.039808,0.248034,39,30
0.045155,0.247859,39,30
0.042863,0.239464,39,30
0.061365,0.266487,39,30
0.052963,0.245848,39,30
0.072823,0.234217,39,30
0.053812,0.213316,39,30
0.08793,0.24681,39,30
0.064675,0.216989,39,30
0.093192,0.308376,-1,30
0.067137,0.221099,39,30
0.074266,0.261939,39,30
0.036074,0.276719,39,30
0.063317,0.243924,39,30
0.087506,0.212266,39,30
0.0881,0.245236,39,30
0.075793,0.198886,39,30
0.043033,0.233517,39,30
0.072908,0.277243,39,30
0.119247,0.213316,39,30
0.06493,0.250395,39,30
0.098793,0.220662,39,30
0.09769,0.249608,39,30
0.06145,0.261065,39,30
0.118823,0.217251,39,30
0.071889,0.213316,39,30
0.06493,0.27838,39,30
0.098963,0.239289,39,30
0.081395,0.29762,-1,30
0.070362,0.168802,-1,30
0.11059,0.248384,39,30
0.095568,0.275932,39,30
0.072993,0.222148,39,30
0.060347,0.218388,39,30
0.073162,0.248996,39,30
0.124255,0.270684,39,30
0.070446,0.226346,39,30
0.110421,0.264125,39,30
0.08759,0.276806,39,30
0.086232,0.204745,39,30
0.113646,0.214627,39,30
0.067815,0.265525,39,30
0.101255,0.263601,39,30
0.060517,0.212091,39,30
0.086996,0.275932,39,30
0.066458,0.206932,39,30
0.118993,0.265175,39,30
0.113731,0.217251,39,30
0.033273,0.266312,39,30
0.046513,0.241125,39,30
0.095483,0.267099,39,30
0.051351,0.207194,39,30
0.11738,0.245673,39,30
0.080037,0.271471,39,30
0.144114,0.218475,-1,30
0.039638,0.24646,39,30
0.072993,0.24751,39,30
0.055255,0.192414,-1,30
0.127904,0.216901,39,30
0.065015,0.257217,39,30
0.09786,0.228707,39,30
0.055255,0.254243,39,30
0.081904,0.247597,39,30
0.10414,0.259228,39,30
0.066542,0.21524,39,30
0.073672,0.207281,39,30
0.094804,0.239901,39,30
0.118483,0.265,39,30
0.053218,0.298494,-1,30
0.086657,0.217513,39,30
0.072229,0.22897,39,30
0.09803,0.284414,39,30
0.101764,0.21454,39,30
0.066458,0.234916,39,30
0.063911,0.303129,-1,30
0.077915,0.254681,39,30
0.101679,0.250833,39,30
0.077066,0.264475,39,30
0.105668,0.258878,39,30
0.095314,0.281791,39,30
0.106771,0.262376,39,30
0.07783,0.297183,-1,30
0.070022,0.227745,39,30
0.10414,0.229932,39,30
0.122303,0.232992,39,30
0.095568,0.266487,39,30
0.086063,0.247072,39,30
0.044561,0.266662,39,30
0.065948,0.306715,-1,30
0.096672,0.245935,39,30
0.108638,0.520886,330,31
0.063402,0.534354,330,31
0.09107,0.524734,330,31
0.116871,0.467627,330,31
0.108978,0.483281,330,31
0.095568,0.516251,330,31
0.100661,0.489228,330,31
0.078424,0.549658,-1,31
0.139786,0.476897,330,31
0.11059,0.519487,330,31
0.081819,0.496049,330,31
0.100066,0.520186,330,31
0.116277,0.471563,330,31
0.052369,0.492814,-1,31
0.113561,0.537065,330,31
0.111524,0.505319,330,31
0.106601,0.501646,330,31
0.096926,0.471038,330,31
0.140889,0.528407,330,31
0.094125,0.444015,-1,31
0.105159,0.505757,330,31
0.104819,0.466316,330,31
0.152432,0.495437,330,31
0.092683,0.508817,330,31
0.052793,0.515464,-1,31
0.110675,0.488354,330,31
0.122048,0.455122,330,31
0.117125,0.532167,330,31
0.086827,0.498586,330,31
0.060347,0.461943,-1,31
0.118568,0.469376,330,31
0.086657,0.530856,330,31
0.139362,0.457745,330,31
0.118399,0.520361,330,31
0.106771,0.537939,330,31
0.118568,0.474798,330,31
0.107026,0.448563,-1,31
0.141653,0.514589,330,31
0.121369,0.548171,-1,31
0.079867,0.527183,330,31
0.072908,0.488966,330,31
0.080546,0.53549,330,31
0.106771,0.52281,330,31
0.143181,0.505057,330,31
0.072399,0.509954,330,31
0.116107,0.524909,330,31
0.099218,0.479521,330,31
0.12714,0.501034,330,31
0.103631,0.459669,330,31
0.123745,0.486517,330,31
0.138513,0.506456,330,31
0.121963,0.455034,330,31
0.125528,0.459669,330,31
0.112373,0.497973,330,31
0.101085,0.542837,330,31
0.095059,0.502608,330,31
0.153535,0.470951,-1,31
0.068494,0.539076,330,31
0.09421,0.521498,330,31
0.118653,0.501034,330,31
0.114155,0.53243,330,31
0.072483,0.470776,-1,31
0.095823,0.474624,330,31
0.116022,0.509255,330,31
0.12697,0.535578,330,31
0.067221,0.46789,-1,31
0.153111,0.476198,-1,31
0.079528,0.563563,-1,31
0.093786,0.562688,-1,31
0.150819,0.514764,-1,31
0.082328,0.493601,330,31
0.167199,0.556392,-1,31
0.117635,0.472262,330,31
0.110251,0.482057,330,31
0.122218,0.542137,330,31
0.150734,0.51249,330,31
0.090561,0.513365,330,31
0.159221,0.497886,330,31
0.147255,0.4713,-1,31
0.09786,0.450837,-1,31
0.116192,0.475673,330,31
0.105159,0.486954,330,31
0.125697,0.499023,330,31
0.089542,0.493251,330,31
0.130026,0.523597,330,31
0.084535,0.473224,-1,31
0.110506,0.477859,330,31
0.09472,0.534179,330,31
0.070701,0.505844,330,31
0.110336,0.503395,330,31
0.115937,0.519487,330,31
0.134524,0.494213,330,31
0.116701,0.508992,330,31
0.081989,0.559977,-1,31
0.163889,0.498848,330,31
0.082583,0.491065,330,31
0.104649,0.505669,330,31
0.087675,0.515114,330,31
0.13079,0.475411,330,31
0.157269,0.550707,-1,31
