0.817395,0.077852,0,1
0.876804,0.138456,0,1
0.825288,0.096829,0,1
0.823930,0.039722,0,1
0.843280,0.055376,0,1
0.781494,0.074878,2,1
0.825542,0.120441,0,1
0.802712,0.096741,0,1
0.888686,0.111521,3,1
0.842941,0.099540,0,1
0.870015,0.153673,0,1
0.879605,0.029490,0,1
0.895985,0.098753,3,1
0.833945,0.075053,0,1
0.826646,0.092894,0,1
0.755015,0.074529,2,1
0.835727,0.076452,0,1
0.860509,0.077327,3,1
0.848118,0.099977,0,1
0.795753,0.078027,0,1
0.807041,0.116243,1,1
0.827579,0.074004,0,1
0.852362,0.043920,0,1
0.816376,0.097878,0,1
0.845911,0.117293,0,1
0.831314,0.098228,0,1
0.902011,0.105312,3,1
0.801609,0.091932,0,1
0.893948,0.091669,3,1
0.840480,0.083973,0,1
0.835387,0.101814,0,1
0.817310,0.089745,0,1
0.874258,0.090970,3,1
0.823506,0.154110,0,1
0.824694,0.074091,0,1
0.813321,0.050129,0,1
0.825882,0.146240,0,1
0.808823,0.092456,0,1
0.852786,0.119304,0,1
0.816292,0.108897,1,1
0.821469,0.099103,0,1
0.848542,0.066133,0,1
0.809502,0.066221,0,1
0.832332,0.114144,0,1
0.841923,0.069019,0,1
0.879011,0.039635,3,1
0.795753,0.134871,1,1
0.801948,0.062635,0,1
0.842262,0.115194,0,1
0.893609,0.075840,3,1
0.870694,0.083798,3,1
0.819771,0.094730,0,1
0.838018,0.149038,0,1
0.863565,0.117118,0,1
0.807804,0.097441,0,1
0.819177,0.079863,0,1
0.833351,0.126038,0,1
0.831059,0.137407,0,1
0.894118,0.123852,3,1
0.790915,0.055814,0,1
0.801609,0.075578,0,1
0.834624,0.042696,0,1
0.866790,0.127000,0,1
0.789812,0.044970,0,1
0.834963,0.046894,0,1
0.811708,0.132772,1,1
0.807125,0.090970,0,1
0.874004,0.119479,0,1
0.838952,0.073654,0,1
0.880878,0.069719,3,1
0.810096,0.069019,0,1
0.847185,0.057825,0,1
0.824863,0.071205,0,1
0.833351,0.046894,0,1
0.835557,0.086859,0,1
0.748480,0.077240,2,1
0.915506,0.097091,3,1
0.819941,0.036137,0,1
0.824863,0.071030,0,1
0.834454,0.101027,0,1
0.897598,0.071205,3,1
0.802882,0.087209,0,1
0.822487,0.068407,0,1
0.824524,0.085897,0,1
0.808144,0.027217,0,1
0.862546,0.071817,3,1
0.847779,0.108198,0,1
0.801948,0.115981,1,1
0.810945,0.029141,0,1
0.868996,0.114057,0,1
0.820959,0.084760,0,1
0.800421,0.079863,0,1
0.841159,0.086947,0,1
0.865092,0.085635,3,1
0.882745,0.074791,3,1
0.857369,0.050042,0,1
0.825203,0.061148,0,1
0.801863,0.119217,1,1
0.845148,0.094817,0,1
0.853295,0.146677,0,1
0.575428,0.337935,4,2
0.563122,0.336449,4,2
0.555823,0.257129,4,2
0.548185,0.320270,4,2
0.538255,0.264738,4,2
0.509738,0.299806,4,2
0.529852,0.306015,4,2
0.538594,0.298844,4,2
0.586376,0.258441,4,2
0.570506,0.309076,4,2
0.527815,0.306802,4,2
0.518819,0.263776,4,2
0.530871,0.326741,4,2
0.533926,0.298844,4,2
0.556672,0.296833,4,2
0.558199,0.339072,4,2
0.524081,0.360148,8,2
0.539528,0.310825,4,2
0.539188,0.277243,4,2
0.512539,0.323681,4,2
0.524845,0.300768,4,2
0.579841,0.292023,4,2
0.511860,0.292285,4,2
0.485889,0.270422,5,2
0.549967,0.304266,4,2
0.553446,0.237452,7,2
0.506937,0.352278,4,2
0.500487,0.264563,5,2
0.576107,0.309601,4,2
0.554635,0.322806,4,2
0.542923,0.371430,8,2
0.510672,0.278730,5,2
0.574325,0.304703,4,2
0.533672,0.315722,4,2
0.540801,0.285639,4,2
0.545638,0.294122,4,2
0.576277,0.234829,7,2
0.488011,0.264825,5,2
0.540292,0.311350,4,2
0.553362,0.308202,4,2
0.565923,0.306715,4,2
0.560915,0.291411,4,2
0.570675,0.317996,4,2
0.607509,0.301468,4,2
0.554380,0.298757,4,2
0.519753,0.327703,4,2
0.515679,0.297270,4,2
0.558199,0.314148,4,2
0.543517,0.290886,4,2
0.503967,0.290449,4,2
0.566007,0.295346,4,2
0.550221,0.295696,4,2
0.490387,0.238327,6,2
0.514576,0.350703,4,2
0.537406,0.270772,4,2
0.543686,0.270510,4,2
0.536472,0.323681,4,2
0.555059,0.308202,4,2
0.506089,0.318259,4,2
0.470103,0.286251,5,2
0.510756,0.311000,4,2
0.513642,0.320008,4,2
0.480373,0.293247,5,2
0.551155,0.310125,4,2
0.545978,0.313361,4,2
0.514576,0.264913,5,2
0.577041,0.302342,4,2
0.527221,0.314935,4,2
0.573900,0.286951,4,2
0.516443,0.281616,4,2
0.562443,0.315460,4,2
0.513133,0.282578,5,2
0.538424,0.255817,7,2
0.494631,0.272871,5,2
0.536727,0.234479,7,2
0.540207,0.295783,4,2
0.547336,0.285551,4,2
0.537491,0.255643,7,2
0.574919,0.319221,4,2
0.530956,0.307502,4,2
0.571524,0.239639,7,2
0.544365,0.296920,4,2
0.538679,0.313886,4,2
0.542244,0.292198,4,2
0.547336,0.302517,4,2
0.608613,0.336886,4,2
0.555908,0.335574,4,2
0.521875,0.291236,4,2
0.542753,0.304966,4,2
0.593421,0.304179,4,2
0.527646,0.338285,4,2
0.517207,0.296308,4,2
0.531720,0.284764,4,2
0.591893,0.304179,4,2
0.523911,0.375452,8,2
0.495225,0.318171,4,2
0.573221,0.332601,4,2
0.568723,0.302779,4,2
0.510247,0.302867,4,2
0.566262,0.354376,4,2
0.203524,0.230544,9,3
0.156506,0.254681,10,3
0.176790,0.314411,10,3
0.211672,0.232468,9,3
0.183410,0.275932,10,3
0.159052,0.282316,10,3
0.174498,0.235703,10,3
0.172122,0.197049,11,3
0.173310,0.221449,11,3
0.193255,0.251008,10,3
0.181203,0.289837,10,3
0.223299,0.279954,12,3
0.219395,0.254243,9,3
0.213539,0.277593,12,3
0.175686,0.268411,10,3
0.194273,0.251183,10,3
0.230683,0.269810,12,3
0.206749,0.208331,9,3
0.193509,0.271646,10,3
0.227882,0.215677,9,3
0.182391,0.238414,10,3
0.218801,0.257217,9,3
0.195546,0.231418,10,3
0.232550,0.277856,12,3
0.194188,0.257567,10,3
0.195886,0.238152,10,3
0.219395,0.298932,12,3
0.232804,0.279342,12,3
0.209889,0.278817,12,3
0.184258,0.291848,10,3
0.184428,0.247335,10,3
0.230937,0.271996,12,3
0.224402,0.228620,9,3
0.211332,0.309426,10,3
0.181033,0.296483,10,3
0.185362,0.254768,10,3
0.217867,0.251008,9,3
0.218716,0.278643,12,3
0.251476,0.236316,9,3
0.199959,0.202909,11,3
0.247063,0.207106,13,3
0.166351,0.231943,10,3
0.227797,0.198886,9,3
0.184937,0.204745,11,3
0.194528,0.204133,11,3
0.239594,0.219525,9,3
0.170764,0.266137,10,3
0.164483,0.251970,10,3
0.268026,0.206232,13,3
0.241122,0.328840,12,3
0.218631,0.237015,9,3
0.177044,0.244886,10,3
0.225166,0.283015,12,3
0.163295,0.226783,10,3
0.190539,0.281703,10,3
0.146745,0.255905,10,3
0.178487,0.253281,10,3
0.154808,0.283015,10,3
0.247317,0.203521,13,3
0.116956,0.226958,14,3
0.154299,0.258529,10,3
0.198262,0.281966,10,3
0.171443,0.266837,10,3
0.231871,0.233779,9,3
0.194443,0.269460,10,3
0.224911,0.223110,9,3
0.178317,0.224160,11,3
0.182137,0.220399,11,3
0.184852,0.201772,11,3
0.188077,0.266399,10,3
0.224742,0.269985,12,3
0.276768,0.238589,13,3
0.222196,0.241738,9,3
0.206325,0.248034,9,3
0.246044,0.261152,12,3
0.223214,0.231418,9,3
0.234417,0.272084,12,3
0.179251,0.238589,10,3
0.236539,0.302430,12,3
0.224487,0.228532,9,3
0.213624,0.228970,9,3
0.161683,0.250308,10,3
0.234077,0.263163,12,3
0.268196,0.204570,13,3
0.189351,0.223110,11,3
0.227712,0.247859,9,3
0.201317,0.245323,9,3
0.181458,0.189878,11,3
0.225421,0.254593,9,3
0.191048,0.265000,10,3
0.162871,0.302692,10,3
0.217443,0.242875,9,3
0.205137,0.252232,9,3
0.213369,0.205270,9,3
0.231446,0.261327,12,3
0.168133,0.289924,10,3
0.217782,0.290274,12,3
0.198941,0.217601,11,3
0.178996,0.275582,10,3
0.180609,0.273745,10,3
0.780052,0.797586,15,4
0.804325,0.788753,15,4
0.774705,0.809567,15,4
0.772583,0.804319,15,4
0.867893,0.799335,15,4
0.859236,0.763479,16,4
0.812218,0.802920,15,4
0.768255,0.750886,15,4
0.753572,0.732259,15,4
0.867214,0.794700,15,4
0.831483,0.828719,15,4
0.850664,0.854342,62,4
0.780391,0.826183,15,4
0.773771,0.766278,15,4
0.791509,0.815163,15,4
0.784125,0.797673,15,4
0.800590,0.789278,15,4
0.801015,0.794787,15,4
0.812303,0.794875,15,4
0.810011,0.790327,15,4
0.802712,0.736281,15,4
0.780646,0.786042,15,4
0.758070,0.773973,15,4
0.819262,0.822072,15,4
0.810096,0.808080,15,4
0.768509,0.852068,15,4
0.810011,0.750274,15,4
0.822911,0.798897,15,4
0.783107,0.798198,15,4
0.804070,0.773099,15,4
0.778015,0.748437,15,4
0.837000,0.763741,15,4
0.802203,0.781407,15,4
0.772668,0.783856,15,4
0.840140,0.758932,15,4
0.813406,0.771875,15,4
0.804664,0.785080,15,4
0.787605,0.757532,15,4
0.801779,0.749924,15,4
0.753572,0.805194,15,4
0.804325,0.792863,15,4
0.852531,0.839475,62,4
0.853889,0.767152,15,4
0.850240,0.767414,15,4
0.776232,0.765578,15,4
0.845232,0.795924,15,4
0.812982,0.766627,15,4
0.826646,0.791639,15,4
0.800336,0.783156,15,4
0.752299,0.738205,15,4
0.778779,0.768551,15,4
0.812133,0.807205,15,4
0.784041,0.874106,62,4
0.870269,0.760856,16,4
0.831908,0.772049,15,4
0.808144,0.790939,15,4
0.851173,0.812890,15,4
0.791170,0.756221,15,4
0.790236,0.780183,15,4
0.852192,0.771087,15,4
0.794649,0.783156,15,4
0.802627,0.807730,15,4
0.796517,0.758757,15,4
0.824015,0.822072,15,4
0.842007,0.769426,15,4
0.798214,0.764529,15,4
0.811793,0.794175,15,4
0.833181,0.779133,15,4
0.803137,0.742928,15,4
0.857963,0.793738,15,4
0.819686,0.704886,17,4
0.801100,0.798810,15,4
0.792443,0.790065,15,4
0.855247,0.806418,15,4
0.782089,0.789627,15,4
0.757561,0.812365,15,4
0.802882,0.842624,62,4
0.878672,0.791726,16,4
0.839546,0.769776,15,4
0.808823,0.809042,15,4
0.789133,0.782106,15,4
0.834114,0.791814,15,4
0.810351,0.750711,15,4
0.831738,0.787791,15,4
0.825542,0.801171,15,4
0.805343,0.776072,15,4
0.800421,0.831867,15,4
0.820790,0.760593,15,4
0.817989,0.790589,15,4
0.789557,0.770913,15,4
0.751365,0.800471,15,4
0.840819,0.741441,17,4
0.833775,0.809479,15,4
0.806616,0.785779,15,4
0.814424,0.771087,15,4
0.796771,0.763479,15,4
0.791679,0.787179,15,4
0.803137,0.757445,15,4
0.808059,0.790065,15,4
0.839970,0.771000,15,4
0.042694,0.674977,18,5
0.106686,0.610262,18,5
0.039554,0.615160,18,5
0.089203,0.574494,18,5
0.104819,0.698327,19,5
0.074435,0.649004,18,5
0.055170,0.624954,18,5
0.121284,0.590586,18,5
0.070277,0.665357,18,5
0.120775,0.594521,18,5
0.143351,0.659498,18,5
0.074605,0.620494,18,5
0.116871,0.614810,18,5
0.126376,0.618570,18,5
0.067985,0.635361,18,5
0.065185,0.636935,18,5
0.053472,0.630027,18,5
0.080801,0.615597,18,5
0.105159,0.645943,18,5
0.115513,0.625479,18,5
0.051520,0.655038,18,5
0.047871,0.638772,18,5
0.052369,0.626266,18,5
0.120520,0.683285,19,5
0.081734,0.610262,18,5
0.077745,0.651190,18,5
0.079782,0.625392,18,5
0.067476,0.592247,18,5
0.088609,0.597844,18,5
0.098539,0.599681,18,5
0.104565,0.638859,18,5
0.156166,0.609825,18,5
0.096841,0.636323,18,5
0.090306,0.634574,18,5
0.090731,0.608601,18,5
0.103546,0.589886,18,5
0.120435,0.610875,18,5
0.074945,0.620932,18,5
0.084280,0.642445,18,5
0.100576,0.668068,19,5
0.113561,0.675764,19,5
0.093701,0.606852,18,5
0.124255,0.572221,18,5
0.076897,0.603441,18,5
0.069089,0.613586,18,5
0.082413,0.649179,18,5
0.050162,0.660897,18,5
0.114834,0.611049,18,5
0.061535,0.618920,18,5
0.048125,0.657574,18,5
0.110760,0.624430,18,5
0.120266,0.661247,19,5
0.092683,0.594696,18,5
0.076472,0.620407,18,5
0.062384,0.593209,18,5
0.094210,0.646643,18,5
0.152601,0.604840,18,5
0.133336,0.673578,19,5
0.091749,0.651540,18,5
0.058140,0.630289,18,5
0.076133,0.624517,18,5
0.088185,0.610437,18,5
0.039129,0.679350,18,5
0.039214,0.653551,18,5
0.120011,0.578167,18,5
0.088948,0.562863,18,5
0.034292,0.651802,18,5
0.161258,0.621894,58,5
0.036753,0.622243,18,5
0.053048,0.611487,18,5
0.102952,0.558753,72,5
0.094550,0.593384,18,5
0.159815,0.615422,18,5
0.066373,0.603616,18,5
0.140125,0.620232,18,5
0.118993,0.623118,18,5
0.129941,0.641483,18,5
0.089373,0.603441,18,5
0.072908,0.636760,18,5
0.109572,0.633875,18,5
0.104819,0.672616,19,5
0.120860,0.636061,18,5
0.027672,0.633612,18,5
0.100491,0.613323,18,5
0.088609,0.629065,18,5
0.121793,0.626966,18,5
0.101339,0.579217,18,5
0.097266,0.650228,18,5
0.093022,0.667369,19,5
0.151244,0.687046,59,5
0.127140,0.622943,18,5
0.047616,0.666407,18,5
0.098454,0.659061,19,5
0.069852,0.633612,18,5
0.098030,0.634137,18,5
0.079528,0.552719,72,5
0.068919,0.640696,18,5
0.105583,0.604141,18,5
0.000258,0.641221,18,5
0.135458,0.635099,18,5
0.929170,0.259753,20,6
0.902011,0.285639,21,6
0.884358,0.264913,21,6
0.876295,0.210692,22,6
0.841753,0.241475,21,6
0.865941,0.251970,21,6
0.934856,0.255380,20,6
0.875871,0.231331,22,6
0.900653,0.212791,22,6
0.878756,0.219437,22,6
0.850664,0.171601,0,6
0.902011,0.215852,22,6
0.884188,0.251882,21,6
0.915675,0.284240,20,6
0.868232,0.254418,21,6
0.843535,0.216376,21,6
0.898446,0.246548,21,6
0.888771,0.260278,21,6
0.875786,0.245673,21,6
0.884697,0.288525,21,6
0.875362,0.250046,21,6
0.870185,0.226783,22,6
0.985015,0.229582,20,6
0.861782,0.252144,21,6
0.824269,0.228445,21,6
0.853550,0.241825,21,6
0.924247,0.283977,20,6
0.875107,0.301730,21,6
0.877993,0.200285,22,6
0.845317,0.218913,21,6
0.900993,0.205970,22,6
0.835133,0.261065,21,6
0.900059,0.314498,21,6
0.878417,0.314760,21,6
0.880539,0.225297,22,6
0.923483,0.266574,20,6
0.890723,0.240951,21,6
0.907697,0.255643,21,6
0.858218,0.222935,22,6
0.886395,0.315460,21,6
0.898277,0.207456,22,6
0.878077,0.248646,21,6
0.891911,0.270510,21,6
0.853125,0.274970,21,6
0.899125,0.296395,21,6
0.911941,0.229757,21,6
0.891063,0.250395,21,6
0.884613,0.253281,21,6
0.886649,0.292460,21,6
0.912535,0.240338,21,6
0.892506,0.213053,22,6
0.843026,0.294034,21,6
0.843535,0.260890,21,6
0.916779,0.276456,20,6
0.888856,0.239202,21,6
0.878926,0.249521,21,6
0.880878,0.249696,21,6
0.904133,0.274095,21,6
0.857878,0.262989,21,6
0.888601,0.250833,21,6
0.873410,0.210167,22,6
0.914232,0.223635,22,6
0.932904,0.272521,20,6
0.855077,0.274183,21,6
0.874004,0.245061,21,6
0.894373,0.275407,21,6
0.900738,0.214452,22,6
0.900823,0.249171,21,6
0.885970,0.174137,22,6
0.889959,0.224422,22,6
0.931801,0.260278,20,6
0.889959,0.262989,21,6
0.922295,0.257741,20,6
0.910074,0.249958,21,6
0.890893,0.224335,22,6
0.887244,0.272433,21,6
0.864244,0.260103,21,6
0.867469,0.341696,37,6
0.923568,0.277331,20,6
0.840225,0.274620,21,6
0.878417,0.252494,21,6
0.905151,0.229757,21,6
0.926199,0.273395,20,6
0.902945,0.248209,21,6
0.885801,0.202734,22,6
0.898277,0.336973,37,6
0.858218,0.259665,21,6
0.892336,0.242875,21,6
0.884528,0.252757,21,6
0.866705,0.228095,22,6
0.866535,0.251095,21,6
0.891063,0.257829,21,6
0.880963,0.194951,22,6
0.875022,0.299369,21,6
0.880284,0.195388,22,6
0.842686,0.229669,21,6
0.855926,0.253806,21,6
0.845232,0.263688,21,6
0.868063,0.250658,21,6
0.846336,0.256692,21,6
0.628557,0.920719,23,7
0.672011,0.893783,23,7
0.679140,0.836589,23,7
0.647653,0.894046,23,7
0.690683,0.900255,23,7
0.749838,0.879266,62,7
0.670314,0.913285,23,7
0.685760,0.928677,23,7
0.686779,0.922118,23,7
0.742369,0.906551,62,7
0.689749,0.881103,23,7
0.734391,0.900517,23,7
0.662251,0.934798,23,7
0.638572,0.911011,23,7
0.619900,0.919494,23,7
0.710712,0.942319,23,7
0.694926,0.919407,23,7
0.728875,0.929901,23,7
0.671247,0.864487,23,7
0.638657,0.924829,23,7
0.656310,0.915909,23,7
0.696708,0.919144,23,7
0.690173,0.933312,23,7
0.688137,0.882939,23,7
0.696793,0.876468,23,7
0.693738,0.895707,23,7
0.714871,0.915297,23,7
0.726328,0.863962,23,7
0.696624,0.874981,23,7
0.633904,0.871395,23,7
0.720303,0.965932,23,7
0.651982,0.903490,23,7
0.650454,0.933574,23,7
0.663609,0.902966,23,7
0.665221,0.849445,23,7
0.659959,0.865361,23,7
0.627369,0.857753,23,7
0.694926,0.870346,23,7
0.664203,0.919669,23,7
0.668616,0.867110,23,7
0.688137,0.914335,23,7
0.710967,0.885650,23,7
0.698406,0.876992,23,7
0.743812,0.944243,62,7
0.655376,0.877954,23,7
0.678207,0.910224,23,7
0.674557,0.880753,23,7
0.660469,0.891335,23,7
0.696030,0.870084,23,7
0.666494,0.893696,23,7
0.678631,0.919669,23,7
0.694841,0.850144,23,7
0.690683,0.906989,23,7
0.644343,0.918882,23,7
0.703753,0.902441,23,7
0.659535,0.976251,23,7
0.656055,0.884076,23,7
0.691531,0.944331,23,7
0.658007,0.876643,23,7
0.727007,0.979137,23,7
0.716144,0.857403,23,7
0.654443,0.991905,23,7
0.649520,0.887749,23,7
0.646041,0.911711,23,7
0.675576,0.889411,23,7
0.699764,0.915384,23,7
0.672945,0.933749,23,7
0.700273,0.895095,23,7
0.687458,0.905589,23,7
0.613365,0.905502,23,7
0.656140,0.880141,23,7
0.643410,0.886000,23,7
0.661402,0.922205,23,7
0.663185,0.935673,23,7
0.673454,0.930163,23,7
0.685166,0.899817,23,7
0.676424,0.889673,23,7
0.667852,0.890985,23,7
0.715974,0.906464,23,7
0.745594,0.913460,62,7
0.669889,0.946080,23,7
0.668786,0.887049,23,7
0.703838,0.893696,23,7
0.675830,0.895095,23,7
0.709185,0.903490,23,7
0.684827,0.902004,23,7
0.707148,0.920019,23,7
0.698236,0.892909,23,7
0.675830,0.901829,23,7
0.674048,0.867548,23,7
0.673708,0.874544,23,7
0.685506,0.904365,23,7
0.697812,0.898593,23,7
0.656989,0.902703,23,7
0.673454,0.907688,23,7
0.638402,0.887312,23,7
0.734561,0.917570,23,7
0.659959,0.906639,23,7
0.684572,0.880228,23,7
0.650539,0.909612,23,7
0.392022,0.547821,24,8
0.399491,0.557791,24,8
0.408827,0.576331,25,8
0.392871,0.577205,25,8
0.410185,0.576681,25,8
0.414683,0.581403,25,8
0.404413,0.545722,24,8
0.359007,0.624867,30,8
0.404413,0.554118,24,8
0.418417,0.602741,25,8
0.468661,0.579916,26,8
0.411373,0.540913,24,8
0.374539,0.552631,24,8
0.380055,0.502608,24,8
0.399151,0.570734,24,8
0.436240,0.588837,26,8
0.443369,0.547559,24,8
0.372502,0.646905,30,8
0.373690,0.557266,24,8
0.407554,0.539163,24,8
0.386081,0.592597,25,8
0.426649,0.604228,25,8
0.448376,0.582015,26,8
0.444727,0.635361,27,8
0.385148,0.597582,25,8
0.405347,0.576506,25,8
0.407978,0.604316,25,8
0.372417,0.630901,30,8
0.452535,0.595833,26,8
0.438531,0.552544,24,8
0.422830,0.552281,24,8
0.422236,0.608601,25,8
0.385572,0.552631,24,8
0.412476,0.540738,24,8
0.415616,0.573445,25,8
0.468745,0.503046,43,8
0.420963,0.543274,24,8
0.376576,0.599331,25,8
0.448886,0.569160,26,8
0.367155,0.584202,25,8
0.410863,0.583677,25,8
0.486144,0.547734,26,8
0.399491,0.613935,25,8
0.359771,0.565749,24,8
0.389985,0.577643,25,8
0.426140,0.535403,24,8
0.351114,0.590148,25,8
0.419605,0.547122,24,8
0.401697,0.563563,24,8
0.358923,0.608776,25,8
0.411882,0.573008,25,8
0.381498,0.604403,25,8
0.389815,0.595221,25,8
0.414852,0.596970,25,8
0.412137,0.597844,25,8
0.347635,0.544148,24,8
0.366561,0.552106,24,8
0.441756,0.540213,24,8
0.414937,0.540738,24,8
0.465605,0.563825,26,8
0.478336,0.544760,26,8
0.374369,0.583065,25,8
0.431317,0.541700,24,8
0.417823,0.543798,24,8
0.459579,0.588487,26,8
0.431742,0.565399,26,8
0.433100,0.606327,25,8
0.366731,0.581141,25,8
0.405941,0.551319,24,8
0.454657,0.583502,26,8
0.408827,0.523684,24,8
0.459070,0.596532,26,8
0.385657,0.564962,24,8
0.369362,0.589624,25,8
0.379970,0.598894,25,8
0.387185,0.515289,24,8
0.358838,0.594696,25,8
0.403310,0.578167,25,8
0.388458,0.542749,24,8
0.400424,0.585076,25,8
0.407299,0.567586,24,8
0.354849,0.537065,24,8
0.367325,0.587350,25,8
0.406790,0.596532,25,8
0.433524,0.573095,26,8
0.389815,0.562601,24,8
0.391852,0.525958,24,8
0.378103,0.586738,25,8
0.385232,0.598544,25,8
0.398387,0.574057,25,8
0.460258,0.598369,26,8
0.428432,0.500072,24,8
0.405517,0.635973,25,8
0.456439,0.574407,26,8
0.395841,0.562688,24,8
0.403904,0.595221,25,8
0.379631,0.567236,24,8
0.390919,0.555867,24,8
0.368004,0.570734,24,8
0.420284,0.499722,24,8
0.565159,0.865973,28,9
0.554210,0.826620,29,9
0.594609,0.863962,28,9
0.543432,0.874456,28,9
0.569572,0.853817,29,9
0.553786,0.808517,29,9
0.538000,0.863000,29,9
0.547251,0.824346,29,9
0.585952,0.813677,29,9
0.558963,0.854255,29,9
0.544450,0.833791,29,9
0.560661,0.849970,29,9
0.595118,0.846734,29,9
0.484107,0.837901,29,9
0.508550,0.852156,29,9
0.561509,0.791114,29,9
0.638402,0.837027,23,9
0.545638,0.829681,29,9
0.491406,0.827232,29,9
0.559812,0.807992,29,9
0.576871,0.886175,28,9
0.561339,0.867897,28,9
0.565583,0.864837,28,9
0.589517,0.825046,29,9
0.578059,0.835977,29,9
0.542244,0.904278,28,9
0.558624,0.830643,29,9
0.533926,0.813852,29,9
0.561085,0.847084,29,9
0.559897,0.826882,29,9
0.556077,0.878392,28,9
0.523148,0.860464,29,9
0.499214,0.820848,29,9
0.576362,0.801259,29,9
0.549882,0.874894,28,9
0.532483,0.854517,29,9
0.552343,0.877255,28,9
0.557351,0.840350,29,9
0.571779,0.797411,29,9
0.558539,0.838601,29,9
0.509653,0.855916,29,9
0.565498,0.794262,29,9
0.538170,0.831692,29,9
0.560151,0.851281,29,9
0.560236,0.911274,28,9
0.577041,0.829856,29,9
0.570506,0.862213,28,9
0.543177,0.794087,29,9
0.559048,0.810878,29,9
0.550476,0.826795,29,9
0.539613,0.832392,29,9
0.587395,0.811928,29,9
0.567875,0.875156,28,9
0.533077,0.819798,29,9
0.571185,0.826882,29,9
0.548015,0.877954,28,9
0.501930,0.819099,29,9
0.619646,0.791989,29,9
0.519753,0.824783,29,9
0.529768,0.819011,29,9
0.558793,0.841574,29,9
0.560321,0.841399,29,9
0.532993,0.847521,29,9
0.566092,0.812103,29,9
0.581454,0.865099,28,9
0.573306,0.884251,28,9
0.580351,0.824433,29,9
0.571354,0.795312,29,9
0.548863,0.864749,28,9
0.558369,0.815863,29,9
0.563376,0.838426,29,9
0.565923,0.863612,28,9
0.545469,0.798285,29,9
0.505155,0.853468,29,9
0.521535,0.823821,29,9
0.527900,0.793738,29,9
0.579672,0.828456,29,9
0.558708,0.838688,29,9
0.552428,0.820061,29,9
0.570166,0.872532,28,9
0.589007,0.817700,29,9
0.507786,0.826882,29,9
0.587395,0.878654,28,9
0.594609,0.827144,29,9
0.551410,0.846471,29,9
0.572203,0.863262,28,9
0.523402,0.826008,29,9
0.568469,0.810529,29,9
0.535284,0.844198,29,9
0.525609,0.853205,29,9
0.582642,0.829681,29,9
0.539188,0.848046,29,9
0.568129,0.824433,29,9
0.557690,0.873407,28,9
0.548185,0.848920,29,9
0.550900,0.838251,29,9
0.537830,0.798373,29,9
0.562528,0.851281,29,9
0.599022,0.859240,28,9
0.562697,0.837464,29,9
0.334904,0.642183,30,10
0.338044,0.676726,30,10
0.361723,0.603004,25,10
0.360196,0.659148,30,10
0.318609,0.603179,25,10
0.343391,0.680224,30,10
0.351114,0.693517,30,10
0.379631,0.707859,30,10
0.290601,0.687483,30,10
0.335074,0.661859,30,10
0.306897,0.705148,30,10
0.301210,0.673840,30,10
0.354934,0.663521,30,10
0.303077,0.674278,30,10
0.310207,0.651977,30,10
0.351539,0.663171,30,10
0.351963,0.699464,30,10
0.402122,0.670692,31,10
0.303077,0.698939,30,10
0.329557,0.684684,30,10
0.362827,0.703312,30,10
0.319118,0.695091,30,10
0.287122,0.708734,30,10
0.384129,0.659061,30,10
0.359686,0.682498,30,10
0.344664,0.667194,30,10
0.322173,0.713719,30,10
0.308255,0.644281,30,10
0.352133,0.690631,30,10
0.303841,0.660285,30,10
0.302908,0.679787,30,10
0.390410,0.660722,30,10
0.375387,0.677951,30,10
0.320985,0.651190,30,10
0.338299,0.651278,30,10
0.382432,0.682148,30,10
0.317421,0.680837,30,10
0.361384,0.647605,30,10
0.304945,0.694829,30,10
0.336092,0.685559,30,10
0.334904,0.653114,30,10
0.392701,0.640521,30,10
0.304775,0.674715,30,10
0.323362,0.713631,30,10
0.299683,0.682848,30,10
0.340675,0.654951,30,10
0.346531,0.662996,30,10
0.302314,0.692905,30,10
0.292299,0.644719,30,10
0.364354,0.684597,30,10
0.342118,0.649529,30,10
0.376321,0.652240,30,10
0.366137,0.658624,30,10
0.302993,0.651278,30,10
0.351369,0.650403,30,10
0.342458,0.703662,30,10
0.318609,0.673141,30,10
0.343985,0.678300,30,10
0.323022,0.703312,30,10
0.349077,0.641745,30,10
0.385148,0.689144,30,10
0.347125,0.654951,30,10
0.390664,0.699202,30,10
0.335668,0.673403,30,10
0.324720,0.659148,30,10
0.368428,0.698502,30,10
0.361129,0.696316,30,10
0.312413,0.655038,30,10
0.327181,0.674977,30,10
0.372417,0.671916,30,10
0.365967,0.703399,30,10
0.359177,0.688882,30,10
0.324125,0.654163,30,10
0.306387,0.645331,30,10
0.366476,0.696665,30,10
0.337365,0.665970,30,10
0.264886,0.695266,58,10
0.312074,0.755084,32,10
0.310207,0.672966,30,10
0.369871,0.683460,30,10
0.358753,0.681274,30,10
0.389561,0.664833,30,10
0.382601,0.703137,30,10
0.364269,0.658011,30,10
0.387863,0.691593,30,10
0.380395,0.704973,30,10
0.362148,0.664570,30,10
0.321155,0.599943,25,10
0.287716,0.678738,30,10
0.323871,0.673578,30,10
0.316063,0.656612,30,10
0.366391,0.733308,30,10
0.352472,0.637897,30,10
0.316996,0.684510,30,10
0.306048,0.667894,30,10
0.326247,0.701475,30,10
0.337535,0.644019,30,10
0.331594,0.653027,30,10
0.359007,0.698677,30,10
0.335583,0.694392,30,10
0.748989,0.223110,33,11
0.713004,0.171601,33,11
0.778015,0.190053,33,11
0.754760,0.154285,33,11
0.779627,0.233954,33,11
0.740841,0.173350,33,11
0.795668,0.201859,33,11
0.770970,0.174224,33,11
0.742963,0.189703,33,11
0.751875,0.190228,33,11
0.728450,0.180084,33,11
0.749244,0.162156,33,11
0.767151,0.135570,33,11
0.740672,0.245935,70,11
0.783277,0.156559,33,11
0.771989,0.169065,33,11
0.730232,0.209643,33,11
0.762738,0.166878,33,11
0.720472,0.150350,33,11
0.733288,0.169240,33,11
0.775808,0.207719,33,11
0.725989,0.183932,33,11
0.716823,0.158308,33,11
0.721915,0.111608,34,11
0.748904,0.186380,33,11
0.775384,0.184369,33,11
0.742793,0.182795,33,11
0.760616,0.167578,33,11
0.769358,0.197312,33,11
0.742369,0.193376,33,11
0.756118,0.210080,33,11
0.723273,0.172913,33,11
0.727686,0.198361,33,11
0.700952,0.201160,33,11
0.720048,0.179209,33,11
0.710203,0.179996,33,11
0.786417,0.186905,33,11
0.784125,0.193551,33,11
0.770546,0.183494,33,11
0.808568,0.212703,33,11
0.738550,0.156471,33,11
0.794649,0.185593,33,11
0.808399,0.171951,33,11
0.703328,0.177810,33,11
0.769188,0.204745,33,11
0.749413,0.197487,33,11
0.786841,0.146240,33,11
0.700613,0.200198,33,11
0.726328,0.182620,33,11
0.696624,0.131110,35,11
0.772838,0.159357,33,11
0.758410,0.209118,33,11
0.762568,0.191540,33,11
0.705280,0.177198,33,11
0.716653,0.201947,33,11
0.775044,0.162768,33,11
0.761720,0.196875,33,11
0.792613,0.169764,33,11
0.803306,0.171251,33,11
0.752978,0.165829,33,11
0.792952,0.194076,33,11
0.753572,0.199498,33,11
0.755100,0.240513,33,11
0.785738,0.186380,33,11
0.761889,0.200635,33,11
0.689155,0.158833,33,11
0.743133,0.132859,33,11
0.736428,0.207631,33,11
0.724716,0.168103,33,11
0.714107,0.148251,33,11
0.749498,0.162243,33,11
0.750856,0.229582,33,11
0.768339,0.159882,33,11
0.704686,0.239726,70,11
0.701801,0.228357,33,11
0.746613,0.168802,33,11
0.781664,0.182183,33,11
0.749498,0.179122,33,11
0.736428,0.160844,33,11
0.727092,0.195388,33,11
0.724801,0.226259,33,11
0.682026,0.196087,33,11
0.809672,0.216202,33,11
0.783786,0.183669,33,11
0.726583,0.179471,33,11
0.806192,0.155247,33,11
0.716908,0.163118,33,11
0.809502,0.117380,1,11
0.785483,0.208418,33,11
0.770376,0.225646,33,11
0.754930,0.236665,33,11
0.716738,0.169414,33,11
0.749838,0.119829,34,11
0.762823,0.212179,33,11
0.734646,0.163205,33,11
0.690343,0.135570,35,11
0.751959,0.202384,33,11
0.780476,0.213840,33,11
0.751280,0.177722,33,11
0.759598,0.175186,33,11
0.912875,0.410521,36,12
0.849137,0.397753,36,12
0.871118,0.426875,36,12
0.809077,0.440954,36,12
0.836236,0.435270,36,12
0.867469,0.415068,36,12
0.800930,0.429498,36,12
0.826221,0.428011,36,12
0.878502,0.386209,37,12
0.841074,0.446551,36,12
0.809332,0.469114,36,12
0.844808,0.389620,36,12
0.822402,0.411133,36,12
0.859830,0.371605,37,12
0.795753,0.412532,36,12
0.867384,0.411833,36,12
0.875616,0.482144,38,12
0.830974,0.409209,36,12
0.833011,0.384373,36,12
0.888007,0.432384,36,12
0.848288,0.439905,36,12
0.842517,0.455821,36,12
0.855672,0.463867,36,12
0.810690,0.415943,36,12
0.884273,0.388483,37,12
0.814849,0.428798,36,12
0.811284,0.403787,36,12
0.841668,0.430110,36,12
0.866026,0.413669,36,12
0.872815,0.431247,36,12
0.853804,0.403962,36,12
0.915845,0.384023,36,12
0.859066,0.422152,36,12
0.885716,0.416118,36,12
0.866959,0.497973,39,12
0.873240,0.452586,36,12
0.859236,0.474798,38,12
0.868063,0.426525,36,12
0.901756,0.415593,36,12
0.857030,0.387521,37,12
0.855162,0.411221,36,12
0.912280,0.440080,36,12
0.889365,0.423639,36,12
0.859066,0.438768,36,12
0.838018,0.389270,36,12
0.878502,0.435620,36,12
0.890469,0.408072,36,12
0.848288,0.399065,36,12
0.909819,0.361722,37,12
0.893015,0.411570,36,12
0.886565,0.451099,36,12
0.826561,0.376065,36,12
0.854144,0.361285,37,12
0.849900,0.423901,36,12
0.789472,0.370030,36,12
0.844978,0.417167,36,12
0.808908,0.364171,36,12
0.866790,0.384110,37,12
0.857793,0.432646,36,12
0.894797,0.403262,36,12
0.886395,0.412445,36,12
0.819941,0.400376,36,12
0.863819,0.412183,36,12
0.854908,0.408335,36,12
0.829956,0.391544,36,12
0.872476,0.410084,36,12
0.846166,0.449437,36,12
0.887838,0.423901,36,12
0.829786,0.454859,36,12
0.863819,0.461681,38,12
0.895985,0.480221,40,12
0.825882,0.400376,36,12
0.830635,0.415856,36,12
0.854738,0.419529,36,12
0.819517,0.501996,36,12
0.876804,0.456608,36,12
0.875956,0.368981,37,12
0.868572,0.431247,36,12
0.880199,0.427312,36,12
0.844299,0.437719,36,12
0.859236,0.409384,36,12
0.863904,0.412270,36,12
0.856351,0.370905,37,12
0.813915,0.430810,36,12
0.836151,0.388308,36,12
0.881642,0.400551,37,12
0.876210,0.443141,36,12
0.798384,0.502346,67,12
0.876465,0.399677,37,12
0.847948,0.430460,36,12
0.844638,0.435183,36,12
0.880199,0.453985,36,12
0.863310,0.449000,36,12
0.887583,0.449175,36,12
0.812727,0.382536,36,12
0.845911,0.416293,36,12
0.867469,0.438068,36,12
0.837934,0.458357,36,12
0.828768,0.399502,36,12
0.828089,0.390232,36,12
0.493103,0.240513,6,13
0.474262,0.229582,6,13
0.499723,0.277243,5,13
0.487841,0.201160,6,13
0.495395,0.185943,6,13
0.491066,0.216289,6,13
0.424782,0.219962,6,13
0.493867,0.195475,6,13
0.519328,0.218213,6,13
0.508974,0.259928,5,13
0.433354,0.283015,6,13
0.524506,0.229319,7,13
0.463314,0.180608,6,13
0.418332,0.199760,41,13
0.456269,0.171601,6,13
0.507616,0.236665,6,13
0.499214,0.198361,6,13
0.485635,0.207544,6,13
0.430384,0.133297,41,13
0.410185,0.244361,6,13
0.493443,0.205445,6,13
0.462804,0.164342,6,13
0.508465,0.174312,6,13
0.447867,0.222586,6,13
0.474517,0.178772,6,13
0.469085,0.311087,4,13
0.448546,0.220137,6,13
0.468236,0.247684,6,13
0.481900,0.215065,6,13
0.474517,0.227483,6,13
0.405601,0.212878,41,13
0.519074,0.183232,6,13
0.429111,0.191278,41,13
0.434542,0.159620,41,13
0.466454,0.214715,6,13
0.435221,0.189878,41,13
0.496413,0.234916,6,13
0.483513,0.186643,6,13
0.406196,0.202209,41,13
0.406365,0.265175,6,13
0.514745,0.224160,6,13
0.441077,0.198624,41,13
0.496498,0.238414,6,13
0.468406,0.183057,6,13
0.498790,0.206844,6,13
0.497771,0.185856,6,13
0.443793,0.254156,6,13
0.525269,0.249433,7,13
0.514066,0.185243,6,13
0.452875,0.220399,6,13
0.470188,0.196437,6,13
0.469000,0.196612,6,13
0.433948,0.228095,6,13
0.501675,0.216376,6,13
0.475365,0.185593,6,13
0.402716,0.223023,6,13
0.459919,0.198624,6,13
0.482155,0.239202,6,13
0.458646,0.188916,6,13
0.443963,0.160057,41,13
0.423764,0.237802,6,13
0.431317,0.248209,6,13
0.468576,0.234042,6,13
0.488181,0.198274,6,13
0.471886,0.160407,6,13
0.481900,0.240251,6,13
0.482325,0.225209,6,13
0.464247,0.223635,6,13
0.471546,0.194601,6,13
0.474686,0.198361,6,13
0.453469,0.209030,6,13
0.446509,0.208331,6,13
0.498620,0.230631,6,13
0.474092,0.214540,6,13
0.453299,0.229319,6,13
0.454402,0.239814,6,13
0.491321,0.175886,6,13
0.469764,0.209817,6,13
0.504137,0.220662,6,13
0.443963,0.239114,6,13
0.486908,0.225034,6,13
0.486059,0.202384,6,13
0.482919,0.232468,6,13
0.490133,0.197574,6,13
0.425122,0.219087,6,13
0.482494,0.246635,6,13
0.451092,0.231856,6,13
0.501590,0.213141,6,13
0.524675,0.257042,7,13
0.463823,0.195475,6,13
0.468321,0.213053,6,13
0.491661,0.199673,6,13
0.484192,0.226871,6,13
0.465096,0.246635,6,13
0.444472,0.192764,41,13
0.425037,0.213316,6,13
0.437852,0.191015,41,13
0.496159,0.185156,6,13
0.432930,0.185768,41,13
0.466369,0.232468,6,13
0.508720,0.386471,8,14
0.552513,0.435095,42,14
0.474601,0.404837,8,14
0.506768,0.369943,8,14
0.493358,0.424076,8,14
0.519159,0.420578,42,14
0.481561,0.381487,8,14
0.516782,0.387696,8,14
0.501081,0.429586,8,14
0.543262,0.350616,4,14
0.492679,0.363996,8,14
0.510247,0.386646,8,14
0.528155,0.392156,8,14
0.462974,0.429586,8,14
0.486144,0.391719,8,14
0.474432,0.439468,8,14
0.478336,0.420665,8,14
0.512708,0.408859,8,14
0.505325,0.449087,8,14
0.527561,0.427837,42,14
0.532653,0.436494,42,14
0.465520,0.425125,8,14
0.494886,0.427837,8,14
0.482070,0.432297,8,14
0.476044,0.400901,8,14
0.506258,0.383148,8,14
0.499299,0.449875,8,14
0.491406,0.429498,8,14
0.462720,0.421452,8,14
0.486229,0.506894,43,14
0.508041,0.413844,8,14
0.534775,0.415331,42,14
0.475959,0.384023,8,14
0.489793,0.438068,8,14
0.482410,0.458620,8,14
0.498705,0.424076,8,14
0.498535,0.406498,8,14
0.519668,0.457308,43,14
0.499723,0.351141,4,14
0.468745,0.473837,43,14
0.475026,0.442179,8,14
0.464077,0.393555,8,14
0.506258,0.430285,8,14
0.457882,0.425475,8,14
0.486908,0.405449,8,14
0.501421,0.417605,8,14
0.489030,0.396266,8,14
0.491406,0.430810,8,14
0.500742,0.392156,8,14
0.549797,0.396266,8,14
0.470188,0.398015,8,14
0.528325,0.422852,42,14
0.491661,0.411308,8,14
0.502863,0.436669,8,14
0.486568,0.425038,8,14
0.537491,0.437019,42,14
0.444303,0.410696,8,14
0.478675,0.349304,8,14
0.512878,0.453110,8,14
0.487332,0.407635,8,14
0.494292,0.437981,8,14
0.457458,0.417167,8,14
0.522978,0.403962,42,14
0.457373,0.420753,8,14
0.505749,0.429323,8,14
0.430214,0.406848,8,14
0.492170,0.385684,8,14
0.508804,0.419004,8,14
0.487756,0.439293,8,14
0.467982,0.385160,8,14
0.454063,0.393118,8,14
0.485295,0.403350,8,14
0.506513,0.432909,8,14
0.491915,0.420141,8,14
0.489708,0.407635,8,14
0.532993,0.438243,42,14
0.468406,0.431510,8,14
0.553531,0.403525,42,14
0.464756,0.442529,8,14
0.495225,0.473749,43,14
0.530616,0.426875,42,14
0.501590,0.400901,8,14
0.507786,0.482494,43,14
0.483768,0.420578,8,14
0.493528,0.473049,43,14
0.531465,0.377901,8,14
0.512454,0.444977,8,14
0.459155,0.445502,8,14
0.496668,0.510392,43,14
0.491661,0.446289,8,14
0.504476,0.440167,8,14
0.449904,0.467278,8,14
0.512199,0.415068,8,14
0.457288,0.483631,43,14
0.512454,0.470163,43,14
0.537151,0.402125,42,14
0.470613,0.370555,8,14
0.520601,0.395479,8,14
0.497432,0.431072,8,14
0.481137,0.436932,8,14
0.650284,0.599156,44,15
0.622446,0.619270,44,15
0.685845,0.608513,44,15
0.619306,0.557091,45,15
0.690089,0.638422,44,15
0.638487,0.618221,44,15
0.656734,0.613148,44,15
0.619052,0.614548,44,15
0.673454,0.624692,44,15
0.618797,0.618920,44,15
0.682365,0.584376,44,15
0.622956,0.628278,44,15
0.648756,0.582365,44,15
0.635432,0.584551,44,15
0.659959,0.637897,44,15
0.680328,0.609038,44,15
0.606321,0.605977,44,15
0.621683,0.585601,44,15
0.666410,0.561289,44,15
0.654528,0.596707,44,15
0.662760,0.561639,45,15
0.643749,0.583852,44,15
0.580435,0.612361,44,15
0.651557,0.595395,44,15
0.662930,0.636848,44,15
0.640354,0.585688,44,15
0.677273,0.698065,44,15
0.667004,0.585338,44,15
0.667598,0.641133,44,15
0.657753,0.602392,44,15
0.607849,0.603266,44,15
0.622786,0.577293,44,15
0.617015,0.586563,44,15
0.613875,0.621981,44,15
0.649775,0.592947,44,15
0.680244,0.631688,44,15
0.604114,0.560852,44,15
0.627199,0.594084,44,15
0.672181,0.602829,44,15
0.641288,0.566798,45,15
0.641967,0.583764,44,15
0.658092,0.617871,44,15
0.676934,0.621194,44,15
0.688731,0.635099,44,15
0.643919,0.607202,44,15
0.645192,0.586300,44,15
0.591469,0.592597,44,15
0.656904,0.610437,44,15
0.648841,0.593821,44,15
0.609801,0.593384,44,15
0.624568,0.623468,44,15
0.615063,0.615247,44,15
0.622871,0.627053,44,15
0.637554,0.589099,44,15
0.640694,0.607814,44,15
0.587734,0.598019,44,15
0.674557,0.591373,44,15
0.619306,0.582278,44,15
0.637554,0.620582,44,15
0.672775,0.650316,44,15
0.632546,0.627053,44,15
0.623125,0.642445,44,15
0.667428,0.604403,44,15
0.629236,0.574319,44,15
0.591214,0.554205,44,15
0.623380,0.594084,44,15
0.662760,0.589274,44,15
0.639760,0.621019,44,15
0.654697,0.628365,44,15
0.659875,0.638772,44,15
0.639760,0.594696,44,15
0.644428,0.553068,45,15
0.608358,0.635711,44,15
0.672435,0.585776,44,15
0.608697,0.666057,44,15
0.636450,0.558053,45,15
0.677782,0.589274,44,15
0.619985,0.542837,45,15
0.654103,0.581490,44,15
0.656225,0.634662,44,15
0.672775,0.614285,44,15
0.627963,0.598019,44,15
0.643919,0.623380,44,15
0.604793,0.623380,44,15
0.620834,0.615859,44,15
0.649945,0.594696,44,15
0.665646,0.632475,44,15
0.622871,0.631688,44,15
0.614638,0.584027,44,15
0.656819,0.649004,44,15
0.682111,0.603266,44,15
0.669380,0.588924,44,15
0.677613,0.604928,44,15
0.633989,0.590498,44,15
0.637638,0.670255,44,15
0.644004,0.665270,44,15
0.656225,0.614810,44,15
0.665646,0.653726,44,15
0.628727,0.548608,45,15
0.626690,0.576156,44,15
0.203269,0.459669,46,16
0.244347,0.422677,47,16
0.218970,0.432909,47,16
0.245705,0.497973,46,16
0.190284,0.419878,47,16
0.237557,0.448738,47,16
0.178657,0.443753,47,16
0.215406,0.435008,47,16
0.183410,0.470951,47,16
0.170255,0.384198,47,16
0.245280,0.430285,47,16
0.194358,0.442441,47,16
0.168557,0.432034,47,16
0.165926,0.463605,47,16
0.218207,0.401688,47,16
0.216849,0.419529,47,16
0.212690,0.462030,46,16
0.170170,0.435445,47,16
0.242734,0.414369,47,16
0.207513,0.404837,47,16
0.217528,0.436757,47,16
0.176959,0.475848,47,16
0.184089,0.433608,47,16
0.181797,0.460456,47,16
0.230683,0.451011,47,16
0.239424,0.439817,47,16
0.220244,0.428973,47,16
0.233483,0.422939,47,16
0.236624,0.443316,47,16
0.240018,0.476023,46,16
0.186125,0.357000,47,16
0.222365,0.416380,47,16
0.210144,0.437369,47,16
0.181797,0.442966,47,16
0.177469,0.415856,47,16
0.216509,0.439293,47,16
0.231531,0.421627,47,16
0.232804,0.422240,47,16
0.165926,0.475236,47,16
0.249100,0.451274,47,16
0.202166,0.415506,47,16
0.257672,0.411745,48,16
0.201742,0.424951,47,16
0.186804,0.469202,47,16
0.230937,0.442004,47,16
0.185616,0.417779,47,16
0.208616,0.488878,46,16
0.212690,0.436932,47,16
0.250458,0.445764,47,16
0.210823,0.393380,47,16
0.182391,0.408772,47,16
0.194867,0.458445,47,16
0.217358,0.407635,47,16
0.235266,0.426087,47,16
0.214897,0.436844,47,16
0.247657,0.454947,47,16
0.221092,0.418129,47,16
0.206579,0.476198,46,16
0.232974,0.382536,47,16
0.214642,0.400901,47,16
0.221432,0.468327,46,16
0.160325,0.430023,47,16
0.223299,0.415768,47,16
0.197838,0.439030,47,16
0.214727,0.459844,46,16
0.244771,0.447251,47,16
0.245620,0.455996,47,16
0.218292,0.471563,46,16
0.208956,0.442354,47,16
0.199111,0.456171,47,16
0.218376,0.444977,47,16
0.280841,0.429323,48,16
0.207343,0.428711,47,16
0.222620,0.388920,47,16
0.223044,0.417605,47,16
0.236199,0.478996,46,16
0.246214,0.463255,46,16
0.172122,0.464217,47,16
0.253004,0.426437,47,16
0.192830,0.443141,47,16
0.212011,0.488529,46,16
0.220413,0.438243,47,16
0.180185,0.421103,47,16
0.211841,0.464392,46,16
0.266498,0.434133,48,16
0.159137,0.448213,47,16
0.181373,0.454335,47,16
0.255295,0.417167,47,16
0.226524,0.455122,46,16
0.236624,0.433521,47,16
0.178827,0.440430,47,16
0.164993,0.444977,47,16
0.245620,0.426087,47,16
0.204118,0.441042,47,16
0.201487,0.494388,46,16
0.218037,0.472087,46,16
0.235945,0.435095,47,16
0.175092,0.427574,47,16
0.190369,0.409734,47,16
0.216849,0.444365,47,16
0.298494,0.355951,51,17
0.338638,0.382536,49,17
0.342882,0.415243,49,17
0.336092,0.472000,50,17
0.306642,0.402563,49,17
0.379716,0.370730,49,17
0.278889,0.374053,49,17
0.313856,0.452061,50,17
0.347295,0.380525,49,17
0.345173,0.433084,50,17
0.327860,0.421627,49,17
0.310631,0.415768,49,17
0.356037,0.390057,49,17
0.310122,0.408947,49,17
0.323107,0.429061,50,17
0.312413,0.383323,49,17
0.322683,0.449700,50,17
0.296967,0.465354,50,17
0.371399,0.436932,49,17
0.302229,0.415068,49,17
0.327011,0.371605,51,17
0.334225,0.411745,49,17
0.296033,0.433433,50,17
0.365967,0.418304,49,17
0.307321,0.416468,49,17
0.283727,0.396878,49,17
0.293063,0.395042,49,17
0.326417,0.435970,50,17
0.315299,0.354114,51,17
0.280162,0.411658,48,17
0.326417,0.397490,49,17
0.305454,0.405711,49,17
0.349841,0.376240,49,17
0.373181,0.399065,49,17
0.292893,0.403000,49,17
0.351199,0.365221,49,17
0.379207,0.417954,49,17
0.296882,0.425300,49,17
0.335753,0.379300,49,17
0.341524,0.407023,49,17
0.377849,0.412270,49,17
0.312328,0.436932,50,17
0.318015,0.439643,50,17
0.318354,0.433958,50,17
0.324295,0.430110,50,17
0.358328,0.428099,49,17
0.305114,0.449175,50,17
0.364354,0.407722,49,17
0.321240,0.416730,49,17
0.329472,0.450049,50,17
0.319882,0.454335,50,17
0.339148,0.435270,50,17
0.286867,0.399939,49,17
0.335668,0.381924,49,17
0.311904,0.415593,49,17
0.302993,0.398190,49,17
0.369446,0.386996,49,17
0.278210,0.412795,48,17
0.356801,0.404487,49,17
0.309103,0.361460,51,17
0.369277,0.459144,50,17
0.290686,0.386734,49,17
0.305454,0.398627,49,17
0.329387,0.405536,49,17
0.354170,0.410783,49,17
0.313686,0.380087,49,17
0.315554,0.404924,49,17
0.303162,0.364521,51,17
0.286697,0.401163,49,17
0.319288,0.386821,49,17
0.353576,0.379738,49,17
0.321664,0.456958,50,17
0.326332,0.387696,49,17
0.316402,0.359973,51,17
0.318439,0.393643,49,17
0.338469,0.368456,51,17
0.288140,0.447513,50,17
0.324380,0.408510,49,17
0.371653,0.442441,49,17
0.339317,0.348167,51,17
0.266753,0.410084,48,17
0.289328,0.412882,49,17
0.342118,0.445065,50,17
0.327011,0.389532,49,17
0.302483,0.358662,51,17
0.343985,0.416817,49,17
0.325993,0.396966,49,17
0.350690,0.407198,49,17
0.341015,0.447688,50,17
0.312159,0.406148,49,17
0.360705,0.421977,49,17
0.334480,0.400464,49,17
0.388203,0.373179,49,17
0.333631,0.415418,49,17
0.313856,0.416118,49,17
0.270232,0.372217,49,17
0.329727,0.447601,50,17
0.309358,0.384635,49,17
0.282199,0.394167,49,17
0.333801,0.430373,50,17
0.889280,0.518000,39,18
0.894458,0.484681,40,18
0.921701,0.497361,39,18
0.940712,0.498935,39,18
0.949114,0.485293,39,18
0.931716,0.549658,52,18
0.882406,0.532517,39,18
0.875446,0.546947,39,18
0.918731,0.554817,52,18
0.878247,0.502783,39,18
0.885207,0.507331,39,18
0.935111,0.555255,52,18
0.852192,0.493776,38,18
0.925690,0.519399,52,18
0.931546,0.488966,39,18
0.872476,0.518787,39,18
0.935875,0.577730,52,18
0.900908,0.546859,39,18
0.916524,0.502958,39,18
0.891742,0.491677,39,18
0.884782,0.569947,39,18
0.924841,0.469464,40,18
0.892845,0.519662,39,18
0.913299,0.512403,39,18
0.882661,0.575019,39,18
0.893779,0.553593,39,18
0.846930,0.567236,39,18
0.916354,0.505582,39,18
0.892421,0.508555,39,18
0.918391,0.557004,52,18
0.936893,0.541962,52,18
0.891063,0.537152,39,18
0.934092,0.548783,52,18
0.907867,0.558840,39,18
0.861697,0.560414,39,18
0.894288,0.558578,39,18
0.889196,0.512665,39,18
0.889026,0.513015,39,18
0.939269,0.492639,39,18
0.913978,0.467715,40,18
0.921956,0.485730,39,18
0.915336,0.571783,52,18
0.849221,0.541787,39,18
0.874768,0.554992,39,18
0.926454,0.540125,52,18
0.922295,0.502696,39,18
0.880030,0.470776,38,18
0.863904,0.478734,38,18
0.895306,0.495437,39,18
0.941391,0.548259,52,18
0.889535,0.550532,39,18
0.872731,0.529456,39,18
0.899380,0.601430,64,18
0.878841,0.525259,39,18
0.890723,0.460369,36,18
0.950897,0.523859,52,18
0.948351,0.538376,52,18
0.875107,0.535490,39,18
0.903284,0.540213,39,18
0.906085,0.524559,39,18
0.930613,0.552719,52,18
0.930528,0.533304,52,18
0.973897,0.523247,52,18
0.950133,0.489228,39,18
0.899720,0.511004,39,18
0.908207,0.506894,39,18
0.894882,0.514677,39,18
0.886310,0.477947,40,18
0.916779,0.500947,39,18
0.877229,0.518787,39,18
0.845232,0.516163,39,18
0.858472,0.466490,38,18
0.906594,0.453722,36,18
0.886649,0.548084,39,18
0.858133,0.527620,39,18
0.891232,0.529981,39,18
0.874852,0.559715,39,18
0.911517,0.579042,39,18
0.840480,0.540738,39,18
0.854483,0.512665,39,18
0.897089,0.569947,39,18
0.899210,0.537414,39,18
0.909310,0.485205,40,18
0.904218,0.508992,39,18
0.927897,0.545460,52,18
0.913638,0.500859,39,18
0.908546,0.488004,40,18
0.898786,0.504270,39,18
0.890214,0.524384,39,18
0.907613,0.521148,39,18
0.910074,0.503133,39,18
0.926793,0.500859,39,18
0.882661,0.583939,39,18
0.864838,0.548259,39,18
0.849476,0.538202,39,18
0.894288,0.578954,39,18
0.846166,0.544848,39,18
0.896240,0.529806,39,18
0.913044,0.542924,39,18
0.844638,0.533567,39,18
0.327435,0.170639,53,19
0.339148,0.151312,53,19
0.317675,0.192939,53,19
0.306218,0.176586,53,19
0.300871,0.174487,53,19
0.311140,0.165217,53,19
0.284321,0.121840,53,19
0.372756,0.110996,53,19
0.319797,0.201160,53,19
0.324804,0.174487,53,19
0.338723,0.183757,53,19
0.329812,0.169764,53,19
0.293148,0.153236,53,19
0.320476,0.230631,53,19
0.360705,0.144316,53,19
0.335668,0.154635,53,19
0.341609,0.194863,53,19
0.337111,0.144928,53,19
0.279483,0.160844,53,19
0.316402,0.141255,53,19
0.313686,0.179034,53,19
0.346871,0.187255,53,19
0.278889,0.202297,13,19
0.295269,0.211304,53,19
0.346956,0.163380,53,19
0.309443,0.166616,53,19
0.354679,0.198973,53,19
0.333801,0.120179,53,19
0.280417,0.198886,13,19
0.295015,0.235878,53,19
0.304435,0.170814,53,19
0.313007,0.179034,53,19
0.348229,0.173437,53,19
0.281860,0.169764,54,19
0.316232,0.121403,53,19
0.338044,0.176673,53,19
0.313941,0.206407,53,19
0.283218,0.185943,54,19
0.371144,0.143791,53,19
0.291790,0.137057,53,19
0.260642,0.157783,54,19
0.298494,0.223373,53,19
0.298155,0.198274,53,19
0.286867,0.181308,54,19
0.317166,0.157608,53,19
0.333376,0.180084,53,19
0.365797,0.165392,53,19
0.351963,0.185768,53,19
0.351114,0.235266,53,19
0.271930,0.174487,54,19
0.301889,0.180696,53,19
0.270232,0.147376,53,19
0.310461,0.209730,53,19
0.325738,0.143878,53,19
0.304690,0.234916,53,19
0.335583,0.193376,53,19
0.373096,0.159970,53,19
0.268620,0.180608,54,19
0.329897,0.202034,53,19
0.321070,0.200810,53,19
0.322428,0.200110,53,19
0.289838,0.169939,53,19
0.269893,0.140905,53,19
0.248590,0.170901,54,19
0.312668,0.172300,53,19
0.254277,0.207456,13,19
0.322768,0.207719,53,19
0.303077,0.134084,53,19
0.334734,0.169939,53,19
0.257672,0.192852,54,19
0.344325,0.170376,53,19
0.329642,0.131897,53,19
0.341185,0.154198,53,19
0.319033,0.139418,53,19
0.226609,0.184281,9,19
0.300107,0.138369,53,19
0.319118,0.196262,53,19
0.332697,0.172038,53,19
0.268620,0.161894,54,19
0.328793,0.172125,53,19
0.298664,0.190665,53,19
0.325908,0.154285,53,19
0.301720,0.202471,53,19
0.331424,0.212441,53,19
0.280162,0.196525,54,19
0.328114,0.165829,53,19
0.343052,0.215502,53,19
0.279483,0.185856,54,19
0.313517,0.145190,53,19
0.337280,0.159357,53,19
0.311649,0.194338,53,19
0.323616,0.185418,53,19
0.312328,0.129274,53,19
0.295439,0.135570,53,19
0.312923,0.179034,53,19
0.297052,0.186905,53,19
0.323362,0.171251,53,19
0.335244,0.225646,53,19
0.337959,0.153411,53,19
0.278635,0.119392,53,19
0.053982,0.932350,55,20
0.052708,0.885825,55,20
0.098030,0.886087,55,20
0.126207,0.899030,55,20
0.057037,0.897369,55,20
0.062723,0.862213,56,20
0.087590,0.917133,55,20
0.071380,0.887924,55,20
0.074096,0.973365,55,20
0.159646,0.940221,55,20
0.068070,0.878829,56,20
0.102443,0.898243,55,20
0.110421,0.932000,55,20
0.092428,0.916783,55,20
0.073926,0.878392,56,20
0.068919,0.945730,55,20
0.124255,0.880753,55,20
0.127734,0.907163,55,20
0.145727,0.938996,55,20
0.121708,0.889848,55,20
0.156760,0.922905,55,20
0.075284,0.893871,55,20
0.085808,0.943019,55,20
0.085299,0.912323,55,20
0.139531,0.907251,55,20
0.105753,0.931475,55,20
0.102188,0.886787,55,20
0.128668,0.894920,55,20
0.086996,0.906814,55,20
0.080886,0.906989,55,20
0.088609,0.909700,55,20
0.046089,0.897281,55,20
0.096926,0.888886,55,20
0.093446,0.904977,55,20
0.090476,0.917920,55,20
0.110590,0.944243,55,20
0.075199,0.914160,55,20
0.090646,0.890285,55,20
0.038111,0.875243,55,20
0.096502,0.914335,55,20
0.031321,0.850232,56,20
0.113985,0.856966,55,20
0.121199,0.921506,55,20
0.045494,0.936373,55,20
0.082583,0.911711,55,20
0.108554,0.903403,55,20
0.063742,0.958848,55,20
0.101255,0.926316,55,20
0.063657,0.916521,55,20
0.078764,0.910137,55,20
0.110675,0.896669,55,20
0.116701,0.888711,55,20
0.071295,0.927890,55,20
0.102613,0.921593,55,20
0.081055,0.899030,55,20
0.136306,0.930688,55,20
0.064421,0.911449,55,20
0.070107,0.937947,55,20
0.093956,0.972403,55,20
0.053048,0.897631,55,20
0.098199,0.911274,55,20
0.136561,0.917395,55,20
0.079867,0.907513,55,20
0.055849,0.896494,55,20
0.041590,0.896407,55,20
0.067391,0.862038,56,20
0.067561,0.875681,56,20
0.110590,0.971703,55,20
0.077830,0.892209,55,20
0.124339,0.898156,55,20
0.130620,0.890985,55,20
0.118399,0.919582,55,20
0.111694,0.919319,55,20
0.124424,0.903753,55,20
0.113391,0.923605,55,20
0.087081,0.921943,55,20
0.061535,0.920806,55,20
0.126037,0.877779,55,20
0.068070,0.890548,55,20
0.061111,0.942144,55,20
0.084875,0.925703,55,20
0.126631,0.902529,55,20
0.111694,0.883551,55,20
0.126122,0.913635,55,20
0.024192,0.883289,55,20
0.124000,0.872095,55,20
0.079358,0.907601,55,20
0.150140,0.907338,55,20
0.101424,0.893696,55,20
0.096247,0.911186,55,20
0.099303,0.950103,55,20
0.097351,0.897369,55,20
0.081480,0.905502,55,20
0.055000,0.917308,55,20
0.071974,0.923167,55,20
0.093107,0.896232,55,20
0.104734,0.918445,55,20
0.110760,0.916521,55,20
0.134779,0.883551,55,20
0.054066,0.846471,56,20
0.216679,0.649354,57,21
0.250712,0.741441,32,21
0.249863,0.646030,57,21
0.211162,0.703924,58,21
0.218207,0.661597,58,21
0.199280,0.667019,58,21
0.219989,0.673228,58,21
0.213114,0.612099,57,21
0.157439,0.623643,18,21
0.239255,0.666757,58,21
0.227458,0.688270,58,21
0.208446,0.682148,58,21
0.220159,0.646118,57,21
0.166181,0.626529,58,21
0.211417,0.734970,58,21
0.232889,0.694129,58,21
0.234587,0.696753,58,21
0.170170,0.716430,59,21
0.222535,0.707684,58,21
0.222196,0.668681,58,21
0.224572,0.585863,57,21
0.239170,0.683635,58,21
0.193764,0.684684,58,21
0.211502,0.662297,58,21
0.218886,0.634399,57,21
0.196734,0.645506,58,21
0.186380,0.646293,58,21
0.199705,0.671042,58,21
0.205052,0.669905,58,21
0.229325,0.679787,58,21
0.181033,0.698589,59,21
0.248590,0.683985,58,21
0.176111,0.700426,59,21
0.222280,0.629065,57,21
0.216085,0.687133,58,21
0.223554,0.632038,57,21
0.181882,0.658624,58,21
0.241546,0.692992,58,21
0.227797,0.672441,58,21
0.181373,0.676726,58,21
0.211841,0.711795,58,21
0.219055,0.649616,57,21
0.182561,0.661772,58,21
0.172207,0.642532,58,21
0.245620,0.686521,58,21
0.227033,0.701563,58,21
0.236624,0.651365,57,21
0.192321,0.687395,59,21
0.259030,0.638510,57,21
0.242055,0.659586,57,21
0.242734,0.643494,57,21
0.262170,0.675065,58,21
0.222026,0.613760,57,21
0.217867,0.706110,58,21
0.261066,0.640259,57,21
0.171867,0.625916,58,21
0.175686,0.638947,58,21
0.228137,0.717129,58,21
0.209720,0.690631,58,21
0.241716,0.702612,58,21
0.196734,0.655913,58,21
0.187908,0.599243,58,21
0.202675,0.666319,58,21
0.192151,0.700513,59,21
0.175941,0.634662,58,21
0.249779,0.629939,57,21
0.210483,0.671567,58,21
0.210738,0.677776,58,21
0.175007,0.703224,59,21
0.213793,0.657837,58,21
0.135118,0.676202,19,21
0.244771,0.672441,58,21
0.220074,0.677251,58,21
0.203439,0.662034,58,21
0.183325,0.598281,58,21
0.189945,0.621019,58,21
0.250288,0.680312,58,21
0.213708,0.634137,57,21
0.207004,0.697015,58,21
0.228052,0.678125,58,21
0.230937,0.655650,57,21
0.257502,0.602916,57,21
0.241376,0.735932,32,21
0.238406,0.656087,57,21
0.203269,0.643932,57,21
0.218886,0.681099,58,21
0.230768,0.686346,58,21
0.180863,0.697190,59,21
0.204797,0.657049,58,21
0.182137,0.722551,59,21
0.176111,0.666669,58,21
0.194103,0.647867,58,21
0.203694,0.608338,57,21
0.259030,0.665445,58,21
0.272015,0.633875,57,21
0.207937,0.697015,58,21
0.243413,0.684422,58,21
0.233738,0.675327,58,21
0.212520,0.657837,58,21
0.189181,0.632125,58,21
0.417483,0.906202,60,22
0.421303,0.907863,60,22
0.454148,0.928502,60,22
0.427074,0.831605,61,22
0.417993,0.904190,60,22
0.379122,0.886525,61,22
0.423170,0.842624,61,22
0.422830,0.878304,61,22
0.417314,0.853555,61,22
0.415701,0.895882,60,22
0.387948,0.877080,61,22
0.421557,0.872882,61,22
0.387015,0.847958,61,22
0.381413,0.853817,61,22
0.427074,0.884601,61,22
0.463908,0.881627,61,22
0.398897,0.867373,61,22
0.400085,0.815251,61,22
0.405941,0.837901,61,22
0.438446,0.872357,61,22
0.406790,0.820935,61,22
0.439974,0.858715,61,22
0.409845,0.938384,60,22
0.389815,0.905152,61,22
0.462974,0.863525,61,22
0.436749,0.904278,60,22
0.416550,0.911886,60,22
0.426904,0.819186,61,22
0.471886,0.884951,61,22
0.375472,0.951327,60,22
0.374454,0.879878,61,22
0.437089,0.806156,61,22
0.419181,0.848308,61,22
0.425292,0.916433,60,22
0.369192,0.839563,61,22
0.444303,0.911624,60,22
0.374963,0.884601,61,22
0.411288,0.861076,61,22
0.387015,0.852768,61,22
0.421133,0.846559,61,22
0.436749,0.907688,60,22
0.416380,0.860901,61,22
0.385742,0.859414,61,22
0.391004,0.870521,61,22
0.409251,0.834490,61,22
0.381583,0.881015,61,22
0.412052,0.885563,61,22
0.390410,0.907951,61,22
0.517122,0.873844,29,22
0.430299,0.882764,61,22
0.427074,0.879179,61,22
0.402292,0.884688,61,22
0.378103,0.881977,61,22
0.378697,0.880053,61,22
0.468491,0.812977,61,22
0.436494,0.904015,60,22
0.450838,0.916171,60,22
0.430554,0.838338,61,22
0.360196,0.868247,61,22
0.409421,0.880665,61,22
0.397878,0.877167,61,22
0.382262,0.908563,61,22
0.418332,0.884951,61,22
0.415786,0.849970,61,22
0.434458,0.915384,60,22
0.417399,0.847521,61,22
0.415446,0.830468,61,22
0.422830,0.849970,61,22
0.391089,0.891684,61,22
0.412985,0.850582,61,22
0.432590,0.858802,61,22
0.408232,0.905065,60,22
0.404244,0.871570,61,22
0.403734,0.857141,61,22
0.428262,0.897631,60,22
0.412815,0.947217,60,22
0.379122,0.882939,61,22
0.389985,0.883989,61,22
0.412561,0.906202,60,22
0.442266,0.883814,61,22
0.402716,0.845160,61,22
0.412985,0.870521,61,22
0.429111,0.869209,61,22
0.434712,0.839650,61,22
0.451941,0.860901,61,22
0.460768,0.857840,61,22
0.389476,0.876730,61,22
0.374878,0.925354,61,22
0.387779,0.891684,61,22
0.381244,0.918445,61,22
0.430044,0.852768,61,22
0.376321,0.818837,61,22
0.414004,0.837114,61,22
0.365627,0.869734,61,22
0.381923,0.867285,61,22
0.438107,0.866411,61,22
0.390070,0.897456,61,22
0.400509,0.921943,60,22
0.401867,0.857928,61,22
0.427328,0.907076,60,22
0.794649,0.916871,62,23
0.827070,0.924392,63,23
0.855332,0.926490,63,23
0.771310,0.884863,62,23
0.830804,0.896057,62,23
0.814255,0.967681,63,23
0.823675,0.892559,62,23
0.793970,0.943631,62,23
0.830974,0.872882,62,23
0.800336,0.902266,62,23
0.836151,0.883376,62,23
0.806701,0.866411,62,23
0.844129,0.950278,63,23
0.877993,0.931038,63,23
0.792018,0.881015,62,23
0.822742,0.895357,62,23
0.953018,0.875331,62,23
0.843196,0.888711,62,23
0.856266,0.855042,62,23
0.779797,0.864399,62,23
0.831653,0.908563,62,23
0.841838,0.954125,63,23
0.857624,0.944681,63,23
0.822232,0.861513,62,23
0.809502,0.919757,63,23
0.826391,0.888099,62,23
0.799911,0.917133,62,23
0.822572,0.907338,62,23
0.813066,0.933487,63,23
0.755524,0.938034,62,23
0.850919,0.945992,63,23
0.780815,0.893171,62,23
0.833266,0.975726,63,23
0.798469,0.992255,63,23
0.859406,0.925529,63,23
0.783362,0.901829,62,23
0.809926,0.908125,62,23
0.844044,0.903228,62,23
0.808059,0.903753,62,23
0.844808,0.942232,63,23
0.815358,0.916521,63,23
0.798638,0.950278,62,23
0.789642,0.944856,62,23
0.855247,0.951589,63,23
0.840819,0.913985,63,23
0.852192,0.886700,62,23
0.750007,0.971354,62,23
0.838358,0.994441,63,23
0.783616,0.942669,62,23
0.813830,0.950977,63,23
0.822996,0.936810,63,23
0.787775,0.905240,62,23
0.869251,0.962433,63,23
0.828004,0.918532,63,23
0.862122,0.950365,63,23
0.826137,0.925441,63,23
0.871288,0.918008,63,23
0.823845,0.905677,62,23
0.830889,0.890110,62,23
0.836576,0.897631,62,23
0.854738,0.888536,62,23
0.813915,0.941620,63,23
0.819177,0.964970,63,23
0.821723,0.966719,63,23
0.793376,0.912061,62,23
0.866535,0.970916,63,23
0.834369,0.959722,63,23
0.810181,0.890460,62,23
0.790406,0.927715,62,23
0.769188,0.901392,62,23
0.835303,0.916521,63,23
0.831314,0.925878,63,23
0.812048,0.874019,62,23
0.835472,0.936985,63,23
0.848118,0.922380,63,23
0.921277,0.973015,63,23
0.864583,0.934711,63,23
0.851004,0.886175,62,23
0.842856,0.929027,63,23
0.773007,0.924217,62,23
0.833860,0.816738,15,23
0.811793,0.900867,62,23
0.840225,0.890722,62,23
0.851852,0.944156,63,23
0.831399,0.919669,63,23
0.893354,0.888186,62,23
0.833266,0.895357,62,23
0.782089,0.889498,62,23
0.800930,0.910837,62,23
0.808823,0.810004,15,23
0.825118,0.899293,62,23
0.829701,0.978612,63,23
0.787605,0.910574,62,23
0.803306,0.880316,62,23
0.787011,0.890023,62,23
0.829192,0.934973,63,23
0.793801,0.901304,62,23
0.807889,0.952202,63,23
0.820705,0.886175,62,23
0.788624,0.909787,62,23
0.877568,0.732783,17,24
0.855162,0.714681,17,24
0.877399,0.675240,17,24
0.878756,0.690544,17,24
0.897258,0.769426,16,24
0.893948,0.694829,17,24
0.902351,0.680399,17,24
0.899720,0.675852,17,24
0.887753,0.713544,17,24
0.890893,0.693867,17,24
0.887159,0.708821,17,24
0.864923,0.743540,16,24
0.829277,0.687308,17,24
0.862970,0.679262,17,24
0.885207,0.694479,17,24
0.893100,0.670255,17,24
0.912026,0.707947,17,24
0.862037,0.712144,17,24
0.893948,0.648392,64,24
0.873325,0.670342,17,24
0.880030,0.722639,17,24
0.871458,0.716605,17,24
0.875616,0.702000,17,24
0.914911,0.753859,17,24
0.874937,0.699989,17,24
0.894542,0.687745,17,24
0.878417,0.649441,64,24
0.911007,0.696403,17,24
0.834878,0.678475,17,24
0.854568,0.662384,17,24
0.877314,0.699464,17,24
0.883170,0.666232,17,24
0.890044,0.644719,64,24
0.886904,0.692380,17,24
0.859321,0.733833,17,24
0.901247,0.639996,64,24
0.856096,0.610262,64,24
0.843959,0.734970,17,24
0.865601,0.681973,17,24
0.861867,0.691593,17,24
0.921362,0.687046,17,24
0.916100,0.716605,17,24
0.860849,0.699551,17,24
0.872137,0.694916,17,24
0.869336,0.711357,17,24
0.867469,0.679000,17,24
0.894373,0.713019,17,24
0.817055,0.737156,15,24
0.902266,0.642183,64,24
0.918561,0.716167,17,24
0.871288,0.715205,17,24
0.898107,0.707247,17,24
0.845742,0.660985,17,24
0.879011,0.658099,17,24
0.878077,0.682848,17,24
0.849221,0.742141,17,24
0.895561,0.700076,17,24
0.898616,0.690544,17,24
0.860594,0.683460,17,24
0.881642,0.672354,17,24
0.854399,0.739080,17,24
0.898701,0.652327,64,24
0.876550,0.718791,17,24
0.882745,0.711620,17,24
0.893269,0.709696,17,24
0.896240,0.683985,17,24
0.910583,0.680224,17,24
0.864244,0.696928,17,24
0.830380,0.723513,17,24
0.891487,0.681711,17,24
0.904557,0.708909,17,24
0.860424,0.679612,17,24
0.890129,0.714768,17,24
0.898786,0.720452,17,24
0.847524,0.695966,17,24
0.920173,0.719490,17,24
0.878417,0.745464,16,24
0.929594,0.727798,17,24
0.886734,0.711270,17,24
0.873240,0.663521,17,24
0.931461,0.676639,17,24
0.901077,0.711183,17,24
0.875446,0.666932,17,24
0.856605,0.669380,17,24
0.832926,0.716779,17,24
0.904727,0.679525,17,24
0.898956,0.621194,64,24
0.876804,0.675065,17,24
0.944701,0.693255,17,24
0.890978,0.717829,17,24
0.930018,0.672616,17,24
0.893100,0.690019,17,24
0.872646,0.676027,17,24
0.885631,0.667719,17,24
0.866026,0.719840,17,24
0.872221,0.745639,16,24
0.902605,0.773274,16,24
0.862037,0.719141,17,24
0.826137,0.703049,17,24
0.842007,0.714506,17,24
0.729893,0.032289,34,25
0.713852,0.080650,34,25
0.708251,0.091494,34,25
0.741096,0.095342,34,25
0.676000,0.078464,65,25
0.644683,0.089483,65,25
0.748310,0.052141,34,25
0.697897,0.129099,35,25
0.686439,0.067882,65,25
0.738720,0.025030,34,25
0.680413,0.077589,65,25
0.716908,0.062810,34,25
0.697982,0.058262,34,25
0.712664,0.035787,66,25
0.684572,0.038061,66,25
0.725649,0.090183,34,25
0.699849,0.087559,34,25
0.729723,0.034300,34,25
0.634159,0.094817,65,25
0.667852,0.059487,65,25
0.711900,0.104437,34,25
0.708421,0.090970,34,25
0.709779,0.086772,34,25
0.739823,0.035787,34,25
0.740332,0.031152,34,25
0.711731,0.081525,34,25
0.661996,0.075840,65,25
0.692210,0.113795,35,25
0.711052,0.063510,34,25
0.710627,0.091407,34,25
0.675576,0.044707,66,25
0.687627,0.059749,34,25
0.677952,0.032726,66,25
0.729214,0.104262,34,25
0.723273,0.062285,34,25
0.686609,0.052840,66,25
0.717587,0.092456,34,25
0.684572,0.006753,66,25
0.761635,0.093418,2,25
0.713004,0.037011,66,25
0.679649,0.084323,65,25
0.673708,0.044882,66,25
0.713768,0.063859,34,25
0.763672,0.063859,2,25
0.721576,0.098141,34,25
0.725734,0.040597,34,25
0.696454,0.014973,66,25
0.698151,0.080738,34,25
0.692210,0.067095,34,25
0.681092,0.103825,34,25
0.751620,0.087646,2,25
0.732609,0.071992,34,25
0.711052,0.078814,34,25
0.726244,0.051091,34,25
0.741011,0.119829,34,25
0.728280,0.120354,34,25
0.732863,0.085198,34,25
0.700018,0.018471,66,25
0.746103,0.073042,2,25
0.743642,0.055901,34,25
0.742284,0.084148,2,25
0.706893,0.079163,34,25
0.701207,0.038061,66,25
0.692210,0.082137,34,25
0.699170,0.116156,35,25
0.643579,0.070943,65,25
0.700273,0.057913,34,25
0.699934,0.043658,66,25
0.707487,0.059662,34,25
0.702055,0.064821,34,25
0.688900,0.032551,66,25
0.712494,0.069281,34,25
0.724801,0.082662,34,25
0.636535,0.134259,35,25
0.742454,0.057388,34,25
0.698915,0.125513,35,25
0.724546,0.083186,34,25
0.750941,0.056601,34,25
0.766303,0.144578,33,25
0.658686,0.060449,65,25
0.721151,0.014798,34,25
0.714277,0.086684,34,25
0.714786,0.071380,34,25
0.699594,0.044970,66,25
0.728620,0.114144,34,25
0.752469,0.053977,34,25
0.774026,0.101726,2,25
0.715720,0.087646,34,25
0.697982,0.090183,34,25
0.695096,0.064559,34,25
0.729044,0.060099,34,25
0.719199,0.102163,34,25
0.713089,0.073392,34,25
0.712919,0.064909,34,25
0.676424,0.086947,65,25
0.696199,0.097703,34,25
0.694587,0.107935,34,25
0.714277,0.081525,34,25
0.689410,0.003517,66,25
0.677273,0.071992,65,25
0.737531,0.500160,67,26
0.756203,0.485380,67,26
0.737786,0.440430,68,26
0.836915,0.445502,36,26
0.724037,0.467190,67,26
0.696284,0.476023,69,26
0.721151,0.413319,68,26
0.703159,0.470163,69,26
0.772413,0.520886,67,26
0.717332,0.467977,67,26
0.764266,0.499635,67,26
0.737871,0.477510,67,26
0.700528,0.468764,69,26
0.743048,0.445414,68,26
0.734476,0.445065,68,26
0.695775,0.445414,69,26
0.730572,0.494300,67,26
0.693993,0.451536,69,26
0.722339,0.441304,68,26
0.739399,0.493601,67,26
0.755185,0.456958,68,26
0.759343,0.458882,67,26
0.742708,0.461331,67,26
0.703498,0.454772,69,26
0.743982,0.474624,67,26
0.724631,0.466403,67,26
0.701631,0.467540,69,26
0.749159,0.483981,67,26
0.692380,0.519049,69,26
0.736852,0.435620,68,26
0.740332,0.466928,67,26
0.743897,0.477510,67,26
0.786332,0.472262,67,26
0.747801,0.440867,68,26
0.693993,0.446289,69,26
0.751705,0.481532,67,26
0.738720,0.483631,67,26
0.695605,0.444015,69,26
0.739314,0.443578,68,26
0.654613,0.512316,45,26
0.750262,0.535840,67,26
0.756458,0.558665,67,26
0.745000,0.481620,67,26
0.763077,0.500772,67,26
0.752723,0.482319,67,26
0.759258,0.498673,67,26
0.729129,0.473399,67,26
0.750262,0.430635,68,26
0.707402,0.470076,69,26
0.707317,0.516338,67,26
0.789812,0.448300,68,26
0.730911,0.444278,68,26
0.709185,0.461156,69,26
0.781494,0.440430,68,26
0.754421,0.486342,67,26
0.759089,0.529019,67,26
0.725310,0.495437,67,26
0.761041,0.440954,68,26
0.746613,0.480221,67,26
0.710712,0.503920,67,26
0.740332,0.425563,68,26
0.776827,0.516426,67,26
0.784041,0.495087,67,26
0.743048,0.455297,68,26
0.718860,0.465529,67,26
0.713173,0.430722,69,26
0.739568,0.513802,67,26
0.717926,0.476198,67,26
0.740162,0.432646,68,26
0.742030,0.494738,67,26
0.741096,0.463779,67,26
0.744576,0.470338,67,26
0.679055,0.514502,69,26
0.743472,0.487392,67,26
0.745085,0.443316,68,26
0.733118,0.541787,67,26
0.739144,0.470776,67,26
0.741351,0.556042,67,26
0.732439,0.493951,67,26
0.698830,0.474099,69,26
0.781070,0.490715,67,26
0.742963,0.496924,67,26
0.687882,0.471563,69,26
0.689494,0.481183,69,26
0.762059,0.461681,67,26
0.736428,0.475411,67,26
0.748904,0.459407,67,26
0.739823,0.420316,68,26
0.746782,0.464567,67,26
0.747037,0.428536,68,26
0.780646,0.489053,67,26
0.734137,0.450137,68,26
0.796262,0.541525,67,26
0.757391,0.511441,67,26
0.727856,0.445589,68,26
0.746697,0.466753,67,26
0.735240,0.486517,67,26
0.786926,0.469027,67,26
0.753317,0.505757,67,26
0.756203,0.465966,67,26
0.731421,0.281878,70,27
0.787605,0.299369,70,27
0.742284,0.275582,70,27
0.707996,0.335924,70,27
0.776911,0.299806,70,27
0.698236,0.276194,70,27
0.780137,0.307240,70,27
0.706638,0.312224,70,27
0.723952,0.288000,70,27
0.719199,0.287563,70,27
0.732863,0.293510,70,27
0.723018,0.295433,70,27
0.721151,0.282665,70,27
0.762144,0.358049,70,27
0.740926,0.299631,70,27
0.733033,0.342745,70,27
0.644683,0.275757,70,27
0.757391,0.272084,70,27
0.721236,0.312312,70,27
0.750686,0.372129,70,27
0.681856,0.310213,70,27
0.734221,0.267973,70,27
0.749583,0.336798,70,27
0.771055,0.351053,70,27
0.725734,0.356300,70,27
0.742539,0.314323,70,27
0.695181,0.269285,70,27
0.705026,0.299719,70,27
0.680498,0.357875,70,27
0.705959,0.297707,70,27
0.730148,0.273570,70,27
0.711137,0.315722,70,27
0.779458,0.361897,70,27
0.762059,0.323856,70,27
0.738125,0.297620,70,27
0.690852,0.322019,70,27
0.728111,0.268498,70,27
0.712749,0.321669,70,27
0.714871,0.313011,70,27
0.775554,0.350791,70,27
0.718266,0.310650,70,27
0.722934,0.304703,70,27
0.772244,0.344407,70,27
0.764096,0.321494,70,27
0.753063,0.278293,70,27
0.776572,0.250658,70,27
0.719793,0.336011,70,27
0.723188,0.313973,70,27
0.704686,0.270510,70,27
0.750771,0.308027,70,27
0.715465,0.315110,70,27
0.747376,0.293422,70,27
0.736683,0.359011,70,27
0.691277,0.324380,70,27
0.750007,0.315548,70,27
0.718520,0.305753,70,27
0.773347,0.308464,70,27
0.748310,0.281791,70,27
0.694417,0.326304,70,27
0.758240,0.322019,70,27
0.744745,0.332951,70,27
0.741860,0.294034,70,27
0.701292,0.332163,70,27
0.732524,0.285202,70,27
0.785908,0.272259,70,27
0.747886,0.327791,70,27
0.693229,0.324468,70,27
0.718351,0.363559,70,27
0.738804,0.301555,70,27
0.693229,0.317122,70,27
0.710967,0.269985,70,27
0.703244,0.291061,70,27
0.737871,0.306103,70,27
0.738635,0.282403,70,27
0.751705,0.327791,70,27
0.731166,0.315897,70,27
0.705959,0.325954,70,27
0.715380,0.259316,70,27
0.739144,0.362947,70,27
0.696708,0.319570,70,27
0.771565,0.331202,70,27
0.721915,0.291411,70,27
0.710542,0.293947,70,27
0.729469,0.305403,70,27
0.731081,0.318521,70,27
0.768339,0.305578,70,27
0.732100,0.296745,70,27
0.718011,0.301992,70,27
0.707317,0.326479,70,27
0.721661,0.289574,70,27
0.723613,0.319745,70,27
0.699424,0.283802,70,27
0.727517,0.309951,70,27
0.782089,0.315110,70,27
0.712155,0.303654,70,27
0.748055,0.286688,70,27
0.740332,0.311787,70,27
0.719963,0.325867,70,27
0.753572,0.340646,70,27
0.750262,0.317209,70,27
0.276852,0.758757,32,28
0.262424,0.773361,32,28
0.282284,0.769863,32,28
0.289753,0.826445,32,28
0.216849,0.820673,32,28
0.242395,0.751586,32,28
0.290856,0.746776,32,28
0.297646,0.766715,32,28
0.264461,0.850757,32,28
0.247487,0.812540,32,28
0.244092,0.813240,32,28
0.305369,0.847783,32,28
0.299343,0.822859,32,28
0.262934,0.771000,32,28
0.247911,0.825046,32,28
0.277956,0.791551,32,28
0.228137,0.700951,58,28
0.212351,0.800646,32,28
0.290686,0.790502,32,28
0.240273,0.789715,32,28
0.268620,0.797935,32,28
0.287037,0.771612,32,28
0.316657,0.788316,32,28
0.239849,0.759019,32,28
0.272185,0.796624,32,28
0.295948,0.801171,32,28
0.234162,0.804144,32,28
0.277277,0.791639,32,28
0.259369,0.801958,32,28
0.263613,0.786829,32,28
0.282199,0.757445,32,28
0.277192,0.846909,32,28
0.301720,0.766977,32,28
0.254192,0.793125,32,28
0.260557,0.788578,32,28
0.272185,0.787966,32,28
0.297561,0.808517,32,28
0.284066,0.800821,32,28
0.267177,0.745027,32,28
0.312413,0.766278,32,28
0.274731,0.783068,32,28
0.275155,0.786567,32,28
0.258605,0.804144,32,28
0.239594,0.742928,32,28
0.326756,0.771087,32,28
0.266838,0.810966,32,28
0.255210,0.767852,32,28
0.242480,0.801958,32,28
0.268450,0.816650,32,28
0.274731,0.796711,32,28
0.246638,0.827057,32,28
0.243923,0.845510,32,28
0.288395,0.735844,32,28
0.253428,0.810179,32,28
0.299258,0.789103,32,28
0.294845,0.799772,32,28
0.234672,0.780270,32,28
0.207343,0.729985,58,28
0.284576,0.817612,32,28
0.282369,0.730247,32,28
0.313686,0.771175,32,28
0.262000,0.773711,32,28
0.319373,0.811403,32,28
0.292214,0.802920,32,28
0.248251,0.783681,32,28
0.301380,0.780095,32,28
0.295354,0.772224,32,28
0.231786,0.824696,32,28
0.256823,0.776422,32,28
0.259114,0.760681,32,28
0.266583,0.810004,32,28
0.252664,0.783068,32,28
0.299004,0.780882,32,28
0.269469,0.776247,32,28
0.311904,0.753072,32,28
0.287122,0.746601,32,28
0.281605,0.808255,32,28
0.299343,0.813327,32,28
0.276598,0.750449,32,28
0.254701,0.770738,32,28
0.256399,0.765753,32,28
0.283048,0.767152,32,28
0.268535,0.799510,32,28
0.292214,0.765490,32,28
0.330491,0.845422,61,28
0.265055,0.775722,32,28
0.243838,0.765928,32,28
0.244771,0.804932,32,28
0.277871,0.751935,32,28
0.231786,0.808867,32,28
0.283557,0.763304,32,28
0.242989,0.731384,32,28
0.268620,0.707859,30,28
0.283727,0.766278,32,28
0.218461,0.813327,32,28
0.285085,0.779833,32,28
0.278210,0.772487,32,28
0.278380,0.774848,32,28
0.241801,0.793213,32,28
0.275155,0.783856,32,28
0.427244,0.686871,31,29
0.448292,0.716342,71,29
0.429365,0.710570,31,29
0.438871,0.739430,71,29
0.460598,0.686783,27,29
0.513303,0.689319,27,29
0.493867,0.712057,27,29
0.504221,0.658186,27,29
0.485804,0.716517,27,29
0.505070,0.713719,27,29
0.472480,0.701213,27,29
0.527731,0.649529,27,29
0.473498,0.714506,27,29
0.451177,0.636760,27,29
0.477742,0.728411,27,29
0.477317,0.683897,27,29
0.505070,0.748787,27,29
0.438616,0.703749,31,29
0.435306,0.691068,31,29
0.472480,0.728760,27,29
0.428686,0.722639,71,29
0.456354,0.673840,27,29
0.455845,0.656700,27,29
0.482919,0.694479,27,29
0.451262,0.735144,71,29
0.467387,0.722114,27,29
0.534775,0.652152,27,29
0.488181,0.701213,27,29
0.455590,0.702262,27,29
0.434288,0.652502,27,29
0.431063,0.744327,71,29
0.458052,0.678650,27,29
0.452875,0.728148,71,29
0.455930,0.666407,27,29
0.474517,0.687046,27,29
0.466963,0.692380,27,29
0.421303,0.744852,71,29
0.441332,0.706810,31,29
0.430469,0.741354,71,29
0.439125,0.703749,31,29
0.446339,0.691506,31,29
0.433524,0.662996,27,29
0.431742,0.689757,31,29
0.445830,0.657924,27,29
0.451177,0.682760,27,29
0.458052,0.709346,27,29
0.444387,0.674890,27,29
0.464587,0.670779,27,29
0.434033,0.670255,27,29
0.449480,0.721327,71,29
0.449819,0.670517,27,29
0.474092,0.722376,27,29
0.483343,0.726312,27,29
0.474177,0.691681,27,29
0.479269,0.718441,27,29
0.433948,0.705586,31,29
0.490472,0.675589,27,29
0.463059,0.656262,27,29
0.429959,0.695354,31,29
0.460513,0.669643,27,29
0.492255,0.684160,27,29
0.520686,0.689669,27,29
0.443878,0.749574,71,29
0.470358,0.663783,27,29
0.465011,0.648654,27,29
0.470188,0.676901,27,29
0.469934,0.672791,27,29
0.476044,0.679612,27,29
0.443963,0.702700,31,29
0.416125,0.671567,31,29
0.424018,0.703137,31,29
0.445066,0.665707,27,29
0.471801,0.662384,27,29
0.479354,0.661859,27,29
0.488351,0.663171,27,29
0.476808,0.701038,27,29
0.427753,0.678825,31,29
0.479609,0.676202,27,29
0.418926,0.684072,31,29
0.499469,0.752373,27,29
0.484701,0.743278,27,29
0.478336,0.759369,27,29
0.424018,0.684947,31,29
0.505919,0.655738,27,29
0.471461,0.710308,27,29
0.442351,0.692293,31,29
0.463993,0.694654,27,29
0.476638,0.687308,27,29
0.468066,0.715030,27,29
0.452790,0.687308,31,29
0.458476,0.710745,27,29
0.478930,0.635711,27,29
0.440738,0.698589,31,29
0.456439,0.676551,27,29
0.431317,0.745901,71,29
0.467642,0.667106,27,29
0.476384,0.668418,27,29
0.471461,0.703749,27,29
0.444303,0.715817,71,29
0.409590,0.682411,31,29
0.122303,0.303129,14,30
0.107280,0.289837,14,30
0.097690,0.248034,14,30
0.039893,0.268498,14,30
0.092683,0.277768,14,30
0.048974,0.248209,14,30
0.122812,0.245411,14,30
0.062469,0.197924,14,30
0.095908,0.224160,14,30
0.043203,0.261764,14,30
0.039808,0.248034,14,30
0.045155,0.247859,14,30
0.042863,0.239464,14,30
0.061365,0.266487,14,30
0.052963,0.245848,14,30
0.072823,0.234217,14,30
0.053812,0.213316,14,30
0.087930,0.246810,14,30
0.064675,0.216989,14,30
0.093192,0.308376,14,30
0.067137,0.221099,14,30
0.074266,0.261939,14,30
0.036074,0.276719,14,30
0.063317,0.243924,14,30
0.087506,0.212266,14,30
0.088100,0.245236,14,30
0.075793,0.198886,14,30
0.043033,0.233517,14,30
0.072908,0.277243,14,30
0.119247,0.213316,14,30
0.064930,0.250395,14,30
0.098793,0.220662,14,30
0.097690,0.249608,14,30
0.061450,0.261065,14,30
0.118823,0.217251,14,30
0.071889,0.213316,14,30
0.064930,0.278380,14,30
0.098963,0.239289,14,30
0.081395,0.297620,14,30
0.070362,0.168802,14,30
0.110590,0.248384,14,30
0.095568,0.275932,14,30
0.072993,0.222148,14,30
0.060347,0.218388,14,30
0.073162,0.248996,14,30
0.124255,0.270684,14,30
0.070446,0.226346,14,30
0.110421,0.264125,14,30
0.087590,0.276806,14,30
0.086232,0.204745,14,30
0.113646,0.214627,14,30
0.067815,0.265525,14,30
0.101255,0.263601,14,30
0.060517,0.212091,14,30
0.086996,0.275932,14,30
0.066458,0.206932,14,30
0.118993,0.265175,14,30
0.113731,0.217251,14,30
0.033273,0.266312,14,30
0.046513,0.241125,14,30
0.095483,0.267099,14,30
0.051351,0.207194,14,30
0.117380,0.245673,14,30
0.080037,0.271471,14,30
0.144114,0.218475,14,30
0.039638,0.246460,14,30
0.072993,0.247510,14,30
0.055255,0.192414,14,30
0.127904,0.216901,14,30
0.065015,0.257217,14,30
0.097860,0.228707,14,30
0.055255,0.254243,14,30
0.081904,0.247597,14,30
0.104140,0.259228,14,30
0.066542,0.215240,14,30
0.073672,0.207281,14,30
0.094804,0.239901,14,30
0.118483,0.265000,14,30
0.053218,0.298494,14,30
0.086657,0.217513,14,30
0.072229,0.228970,14,30
0.098030,0.284414,14,30
0.101764,0.214540,14,30
0.066458,0.234916,14,30
0.063911,0.303129,14,30
0.077915,0.254681,14,30
0.101679,0.250833,14,30
0.077066,0.264475,14,30
0.105668,0.258878,14,30
0.095314,0.281791,14,30
0.106771,0.262376,14,30
0.077830,0.297183,14,30
0.070022,0.227745,14,30
0.104140,0.229932,14,30
0.122303,0.232992,14,30
0.095568,0.266487,14,30
0.086063,0.247072,14,30
0.044561,0.266662,14,30
0.065948,0.306715,14,30
0.096672,0.245935,14,30
0.108638,0.520886,72,31
0.063402,0.534354,72,31
0.091070,0.524734,72,31
0.116871,0.467627,72,31
0.108978,0.483281,72,31
0.095568,0.516251,72,31
0.100661,0.489228,72,31
0.078424,0.549658,72,31
0.139786,0.476897,72,31
0.110590,0.519487,72,31
0.081819,0.496049,72,31
0.100066,0.520186,72,31
0.116277,0.471563,72,31
0.052369,0.492814,72,31
0.113561,0.537065,72,31
0.111524,0.505319,72,31
0.106601,0.501646,72,31
0.096926,0.471038,72,31
0.140889,0.528407,72,31
0.094125,0.444015,72,31
0.105159,0.505757,72,31
0.104819,0.466316,72,31
0.152432,0.495437,72,31
0.092683,0.508817,72,31
0.052793,0.515464,72,31
0.110675,0.488354,72,31
0.122048,0.455122,72,31
0.117125,0.532167,72,31
0.086827,0.498586,72,31
0.060347,0.461943,72,31
0.118568,0.469376,72,31
0.086657,0.530856,72,31
0.139362,0.457745,72,31
0.118399,0.520361,72,31
0.106771,0.537939,72,31
0.118568,0.474798,72,31
0.107026,0.448563,72,31
0.141653,0.514589,72,31
0.121369,0.548171,72,31
0.079867,0.527183,72,31
0.072908,0.488966,72,31
0.080546,0.535490,72,31
0.106771,0.522810,72,31
0.143181,0.505057,72,31
0.072399,0.509954,72,31
0.116107,0.524909,72,31
0.099218,0.479521,72,31
0.127140,0.501034,72,31
0.103631,0.459669,72,31
0.123745,0.486517,72,31
0.138513,0.506456,72,31
0.121963,0.455034,72,31
0.125528,0.459669,72,31
0.112373,0.497973,72,31
0.101085,0.542837,72,31
0.095059,0.502608,72,31
0.153535,0.470951,47,31
0.068494,0.539076,72,31
0.094210,0.521498,72,31
0.118653,0.501034,72,31
0.114155,0.532430,72,31
0.072483,0.470776,72,31
0.095823,0.474624,72,31
0.116022,0.509255,72,31
0.126970,0.535578,72,31
0.067221,0.467890,72,31
0.153111,0.476198,72,31
0.079528,0.563563,72,31
0.093786,0.562688,18,31
0.150819,0.514764,72,31
0.082328,0.493601,72,31
0.167199,0.556392,72,31
0.117635,0.472262,72,31
0.110251,0.482057,72,31
0.122218,0.542137,72,31
0.150734,0.512490,72,31
0.090561,0.513365,72,31
0.159221,0.497886,72,31
0.147255,0.471300,72,31
0.097860,0.450837,72,31
0.116192,0.475673,72,31
0.105159,0.486954,72,31
0.125697,0.499023,72,31
0.089542,0.493251,72,31
0.130026,0.523597,72,31
0.084535,0.473224,72,31
0.110506,0.477859,72,31
0.094720,0.534179,72,31
0.070701,0.505844,72,31
0.110336,0.503395,72,31
0.115937,0.519487,72,31
0.134524,0.494213,72,31
0.116701,0.508992,72,31
0.081989,0.559977,72,31
0.163889,0.498848,72,31
0.082583,0.491065,72,31
0.104649,0.505669,72,31
0.087675,0.515114,72,31
0.130790,0.475411,72,31
0.157269,0.550707,72,31
