0.817395,0.077852,1,0
0.876804,0.138456,1,-1
0.825288,0.096829,1,0
0.82393,0.039722,1,0
0.84328,0.055376,1,0
0.781494,0.074878,1,-1
0.825542,0.120441,1,0
0.802712,0.096741,1,0
0.888686,0.111521,1,-1
0.842941,0.09954,1,0
0.870015,0.153673,1,-1
0.879605,0.02949,1,-1
0.895985,0.098753,1,-1
0.833945,0.075053,1,0
0.826646,0.092894,1,0
0.755015,0.074529,1,6
0.835727,0.076452,1,0
0.860509,0.077327,1,0
0.848118,0.099977,1,0
0.795753,0.078027,1,-1
0.807041,0.116243,1,0
0.827579,0.074004,1,0
0.852362,0.04392,1,0
0.816376,0.097878,1,0
0.845911,0.117293,1,0
0.831314,0.098228,1,0
0.902011,0.105312,1,-1
0.801609,0.091932,1,0
0.893948,0.091669,1,-1
0.84048,0.083973,1,0
0.835387,0.101814,1,0
0.81731,0.089745,1,0
0.874258,0.09097,1,-1
0.823506,0.15411,1,-1
0.824694,0.074091,1,0
0.813321,0.050129,1,0
0.825882,0.14624,1,-1
0.808823,0.092456,1,0
0.852786,0.119304,1,0
0.816292,0.108897,1,0
0.821469,0.099103,1,0
0.848542,0.066133,1,0
0.809502,0.066221,1,0
0.832332,0.114144,1,0
0.841923,0.069019,1,0
0.879011,0.039635,1,-1
0.795753,0.134871,1,10
0.801948,0.062635,1,0
0.842262,0.115194,1,0
0.893609,0.07584,1,-1
0.870694,0.083798,1,-1
0.819771,0.09473,1,0
0.838018,0.149038,1,-1
0.863565,0.117118,1,0
0.807804,0.097441,1,0
0.819177,0.079863,1,0
0.833351,0.126038,1,0
0.831059,0.137407,1,-1
0.894118,0.123852,1,-1
0.790915,0.055814,1,-1
0.801609,0.075578,1,0
0.834624,0.042696,1,0
0.86679,0.127,1,-1
0.789812,0.04497,1,-1
0.834963,0.046894,1,0
0.811708,0.132772,1,0
0.807125,0.09097,1,0
0.874004,0.119479,1,-1
0.838952,0.073654,1,0
0.880878,0.069719,1,-1
0.810096,0.069019,1,0
0.847185,0.057825,1,0
0.824863,0.071205,1,0
0.833351,0.046894,1,0
0.835557,0.086859,1,0
0.74848,0.07724,1,6
0.915506,0.097091,1,-1
0.819941,0.036137,1,0
0.824863,0.07103,1,0
0.834454,0.101027,1,0
0.897598,0.071205,1,-1
0.802882,0.087209,1,0
0.822487,0.068407,1,0
0.824524,0.085897,1,0
0.808144,0.027217,1,-1
0.862546,0.071817,1,0
0.847779,0.108198,1,0
0.801948,0.115981,1,0
0.810945,0.029141,1,-1
0.868996,0.114057,1,-1
0.820959,0.08476,1,0
0.800421,0.079863,1,0
0.841159,0.086947,1,0
0.865092,0.085635,1,0
0.882745,0.074791,1,-1
0.857369,0.050042,1,0
0.825203,0.061148,1,0
0.801863,0.119217,1,0
0.845148,0.094817,1,0
0.853295,0.146677,1,-1
0.575428,0.337935,2,-1
0.563122,0.336449,2,16
0.555823,0.257129,2,-1
0.548185,0.32027,2,16
0.538255,0.264738,2,-1
0.509738,0.299806,2,16
0.529852,0.306015,2,16
0.538594,0.298844,2,16
0.586376,0.258441,2,-1
0.570506,0.309076,2,16
0.527815,0.306802,2,16
0.518819,0.263776,2,-1
0.530871,0.326741,2,16
0.533926,0.298844,2,16
0.556672,0.296833,2,16
0.558199,0.339072,2,16
0.524081,0.360148,2,-1
0.539528,0.310825,2,16
0.539188,0.277243,2,16
0.512539,0.323681,2,16
0.524845,0.300768,2,16
0.579841,0.292023,2,-1
0.51186,0.292285,2,16
0.485889,0.270422,2,-1
0.549967,0.304266,2,16
0.553446,0.237452,2,-1
0.506937,0.352278,2,-1
0.500487,0.264563,2,-1
0.576107,0.309601,2,16
0.554635,0.322806,2,16
0.542923,0.37143,2,-1
0.510672,0.27873,2,16
0.574325,0.304703,2,16
0.533672,0.315722,2,16
0.540801,0.285639,2,16
0.545638,0.294122,2,16
0.576277,0.234829,2,-1
0.488011,0.264825,2,24
0.540292,0.31135,2,16
0.553362,0.308202,2,16
0.565923,0.306715,2,16
0.560915,0.291411,2,16
0.570675,0.317996,2,16
0.607509,0.301468,2,-1
0.55438,0.298757,2,16
0.519753,0.327703,2,16
0.515679,0.29727,2,16
0.558199,0.314148,2,16
0.543517,0.290886,2,16
0.503967,0.290449,2,16
0.566007,0.295346,2,16
0.550221,0.295696,2,16
0.490387,0.238327,2,24
0.514576,0.350703,2,-1
0.537406,0.270772,2,16
0.543686,0.27051,2,16
0.536472,0.323681,2,16
0.555059,0.308202,2,16
0.506089,0.318259,2,16
0.470103,0.286251,2,-1
0.510756,0.311,2,16
0.513642,0.320008,2,16
0.480373,0.293247,2,-1
0.551155,0.310125,2,16
0.545978,0.313361,2,16
0.514576,0.264913,2,-1
0.577041,0.302342,2,16
0.527221,0.314935,2,16
0.5739,0.286951,2,-1
0.516443,0.281616,2,16
0.562443,0.31546,2,16
0.513133,0.282578,2,16
0.538424,0.255817,2,-1
0.494631,0.272871,2,-1
0.536727,0.234479,2,-1
0.540207,0.295783,2,16
0.547336,0.285551,2,16
0.537491,0.255643,2,-1
0.574919,0.319221,2,16
0.530956,0.307502,2,16
0.571524,0.239639,2,-1
0.544365,0.29692,2,16
0.538679,0.313886,2,16
0.542244,0.292198,2,16
0.547336,0.302517,2,16
0.608613,0.336886,2,-1
0.555908,0.335574,2,16
0.521875,0.291236,2,16
0.542753,0.304966,2,16
0.593421,0.304179,2,16
0.527646,0.338285,2,-1
0.517207,0.296308,2,16
0.53172,0.284764,2,16
0.591893,0.304179,2,16
0.523911,0.375452,2,27
0.495225,0.318171,2,-1
0.573221,0.332601,2,16
0.568723,0.302779,2,16
0.510247,0.302867,2,16
0.566262,0.354376,2,16
0.203524,0.230544,3,29
0.156506,0.254681,3,29
0.17679,0.314411,3,-1
0.211672,0.232468,3,29
0.18341,0.275932,3,29
0.159052,0.282316,3,-1
0.174498,0.235703,3,29
0.172122,0.197049,3,-1
0.17331,0.221449,3,29
0.193255,0.251008,3,29
0.181203,0.289837,3,29
0.223299,0.279954,3,29
0.219395,0.254243,3,29
0.213539,0.277593,3,29
0.175686,0.268411,3,29
0.194273,0.251183,3,29
0.230683,0.26981,3,29
0.206749,0.208331,3,29
0.193509,0.271646,3,29
0.227882,0.215677,3,29
0.182391,0.238414,3,29
0.218801,0.257217,3,29
0.195546,0.231418,3,29
0.23255,0.277856,3,29
0.194188,0.257567,3,29
0.195886,0.238152,3,29
0.219395,0.298932,3,29
0.232804,0.279342,3,29
0.209889,0.278817,3,29
0.184258,0.291848,3,29
0.184428,0.247335,3,29
0.230937,0.271996,3,29
0.224402,0.22862,3,29
0.211332,0.309426,3,-1
0.181033,0.296483,3,29
0.185362,0.254768,3,29
0.217867,0.251008,3,29
0.218716,0.278643,3,29
0.251476,0.236316,3,-1
0.199959,0.202909,3,29
0.247063,0.207106,3,-1
0.166351,0.231943,3,-1
0.227797,0.198886,3,-1
0.184937,0.204745,3,29
0.194528,0.204133,3,29
0.239594,0.219525,3,-1
0.170764,0.266137,3,29
0.164483,0.25197,3,29
0.268026,0.206232,3,38
0.241122,0.32884,3,-1
0.218631,0.237015,3,29
0.177044,0.244886,3,29
0.225166,0.283015,3,29
0.163295,0.226783,3,-1
0.190539,0.281703,3,29
0.146745,0.255905,3,29
0.178487,0.253281,3,29
0.154808,0.283015,3,-1
0.247317,0.203521,3,-1
0.116956,0.226958,3,40
0.154299,0.258529,3,29
0.198262,0.281966,3,29
0.171443,0.266837,3,29
0.231871,0.233779,3,29
0.194443,0.26946,3,29
0.224911,0.22311,3,29
0.178317,0.22416,3,29
0.182137,0.220399,3,29
0.184852,0.201772,3,29
0.188077,0.266399,3,29
0.224742,0.269985,3,29
0.276768,0.238589,3,-1
0.222196,0.241738,3,29
0.206325,0.248034,3,29
0.246044,0.261152,3,-1
0.223214,0.231418,3,29
0.234417,0.272084,3,-1
0.179251,0.238589,3,29
0.236539,0.30243,3,-1
0.224487,0.228532,3,29
0.213624,0.22897,3,29
0.161683,0.250308,3,29
0.234077,0.263163,3,-1
0.268196,0.20457,3,38
0.189351,0.22311,3,29
0.227712,0.247859,3,29
0.201317,0.245323,3,29
0.181458,0.189878,3,-1
0.225421,0.254593,3,29
0.191048,0.265,3,29
0.162871,0.302692,3,-1
0.217443,0.242875,3,29
0.205137,0.252232,3,29
0.213369,0.20527,3,29
0.231446,0.261327,3,29
0.168133,0.289924,3,29
0.217782,0.290274,3,29
0.198941,0.217601,3,29
0.178996,0.275582,3,29
0.180609,0.273745,3,29
0.780052,0.797586,4,44
0.804325,0.788753,4,44
0.774705,0.809567,4,-1
0.772583,0.804319,4,-1
0.867893,0.799335,4,-1
0.859236,0.763479,4,44
0.812218,0.80292,4,44
0.768255,0.750886,4,44
0.753572,0.732259,4,-1
0.867214,0.7947,4,-1
0.831483,0.828719,4,44
0.850664,0.854342,4,-1
0.780391,0.826183,4,-1
0.773771,0.766278,4,44
0.791509,0.815163,4,-1
0.784125,0.797673,4,44
0.80059,0.789278,4,44
0.801015,0.794787,4,44
0.812303,0.794875,4,44
0.810011,0.790327,4,44
0.802712,0.736281,4,44
0.780646,0.786042,4,44
0.75807,0.773973,4,-1
0.819262,0.822072,4,44
0.810096,0.80808,4,44
0.768509,0.852068,4,-1
0.810011,0.750274,4,44
0.822911,0.798897,4,44
0.783107,0.798198,4,44
0.80407,0.773099,4,44
0.778015,0.748437,4,44
0.837,0.763741,4,44
0.802203,0.781407,4,44
0.772668,0.783856,4,44
0.84014,0.758932,4,44
0.813406,0.771875,4,44
0.804664,0.78508,4,44
0.787605,0.757532,4,44
0.801779,0.749924,4,44
0.753572,0.805194,4,-1
0.804325,0.792863,4,44
0.852531,0.839475,4,-1
0.853889,0.767152,4,44
0.85024,0.767414,4,44
0.776232,0.765578,4,44
0.845232,0.795924,4,44
0.812982,0.766627,4,44
0.826646,0.791639,4,44
0.800336,0.783156,4,44
0.752299,0.738205,4,-1
0.778779,0.768551,4,44
0.812133,0.807205,4,44
0.784041,0.874106,4,53
0.870269,0.760856,4,-1
0.831908,0.772049,4,44
0.808144,0.790939,4,44
0.851173,0.81289,4,-1
0.79117,0.756221,4,44
0.790236,0.780183,4,44
0.852192,0.771087,4,44
0.794649,0.783156,4,44
0.802627,0.80773,4,44
0.796517,0.758757,4,44
0.824015,0.822072,4,44
0.842007,0.769426,4,44
0.798214,0.764529,4,44
0.811793,0.794175,4,44
0.833181,0.779133,4,44
0.803137,0.742928,4,44
0.857963,0.793738,4,44
0.819686,0.704886,4,-1
0.8011,0.79881,4,44
0.792443,0.790065,4,44
0.855247,0.806418,4,-1
0.782089,0.789627,4,44
0.757561,0.812365,4,-1
0.802882,0.842624,4,-1
0.878672,0.791726,4,-1
0.839546,0.769776,4,44
0.808823,0.809042,4,44
0.789133,0.782106,4,44
0.834114,0.791814,4,44
0.810351,0.750711,4,44
0.831738,0.787791,4,44
0.825542,0.801171,4,44
0.805343,0.776072,4,44
0.800421,0.831867,4,44
0.82079,0.760593,4,44
0.817989,0.790589,4,44
0.789557,0.770913,4,44
0.751365,0.800471,4,-1
0.840819,0.741441,4,44
0.833775,0.809479,4,-1
0.806616,0.785779,4,44
0.814424,0.771087,4,44
0.796771,0.763479,4,44
0.791679,0.787179,4,44
0.803137,0.757445,4,44
0.808059,0.790065,4,44
0.83997,0.771,4,44
0.042694,0.674977,5,-1
0.106686,0.610262,5,59
0.039554,0.61516,5,59
0.089203,0.574494,5,59
0.104819,0.698327,5,-1
0.074435,0.649004,5,59
0.05517,0.624954,5,59
0.121284,0.590586,5,-1
0.070277,0.665357,5,59
0.120775,0.594521,5,-1
0.143351,0.659498,5,-1
0.074605,0.620494,5,59
0.116871,0.61481,5,59
0.126376,0.61857,5,59
0.067985,0.635361,5,59
0.065185,0.636935,5,59
0.053472,0.630027,5,59
0.080801,0.615597,5,59
0.105159,0.645943,5,59
0.115513,0.625479,5,59
0.05152,0.655038,5,59
0.047871,0.638772,5,59
0.052369,0.626266,5,59
0.12052,0.683285,5,-1
0.081734,0.610262,5,59
0.077745,0.65119,5,59
0.079782,0.625392,5,59
0.067476,0.592247,5,59
0.088609,0.597844,5,59
0.098539,0.599681,5,59
0.104565,0.638859,5,59
0.156166,0.609825,5,-1
0.096841,0.636323,5,59
0.090306,0.634574,5,59
0.090731,0.608601,5,59
0.103546,0.589886,5,-1
0.120435,0.610875,5,59
0.074945,0.620932,5,59
0.08428,0.642445,5,59
0.100576,0.668068,5,-1
0.113561,0.675764,5,-1
0.093701,0.606852,5,59
0.124255,0.572221,5,-1
0.076897,0.603441,5,59
0.069089,0.613586,5,59
0.082413,0.649179,5,59
0.050162,0.660897,5,59
0.114834,0.611049,5,59
0.061535,0.61892,5,59
0.048125,0.657574,5,59
0.11076,0.62443,5,59
0.120266,0.661247,5,59
0.092683,0.594696,5,59
0.076472,0.620407,5,59
0.062384,0.593209,5,-1
0.09421,0.646643,5,59
0.152601,0.60484,5,-1
0.133336,0.673578,5,-1
0.091749,0.65154,5,59
0.05814,0.630289,5,59
0.076133,0.624517,5,59
0.088185,0.610437,5,59
0.039129,0.67935,5,-1
0.039214,0.653551,5,59
0.120011,0.578167,5,-1
0.088948,0.562863,5,66
0.034292,0.651802,5,59
0.161258,0.621894,5,-1
0.036753,0.622243,5,59
0.053048,0.611487,5,59
0.102952,0.558753,5,66
0.09455,0.593384,5,59
0.159815,0.615422,5,-1
0.066373,0.603616,5,59
0.140125,0.620232,5,-1
0.118993,0.623118,5,59
0.129941,0.641483,5,59
0.089373,0.603441,5,59
0.072908,0.63676,5,59
0.109572,0.633875,5,59
0.104819,0.672616,5,-1
0.12086,0.636061,5,59
0.027672,0.633612,5,-1
0.100491,0.613323,5,59
0.088609,0.629065,5,59
0.121793,0.626966,5,59
0.101339,0.579217,5,-1
0.097266,0.650228,5,59
0.093022,0.667369,5,-1
0.151244,0.687046,5,-1
0.12714,0.622943,5,59
0.047616,0.666407,5,59
0.098454,0.659061,5,59
0.069852,0.633612,5,59
0.09803,0.634137,5,59
0.079528,0.552719,5,66
0.068919,0.640696,5,59
0.105583,0.604141,5,59
0.000258,0.641221,5,-1
0.135458,0.635099,5,-1
0.92917,0.259753,6,69
0.902011,0.285639,6,69
0.884358,0.264913,6,69
0.876295,0.210692,6,69
0.841753,0.241475,6,69
0.865941,0.25197,6,69
0.934856,0.25538,6,-1
0.875871,0.231331,6,69
0.900653,0.212791,6,69
0.878756,0.219437,6,69
0.850664,0.171601,6,-1
0.902011,0.215852,6,69
0.884188,0.251882,6,69
0.915675,0.28424,6,69
0.868232,0.254418,6,69
0.843535,0.216376,6,-1
0.898446,0.246548,6,69
0.888771,0.260278,6,69
0.875786,0.245673,6,69
0.884697,0.288525,6,69
0.875362,0.250046,6,69
0.870185,0.226783,6,69
0.985015,0.229582,6,-1
0.861782,0.252144,6,69
0.824269,0.228445,6,-1
0.85355,0.241825,6,69
0.924247,0.283977,6,69
0.875107,0.30173,6,-1
0.877993,0.200285,6,69
0.845317,0.218913,6,-1
0.900993,0.20597,6,69
0.835133,0.261065,6,69
0.900059,0.314498,6,-1
0.878417,0.31476,6,-1
0.880539,0.225297,6,69
0.923483,0.266574,6,69
0.890723,0.240951,6,69
0.907697,0.255643,6,69
0.858218,0.222935,6,-1
0.886395,0.31546,6,-1
0.898277,0.207456,6,69
0.878077,0.248646,6,69
0.891911,0.27051,6,69
0.853125,0.27497,6,69
0.899125,0.296395,6,69
0.911941,0.229757,6,69
0.891063,0.250395,6,69
0.884613,0.253281,6,69
0.886649,0.29246,6,69
0.912535,0.240338,6,69
0.892506,0.213053,6,69
0.843026,0.294034,6,69
0.843535,0.26089,6,69
0.916779,0.276456,6,69
0.888856,0.239202,6,69
0.878926,0.249521,6,69
0.880878,0.249696,6,69
0.904133,0.274095,6,69
0.857878,0.262989,6,69
0.888601,0.250833,6,69
0.87341,0.210167,6,69
0.914232,0.223635,6,69
0.932904,0.272521,6,69
0.855077,0.274183,6,69
0.874004,0.245061,6,69
0.894373,0.275407,6,69
0.900738,0.214452,6,69
0.900823,0.249171,6,69
0.88597,0.174137,6,-1
0.889959,0.224422,6,69
0.931801,0.260278,6,69
0.889959,0.262989,6,69
0.922295,0.257741,6,69
0.910074,0.249958,6,69
0.890893,0.224335,6,69
0.887244,0.272433,6,69
0.864244,0.260103,6,69
0.867469,0.341696,6,-1
0.923568,0.277331,6,69
0.840225,0.27462,6,69
0.878417,0.252494,6,69
0.905151,0.229757,6,69
0.926199,0.273395,6,69
0.902945,0.248209,6,69
0.885801,0.202734,6,69
0.898277,0.336973,6,-1
0.858218,0.259665,6,69
0.892336,0.242875,6,69
0.884528,0.252757,6,69
0.866705,0.228095,6,69
0.866535,0.251095,6,69
0.891063,0.257829,6,69
0.880963,0.194951,6,-1
0.875022,0.299369,6,69
0.880284,0.195388,6,-1
0.842686,0.229669,6,-1
0.855926,0.253806,6,69
0.845232,0.263688,6,69
0.868063,0.250658,6,69
0.846336,0.256692,6,69
0.628557,0.920719,7,-1
0.672011,0.893783,7,80
0.67914,0.836589,7,-1
0.647653,0.894046,7,80
0.690683,0.900255,7,80
0.749838,0.879266,7,-1
0.670314,0.913285,7,80
0.68576,0.928677,7,80
0.686779,0.922118,7,80
0.742369,0.906551,7,-1
0.689749,0.881103,7,80
0.734391,0.900517,7,-1
0.662251,0.934798,7,-1
0.638572,0.911011,7,80
0.6199,0.919494,7,-1
0.710712,0.942319,7,-1
0.694926,0.919407,7,80
0.728875,0.929901,7,80
0.671247,0.864487,7,-1
0.638657,0.924829,7,80
0.65631,0.915909,7,80
0.696708,0.919144,7,80
0.690173,0.933312,7,80
0.688137,0.882939,7,80
0.696793,0.876468,7,80
0.693738,0.895707,7,80
0.714871,0.915297,7,80
0.726328,0.863962,7,-1
0.696624,0.874981,7,80
0.633904,0.871395,7,80
0.720303,0.965932,7,-1
0.651982,0.90349,7,80
0.650454,0.933574,7,-1
0.663609,0.902966,7,80
0.665221,0.849445,7,-1
0.659959,0.865361,7,-1
0.627369,0.857753,7,-1
0.694926,0.870346,7,80
0.664203,0.919669,7,80
0.668616,0.86711,7,80
0.688137,0.914335,7,80
0.710967,0.88565,7,80
0.698406,0.876992,7,80
0.743812,0.944243,7,-1
0.655376,0.877954,7,80
0.678207,0.910224,7,80
0.674557,0.880753,7,80
0.660469,0.891335,7,80
0.69603,0.870084,7,80
0.666494,0.893696,7,80
0.678631,0.919669,7,80
0.694841,0.850144,7,-1
0.690683,0.906989,7,80
0.644343,0.918882,7,80
0.703753,0.902441,7,80
0.659535,0.976251,7,-1
0.656055,0.884076,7,80
0.691531,0.944331,7,-1
0.658007,0.876643,7,80
0.727007,0.979137,7,-1
0.716144,0.857403,7,-1
0.654443,0.991905,7,-1
0.64952,0.887749,7,80
0.646041,0.911711,7,80
0.675576,0.889411,7,80
0.699764,0.915384,7,80
0.672945,0.933749,7,-1
0.700273,0.895095,7,80
0.687458,0.905589,7,80
0.613365,0.905502,7,-1
0.65614,0.880141,7,80
0.64341,0.886,7,80
0.661402,0.922205,7,80
0.663185,0.935673,7,-1
0.673454,0.930163,7,80
0.685166,0.899817,7,80
0.676424,0.889673,7,80
0.667852,0.890985,7,80
0.715974,0.906464,7,80
0.745594,0.91346,7,-1
0.669889,0.94608,7,-1
0.668786,0.887049,7,80
0.703838,0.893696,7,80
0.67583,0.895095,7,80
0.709185,0.90349,7,80
0.684827,0.902004,7,80
0.707148,0.920019,7,80
0.698236,0.892909,7,80
0.67583,0.901829,7,80
0.674048,0.867548,7,80
0.673708,0.874544,7,80
0.685506,0.904365,7,80
0.697812,0.898593,7,80
0.656989,0.902703,7,80
0.673454,0.907688,7,80
0.638402,0.887312,7,80
0.734561,0.91757,7,-1
0.659959,0.906639,7,80
0.684572,0.880228,7,80
0.650539,0.909612,7,80
0.392022,0.547821,8,93
0.399491,0.557791,8,93
0.408827,0.576331,8,93
0.392871,0.577205,8,93
0.410185,0.576681,8,93
0.414683,0.581403,8,93
0.404413,0.545722,8,93
0.359007,0.624867,8,-1
0.404413,0.554118,8,93
0.418417,0.602741,8,93
0.468661,0.579916,8,-1
0.411373,0.540913,8,93
0.374539,0.552631,8,93
0.380055,0.502608,8,-1
0.399151,0.570734,8,93
0.43624,0.588837,8,93
0.443369,0.547559,8,-1
0.372502,0.646905,8,98
0.37369,0.557266,8,93
0.407554,0.539163,8,93
0.386081,0.592597,8,93
0.426649,0.604228,8,93
0.448376,0.582015,8,93
0.444727,0.635361,8,99
0.385148,0.597582,8,93
0.405347,0.576506,8,93
0.407978,0.604316,8,93
0.372417,0.630901,8,-1
0.452535,0.595833,8,93
0.438531,0.552544,8,-1
0.42283,0.552281,8,93
0.422236,0.608601,8,93
0.385572,0.552631,8,93
0.412476,0.540738,8,93
0.415616,0.573445,8,93
0.468745,0.503046,8,-1
0.420963,0.543274,8,93
0.376576,0.599331,8,93
0.448886,0.56916,8,93
0.367155,0.584202,8,93
0.410863,0.583677,8,93
0.486144,0.547734,8,-1
0.399491,0.613935,8,-1
0.359771,0.565749,8,-1
0.389985,0.577643,8,93
0.42614,0.535403,8,93
0.351114,0.590148,8,-1
0.419605,0.547122,8,93
0.401697,0.563563,8,93
0.358923,0.608776,8,-1
0.411882,0.573008,8,93
0.381498,0.604403,8,-1
0.389815,0.595221,8,93
0.414852,0.59697,8,93
0.412137,0.597844,8,93
0.347635,0.544148,8,-1
0.366561,0.552106,8,-1
0.441756,0.540213,8,-1
0.414937,0.540738,8,93
0.465605,0.563825,8,-1
0.478336,0.54476,8,-1
0.374369,0.583065,8,93
0.431317,0.5417,8,93
0.417823,0.543798,8,93
0.459579,0.588487,8,93
0.431742,0.565399,8,93
0.4331,0.606327,8,93
0.366731,0.581141,8,93
0.405941,0.551319,8,93
0.454657,0.583502,8,93
0.408827,0.523684,8,-1
0.45907,0.596532,8,93
0.385657,0.564962,8,93
0.369362,0.589624,8,93
0.37997,0.598894,8,93
0.387185,0.515289,8,-1
0.358838,0.594696,8,-1
0.40331,0.578167,8,93
0.388458,0.542749,8,93
0.400424,0.585076,8,93
0.407299,0.567586,8,93
0.354849,0.537065,8,-1
0.367325,0.58735,8,93
0.40679,0.596532,8,93
0.433524,0.573095,8,93
0.389815,0.562601,8,93
0.391852,0.525958,8,-1
0.378103,0.586738,8,93
0.385232,0.598544,8,93
0.398387,0.574057,8,93
0.460258,0.598369,8,93
0.428432,0.500072,8,-1
0.405517,0.635973,8,-1
0.456439,0.574407,8,93
0.395841,0.562688,8,93
0.403904,0.595221,8,93
0.379631,0.567236,8,93
0.390919,0.555867,8,93
0.368004,0.570734,8,93
0.420284,0.499722,8,-1
0.565159,0.865973,9,108
0.55421,0.82662,9,108
0.594609,0.863962,9,108
0.543432,0.874456,9,108
0.569572,0.853817,9,108
0.553786,0.808517,9,108
0.538,0.863,9,108
0.547251,0.824346,9,108
0.585952,0.813677,9,108
0.558963,0.854255,9,108
0.54445,0.833791,9,108
0.560661,0.84997,9,108
0.595118,0.846734,9,108
0.484107,0.837901,9,-1
0.50855,0.852156,9,108
0.561509,0.791114,9,108
0.638402,0.837027,9,-1
0.545638,0.829681,9,108
0.491406,0.827232,9,-1
0.559812,0.807992,9,108
0.576871,0.886175,9,108
0.561339,0.867897,9,108
0.565583,0.864837,9,108
0.589517,0.825046,9,108
0.578059,0.835977,9,108
0.542244,0.904278,9,-1
0.558624,0.830643,9,108
0.533926,0.813852,9,108
0.561085,0.847084,9,108
0.559897,0.826882,9,108
0.556077,0.878392,9,108
0.523148,0.860464,9,108
0.499214,0.820848,9,-1
0.576362,0.801259,9,108
0.549882,0.874894,9,108
0.532483,0.854517,9,108
0.552343,0.877255,9,108
0.557351,0.84035,9,108
0.571779,0.797411,9,-1
0.558539,0.838601,9,108
0.509653,0.855916,9,108
0.565498,0.794262,9,108
0.53817,0.831692,9,108
0.560151,0.851281,9,108
0.560236,0.911274,9,-1
0.577041,0.829856,9,108
0.570506,0.862213,9,108
0.543177,0.794087,9,108
0.559048,0.810878,9,108
0.550476,0.826795,9,108
0.539613,0.832392,9,108
0.587395,0.811928,9,108
0.567875,0.875156,9,108
0.533077,0.819798,9,108
0.571185,0.826882,9,108
0.548015,0.877954,9,108
0.50193,0.819099,9,108
0.619646,0.791989,9,-1
0.519753,0.824783,9,108
0.529768,0.819011,9,108
0.558793,0.841574,9,108
0.560321,0.841399,9,108
0.532993,0.847521,9,108
0.566092,0.812103,9,108
0.581454,0.865099,9,108
0.573306,0.884251,9,108
0.580351,0.824433,9,108
0.571354,0.795312,9,-1
0.548863,0.864749,9,108
0.558369,0.815863,9,108
0.563376,0.838426,9,108
0.565923,0.863612,9,108
0.545469,0.798285,9,108
0.505155,0.853468,9,108
0.521535,0.823821,9,108
0.5279,0.793738,9,-1
0.579672,0.828456,9,108
0.558708,0.838688,9,108
0.552428,0.820061,9,108
0.570166,0.872532,9,108
0.589007,0.8177,9,108
0.507786,0.826882,9,108
0.587395,0.878654,9,108
0.594609,0.827144,9,108
0.55141,0.846471,9,108
0.572203,0.863262,9,108
0.523402,0.826008,9,108
0.568469,0.810529,9,108
0.535284,0.844198,9,108
0.525609,0.853205,9,108
0.582642,0.829681,9,108
0.539188,0.848046,9,108
0.568129,0.824433,9,108
0.55769,0.873407,9,108
0.548185,0.84892,9,108
0.5509,0.838251,9,108
0.53783,0.798373,9,108
0.562528,0.851281,9,108
0.599022,0.85924,9,108
0.562697,0.837464,9,108
0.334904,0.642183,10,98
0.338044,0.676726,10,98
0.361723,0.603004,10,-1
0.360196,0.659148,10,98
0.318609,0.603179,10,-1
0.343391,0.680224,10,98
0.351114,0.693517,10,98
0.379631,0.707859,10,-1
0.290601,0.687483,10,98
0.335074,0.661859,10,98
0.306897,0.705148,10,98
0.30121,0.67384,10,98
0.354934,0.663521,10,98
0.303077,0.674278,10,98
0.310207,0.651977,10,98
0.351539,0.663171,10,98
0.351963,0.699464,10,98
0.402122,0.670692,10,99
0.303077,0.698939,10,98
0.329557,0.684684,10,98
0.362827,0.703312,10,98
0.319118,0.695091,10,98
0.287122,0.708734,10,-1
0.384129,0.659061,10,98
0.359686,0.682498,10,98
0.344664,0.667194,10,98
0.322173,0.713719,10,98
0.308255,0.644281,10,98
0.352133,0.690631,10,98
0.303841,0.660285,10,98
0.302908,0.679787,10,98
0.39041,0.660722,10,98
0.375387,0.677951,10,98
0.320985,0.65119,10,98
0.338299,0.651278,10,98
0.382432,0.682148,10,98
0.317421,0.680837,10,98
0.361384,0.647605,10,98
0.304945,0.694829,10,98
0.336092,0.685559,10,98
0.334904,0.653114,10,98
0.392701,0.640521,10,98
0.304775,0.674715,10,98
0.323362,0.713631,10,98
0.299683,0.682848,10,98
0.340675,0.654951,10,98
0.346531,0.662996,10,98
0.302314,0.692905,10,98
0.292299,0.644719,10,-1
0.364354,0.684597,10,98
0.342118,0.649529,10,98
0.376321,0.65224,10,98
0.366137,0.658624,10,98
0.302993,0.651278,10,98
0.351369,0.650403,10,98
0.342458,0.703662,10,98
0.318609,0.673141,10,98
0.343985,0.6783,10,98
0.323022,0.703312,10,98
0.349077,0.641745,10,98
0.385148,0.689144,10,98
0.347125,0.654951,10,98
0.390664,0.699202,10,98
0.335668,0.673403,10,98
0.32472,0.659148,10,98
0.368428,0.698502,10,98
0.361129,0.696316,10,98
0.312413,0.655038,10,98
0.327181,0.674977,10,98
0.372417,0.671916,10,98
0.365967,0.703399,10,98
0.359177,0.688882,10,98
0.324125,0.654163,10,98
0.306387,0.645331,10,98
0.366476,0.696665,10,98
0.337365,0.66597,10,98
0.264886,0.695266,10,119
0.312074,0.755084,10,-1
0.310207,0.672966,10,98
0.369871,0.68346,10,98
0.358753,0.681274,10,98
0.389561,0.664833,10,98
0.382601,0.703137,10,-1
0.364269,0.658011,10,98
0.387863,0.691593,10,98
0.380395,0.704973,10,-1
0.362148,0.66457,10,98
0.321155,0.599943,10,-1
0.287716,0.678738,10,98
0.323871,0.673578,10,98
0.316063,0.656612,10,98
0.366391,0.733308,10,98
0.352472,0.637897,10,98
0.316996,0.68451,10,98
0.306048,0.667894,10,98
0.326247,0.701475,10,98
0.337535,0.644019,10,98
0.331594,0.653027,10,98
0.359007,0.698677,10,98
0.335583,0.694392,10,98
0.748989,0.22311,11,10
0.713004,0.171601,11,10
0.778015,0.190053,11,10
0.75476,0.154285,11,10
0.779627,0.233954,11,-1
0.740841,0.17335,11,10
0.795668,0.201859,11,10
0.77097,0.174224,11,10
0.742963,0.189703,11,10
0.751875,0.190228,11,10
0.72845,0.180084,11,10
0.749244,0.162156,11,10
0.767151,0.13557,11,10
0.740672,0.245935,11,-1
0.783277,0.156559,11,10
0.771989,0.169065,11,10
0.730232,0.209643,11,10
0.762738,0.166878,11,10
0.720472,0.15035,11,10
0.733288,0.16924,11,10
0.775808,0.207719,11,10
0.725989,0.183932,11,10
0.716823,0.158308,11,10
0.721915,0.111608,11,6
0.748904,0.18638,11,10
0.775384,0.184369,11,10
0.742793,0.182795,11,10
0.760616,0.167578,11,10
0.769358,0.197312,11,10
0.742369,0.193376,11,10
0.756118,0.21008,11,10
0.723273,0.172913,11,10
0.727686,0.198361,11,10
0.700952,0.20116,11,10
0.720048,0.179209,11,10
0.710203,0.179996,11,10
0.786417,0.186905,11,10
0.784125,0.193551,11,10
0.770546,0.183494,11,10
0.808568,0.212703,11,-1
0.73855,0.156471,11,10
0.794649,0.185593,11,10
0.808399,0.171951,11,-1
0.703328,0.17781,11,10
0.769188,0.204745,11,10
0.749413,0.197487,11,10
0.786841,0.14624,11,10
0.700613,0.200198,11,10
0.726328,0.18262,11,10
0.696624,0.13111,11,6
0.772838,0.159357,11,10
0.75841,0.209118,11,10
0.762568,0.19154,11,10
0.70528,0.177198,11,10
0.716653,0.201947,11,10
0.775044,0.162768,11,10
0.76172,0.196875,11,10
0.792613,0.169764,11,10
0.803306,0.171251,11,-1
0.752978,0.165829,11,10
0.792952,0.194076,11,10
0.753572,0.199498,11,10
0.7551,0.240513,11,-1
0.785738,0.18638,11,10
0.761889,0.200635,11,10
0.689155,0.158833,11,-1
0.743133,0.132859,11,-1
0.736428,0.207631,11,10
0.724716,0.168103,11,10
0.714107,0.148251,11,10
0.749498,0.162243,11,10
0.750856,0.229582,11,10
0.768339,0.159882,11,10
0.704686,0.239726,11,-1
0.701801,0.228357,11,10
0.746613,0.168802,11,10
0.781664,0.182183,11,10
0.749498,0.179122,11,10
0.736428,0.160844,11,10
0.727092,0.195388,11,10
0.724801,0.226259,11,10
0.682026,0.196087,11,-1
0.809672,0.216202,11,-1
0.783786,0.183669,11,10
0.726583,0.179471,11,10
0.806192,0.155247,11,-1
0.716908,0.163118,11,10
0.809502,0.11738,11,0
0.785483,0.208418,11,10
0.770376,0.225646,11,10
0.75493,0.236665,11,-1
0.716738,0.169414,11,10
0.749838,0.119829,11,-1
0.762823,0.212179,11,10
0.734646,0.163205,11,10
0.690343,0.13557,11,-1
0.751959,0.202384,11,10
0.780476,0.21384,11,10
0.75128,0.177722,11,10
0.759598,0.175186,11,10
0.912875,0.410521,12,-1
0.849137,0.397753,12,130
0.871118,0.426875,12,130
0.809077,0.440954,12,-1
0.836236,0.43527,12,130
0.867469,0.415068,12,130
0.80093,0.429498,12,130
0.826221,0.428011,12,130
0.878502,0.386209,12,130
0.841074,0.446551,12,130
0.809332,0.469114,12,-1
0.844808,0.38962,12,130
0.822402,0.411133,12,130
0.85983,0.371605,12,130
0.795753,0.412532,12,-1
0.867384,0.411833,12,130
0.875616,0.482144,12,134
0.830974,0.409209,12,130
0.833011,0.384373,12,130
0.888007,0.432384,12,130
0.848288,0.439905,12,130
0.842517,0.455821,12,130
0.855672,0.463867,12,130
0.81069,0.415943,12,130
0.884273,0.388483,12,130
0.814849,0.428798,12,130
0.811284,0.403787,12,130
0.841668,0.43011,12,130
0.866026,0.413669,12,130
0.872815,0.431247,12,130
0.853804,0.403962,12,130
0.915845,0.384023,12,-1
0.859066,0.422152,12,130
0.885716,0.416118,12,130
0.866959,0.497973,12,134
0.87324,0.452586,12,130
0.859236,0.474798,12,-1
0.868063,0.426525,12,130
0.901756,0.415593,12,-1
0.85703,0.387521,12,130
0.855162,0.411221,12,130
0.91228,0.44008,12,-1
0.889365,0.423639,12,130
0.859066,0.438768,12,130
0.838018,0.38927,12,130
0.878502,0.43562,12,130
0.890469,0.408072,12,130
0.848288,0.399065,12,130
0.909819,0.361722,12,-1
0.893015,0.41157,12,130
0.886565,0.451099,12,130
0.826561,0.376065,12,130
0.854144,0.361285,12,-1
0.8499,0.423901,12,130
0.789472,0.37003,12,-1
0.844978,0.417167,12,130
0.808908,0.364171,12,-1
0.86679,0.38411,12,130
0.857793,0.432646,12,130
0.894797,0.403262,12,130
0.886395,0.412445,12,130
0.819941,0.400376,12,130
0.863819,0.412183,12,130
0.854908,0.408335,12,130
0.829956,0.391544,12,130
0.872476,0.410084,12,130
0.846166,0.449437,12,130
0.887838,0.423901,12,130
0.829786,0.454859,12,-1
0.863819,0.461681,12,130
0.895985,0.480221,12,134
0.825882,0.400376,12,130
0.830635,0.415856,12,130
0.854738,0.419529,12,130
0.819517,0.501996,12,-1
0.876804,0.456608,12,130
0.875956,0.368981,12,130
0.868572,0.431247,12,130
0.880199,0.427312,12,130
0.844299,0.437719,12,130
0.859236,0.409384,12,130
0.863904,0.41227,12,130
0.856351,0.370905,12,130
0.813915,0.43081,12,130
0.836151,0.388308,12,130
0.881642,0.400551,12,130
0.87621,0.443141,12,130
0.798384,0.502346,12,-1
0.876465,0.399677,12,130
0.847948,0.43046,12,130
0.844638,0.435183,12,130
0.880199,0.453985,12,130
0.86331,0.449,12,130
0.887583,0.449175,12,130
0.812727,0.382536,12,130
0.845911,0.416293,12,130
0.867469,0.438068,12,130
0.837934,0.458357,12,130
0.828768,0.399502,12,130
0.828089,0.390232,12,130
0.493103,0.240513,13,24
0.474262,0.229582,13,24
0.499723,0.277243,13,-1
0.487841,0.20116,13,24
0.495395,0.185943,13,24
0.491066,0.216289,13,24
0.424782,0.219962,13,-1
0.493867,0.195475,13,24
0.519328,0.218213,13,24
0.508974,0.259928,13,-1
0.433354,0.283015,13,-1
0.524506,0.229319,13,24
0.463314,0.180608,13,24
0.418332,0.19976,13,-1
0.456269,0.171601,13,24
0.507616,0.236665,13,-1
0.499214,0.198361,13,24
0.485635,0.207544,13,24
0.430384,0.133297,13,-1
0.410185,0.244361,13,-1
0.493443,0.205445,13,24
0.462804,0.164342,13,-1
0.508465,0.174312,13,-1
0.447867,0.222586,13,24
0.474517,0.178772,13,24
0.469085,0.311087,13,-1
0.448546,0.220137,13,24
0.468236,0.247684,13,24
0.4819,0.215065,13,24
0.474517,0.227483,13,24
0.405601,0.212878,13,-1
0.519074,0.183232,13,-1
0.429111,0.191278,13,-1
0.434542,0.15962,13,-1
0.466454,0.214715,13,24
0.435221,0.189878,13,24
0.496413,0.234916,13,24
0.483513,0.186643,13,24
0.406196,0.202209,13,-1
0.406365,0.265175,13,-1
0.514745,0.22416,13,24
0.441077,0.198624,13,24
0.496498,0.238414,13,24
0.468406,0.183057,13,24
0.49879,0.206844,13,24
0.497771,0.185856,13,24
0.443793,0.254156,13,24
0.525269,0.249433,13,-1
0.514066,0.185243,13,-1
0.452875,0.220399,13,24
0.470188,0.196437,13,24
0.469,0.196612,13,24
0.433948,0.228095,13,24
0.501675,0.216376,13,24
0.475365,0.185593,13,24
0.402716,0.223023,13,-1
0.459919,0.198624,13,24
0.482155,0.239202,13,24
0.458646,0.188916,13,24
0.443963,0.160057,13,-1
0.423764,0.237802,13,-1
0.431317,0.248209,13,-1
0.468576,0.234042,13,24
0.488181,0.198274,13,24
0.471886,0.160407,13,-1
0.4819,0.240251,13,24
0.482325,0.225209,13,24
0.464247,0.223635,13,24
0.471546,0.194601,13,24
0.474686,0.198361,13,24
0.453469,0.20903,13,24
0.446509,0.208331,13,24
0.49862,0.230631,13,24
0.474092,0.21454,13,24
0.453299,0.229319,13,24
0.454402,0.239814,13,24
0.491321,0.175886,13,24
0.469764,0.209817,13,24
0.504137,0.220662,13,24
0.443963,0.239114,13,24
0.486908,0.225034,13,24
0.486059,0.202384,13,24
0.482919,0.232468,13,24
0.490133,0.197574,13,24
0.425122,0.219087,13,-1
0.482494,0.246635,13,24
0.451092,0.231856,13,24
0.50159,0.213141,13,24
0.524675,0.257042,13,-1
0.463823,0.195475,13,24
0.468321,0.213053,13,24
0.491661,0.199673,13,24
0.484192,0.226871,13,24
0.465096,0.246635,13,24
0.444472,0.192764,13,24
0.425037,0.213316,13,-1
0.437852,0.191015,13,24
0.496159,0.185156,13,24
0.43293,0.185768,13,-1
0.466369,0.232468,13,24
0.50872,0.386471,14,27
0.552513,0.435095,14,-1
0.474601,0.404837,14,27
0.506768,0.369943,14,27
0.493358,0.424076,14,27
0.519159,0.420578,14,27
0.481561,0.381487,14,27
0.516782,0.387696,14,27
0.501081,0.429586,14,27
0.543262,0.350616,14,16
0.492679,0.363996,14,-1
0.510247,0.386646,14,27
0.528155,0.392156,14,27
0.462974,0.429586,14,27
0.486144,0.391719,14,27
0.474432,0.439468,14,27
0.478336,0.420665,14,27
0.512708,0.408859,14,27
0.505325,0.449087,14,27
0.527561,0.427837,14,27
0.532653,0.436494,14,27
0.46552,0.425125,14,27
0.494886,0.427837,14,27
0.48207,0.432297,14,27
0.476044,0.400901,14,27
0.506258,0.383148,14,27
0.499299,0.449875,14,27
0.491406,0.429498,14,27
0.46272,0.421452,14,27
0.486229,0.506894,14,-1
0.508041,0.413844,14,27
0.534775,0.415331,14,-1
0.475959,0.384023,14,27
0.489793,0.438068,14,27
0.48241,0.45862,14,27
0.498705,0.424076,14,27
0.498535,0.406498,14,27
0.519668,0.457308,14,27
0.499723,0.351141,14,-1
0.468745,0.473837,14,-1
0.475026,0.442179,14,27
0.464077,0.393555,14,-1
0.506258,0.430285,14,27
0.457882,0.425475,14,27
0.486908,0.405449,14,27
0.501421,0.417605,14,27
0.48903,0.396266,14,27
0.491406,0.43081,14,27
0.500742,0.392156,14,27
0.549797,0.396266,14,-1
0.470188,0.398015,14,27
0.528325,0.422852,14,27
0.491661,0.411308,14,27
0.502863,0.436669,14,27
0.486568,0.425038,14,27
0.537491,0.437019,14,-1
0.444303,0.410696,14,27
0.478675,0.349304,14,-1
0.512878,0.45311,14,27
0.487332,0.407635,14,27
0.494292,0.437981,14,27
0.457458,0.417167,14,27
0.522978,0.403962,14,27
0.457373,0.420753,14,27
0.505749,0.429323,14,27
0.430214,0.406848,14,-1
0.49217,0.385684,14,27
0.508804,0.419004,14,27
0.487756,0.439293,14,27
0.467982,0.38516,14,27
0.454063,0.393118,14,-1
0.485295,0.40335,14,27
0.506513,0.432909,14,27
0.491915,0.420141,14,27
0.489708,0.407635,14,27
0.532993,0.438243,14,27
0.468406,0.43151,14,27
0.553531,0.403525,14,-1
0.464756,0.442529,14,-1
0.495225,0.473749,14,-1
0.530616,0.426875,14,27
0.50159,0.400901,14,27
0.507786,0.482494,14,-1
0.483768,0.420578,14,27
0.493528,0.473049,14,-1
0.531465,0.377901,14,27
0.512454,0.444977,14,27
0.459155,0.445502,14,-1
0.496668,0.510392,14,-1
0.491661,0.446289,14,27
0.504476,0.440167,14,27
0.449904,0.467278,14,-1
0.512199,0.415068,14,27
0.457288,0.483631,14,-1
0.512454,0.470163,14,-1
0.537151,0.402125,14,-1
0.470613,0.370555,14,27
0.520601,0.395479,14,27
0.497432,0.431072,14,27
0.481137,0.436932,14,27
0.650284,0.599156,15,161
0.622446,0.61927,15,161
0.685845,0.608513,15,161
0.619306,0.557091,15,-1
0.690089,0.638422,15,-1
0.638487,0.618221,15,161
0.656734,0.613148,15,161
0.619052,0.614548,15,161
0.673454,0.624692,15,161
0.618797,0.61892,15,161
0.682365,0.584376,15,161
0.622956,0.628278,15,161
0.648756,0.582365,15,161
0.635432,0.584551,15,161
0.659959,0.637897,15,161
0.680328,0.609038,15,161
0.606321,0.605977,15,161
0.621683,0.585601,15,161
0.66641,0.561289,15,161
0.654528,0.596707,15,161
0.66276,0.561639,15,161
0.643749,0.583852,15,161
0.580435,0.612361,15,-1
0.651557,0.595395,15,161
0.66293,0.636848,15,161
0.640354,0.585688,15,161
0.677273,0.698065,15,-1
0.667004,0.585338,15,161
0.667598,0.641133,15,-1
0.657753,0.602392,15,161
0.607849,0.603266,15,161
0.622786,0.577293,15,161
0.617015,0.586563,15,161
0.613875,0.621981,15,161
0.649775,0.592947,15,161
0.680244,0.631688,15,161
0.604114,0.560852,15,-1
0.627199,0.594084,15,161
0.672181,0.602829,15,161
0.641288,0.566798,15,161
0.641967,0.583764,15,161
0.658092,0.617871,15,161
0.676934,0.621194,15,161
0.688731,0.635099,15,-1
0.643919,0.607202,15,161
0.645192,0.5863,15,161
0.591469,0.592597,15,-1
0.656904,0.610437,15,161
0.648841,0.593821,15,161
0.609801,0.593384,15,161
0.624568,0.623468,15,161
0.615063,0.615247,15,161
0.622871,0.627053,15,161
0.637554,0.589099,15,161
0.640694,0.607814,15,161
0.587734,0.598019,15,-1
0.674557,0.591373,15,161
0.619306,0.582278,15,161
0.637554,0.620582,15,161
0.672775,0.650316,15,-1
0.632546,0.627053,15,161
0.623125,0.642445,15,-1
0.667428,0.604403,15,161
0.629236,0.574319,15,161
0.591214,0.554205,15,-1
0.62338,0.594084,15,161
0.66276,0.589274,15,161
0.63976,0.621019,15,161
0.654697,0.628365,15,161
0.659875,0.638772,15,161
0.63976,0.594696,15,161
0.644428,0.553068,15,161
0.608358,0.635711,15,-1
0.672435,0.585776,15,161
0.608697,0.666057,15,-1
0.63645,0.558053,15,161
0.677782,0.589274,15,161
0.619985,0.542837,15,-1
0.654103,0.58149,15,161
0.656225,0.634662,15,161
0.672775,0.614285,15,161
0.627963,0.598019,15,161
0.643919,0.62338,15,161
0.604793,0.62338,15,161
0.620834,0.615859,15,161
0.649945,0.594696,15,161
0.665646,0.632475,15,161
0.622871,0.631688,15,161
0.614638,0.584027,15,161
0.656819,0.649004,15,161
0.682111,0.603266,15,161
0.66938,0.588924,15,161
0.677613,0.604928,15,161
0.633989,0.590498,15,161
0.637638,0.670255,15,-1
0.644004,0.66527,15,161
0.656225,0.61481,15,161
0.665646,0.653726,15,161
0.628727,0.548608,15,-1
0.62669,0.576156,15,161
0.203269,0.459669,16,170
0.244347,0.422677,16,170
0.21897,0.432909,16,170
0.245705,0.497973,16,-1
0.190284,0.419878,16,170
0.237557,0.448738,16,170
0.178657,0.443753,16,170
0.215406,0.435008,16,170
0.18341,0.470951,16,-1
0.170255,0.384198,16,-1
0.24528,0.430285,16,170
0.194358,0.442441,16,170
0.168557,0.432034,16,170
0.165926,0.463605,16,-1
0.218207,0.401688,16,170
0.216849,0.419529,16,170
0.21269,0.46203,16,170
0.17017,0.435445,16,170
0.242734,0.414369,16,170
0.207513,0.404837,16,170
0.217528,0.436757,16,170
0.176959,0.475848,16,-1
0.184089,0.433608,16,170
0.181797,0.460456,16,170
0.230683,0.451011,16,170
0.239424,0.439817,16,170
0.220244,0.428973,16,170
0.233483,0.422939,16,170
0.236624,0.443316,16,170
0.240018,0.476023,16,-1
0.186125,0.357,16,-1
0.222365,0.41638,16,170
0.210144,0.437369,16,170
0.181797,0.442966,16,170
0.177469,0.415856,16,170
0.216509,0.439293,16,170
0.231531,0.421627,16,170
0.232804,0.42224,16,170
0.165926,0.475236,16,66
0.2491,0.451274,16,170
0.202166,0.415506,16,170
0.257672,0.411745,16,170
0.201742,0.424951,16,170
0.186804,0.469202,16,-1
0.230937,0.442004,16,170
0.185616,0.417779,16,170
0.208616,0.488878,16,170
0.21269,0.436932,16,170
0.250458,0.445764,16,170
0.210823,0.39338,16,-1
0.182391,0.408772,16,170
0.194867,0.458445,16,170
0.217358,0.407635,16,170
0.235266,0.426087,16,170
0.214897,0.436844,16,170
0.247657,0.454947,16,170
0.221092,0.418129,16,170
0.206579,0.476198,16,170
0.232974,0.382536,16,-1
0.214642,0.400901,16,170
0.221432,0.468327,16,170
0.160325,0.430023,16,-1
0.223299,0.415768,16,170
0.197838,0.43903,16,170
0.214727,0.459844,16,170
0.244771,0.447251,16,170
0.24562,0.455996,16,170
0.218292,0.471563,16,170
0.208956,0.442354,16,170
0.199111,0.456171,16,170
0.218376,0.444977,16,170
0.280841,0.429323,16,178
0.207343,0.428711,16,170
0.22262,0.38892,16,-1
0.223044,0.417605,16,170
0.236199,0.478996,16,-1
0.246214,0.463255,16,170
0.172122,0.464217,16,170
0.253004,0.426437,16,170
0.19283,0.443141,16,170
0.212011,0.488529,16,170
0.220413,0.438243,16,170
0.180185,0.421103,16,170
0.211841,0.464392,16,170
0.266498,0.434133,16,170
0.159137,0.448213,16,-1
0.181373,0.454335,16,170
0.255295,0.417167,16,170
0.226524,0.455122,16,170
0.236624,0.433521,16,170
0.178827,0.44043,16,170
0.164993,0.444977,16,-1
0.24562,0.426087,16,170
0.204118,0.441042,16,170
0.201487,0.494388,16,170
0.218037,0.472087,16,170
0.235945,0.435095,16,170
0.175092,0.427574,16,170
0.190369,0.409734,16,170
0.216849,0.444365,16,170
0.298494,0.355951,17,-1
0.338638,0.382536,17,178
0.342882,0.415243,17,178
0.336092,0.472,17,-1
0.306642,0.402563,17,178
0.379716,0.37073,17,-1
0.278889,0.374053,17,178
0.313856,0.452061,17,178
0.347295,0.380525,17,178
0.345173,0.433084,17,178
0.32786,0.421627,17,178
0.310631,0.415768,17,178
0.356037,0.390057,17,178
0.310122,0.408947,17,178
0.323107,0.429061,17,178
0.312413,0.383323,17,178
0.322683,0.4497,17,178
0.296967,0.465354,17,-1
0.371399,0.436932,17,-1
0.302229,0.415068,17,178
0.327011,0.371605,17,178
0.334225,0.411745,17,178
0.296033,0.433433,17,-1
0.365967,0.418304,17,178
0.307321,0.416468,17,178
0.283727,0.396878,17,178
0.293063,0.395042,17,178
0.326417,0.43597,17,178
0.315299,0.354114,17,-1
0.280162,0.411658,17,178
0.326417,0.39749,17,178
0.305454,0.405711,17,178
0.349841,0.37624,17,178
0.373181,0.399065,17,-1
0.292893,0.403,17,178
0.351199,0.365221,17,-1
0.379207,0.417954,17,-1
0.296882,0.4253,17,178
0.335753,0.3793,17,178
0.341524,0.407023,17,178
0.377849,0.41227,17,-1
0.312328,0.436932,17,178
0.318015,0.439643,17,178
0.318354,0.433958,17,178
0.324295,0.43011,17,178
0.358328,0.428099,17,178
0.305114,0.449175,17,178
0.364354,0.407722,17,178
0.32124,0.41673,17,178
0.329472,0.450049,17,178
0.319882,0.454335,17,178
0.339148,0.43527,17,-1
0.286867,0.399939,17,178
0.335668,0.381924,17,178
0.311904,0.415593,17,178
0.302993,0.39819,17,178
0.369446,0.386996,17,-1
0.27821,0.412795,17,178
0.356801,0.404487,17,178
0.309103,0.36146,17,-1
0.369277,0.459144,17,-1
0.290686,0.386734,17,178
0.305454,0.398627,17,178
0.329387,0.405536,17,178
0.35417,0.410783,17,178
0.313686,0.380087,17,178
0.315554,0.404924,17,178
0.303162,0.364521,17,-1
0.286697,0.401163,17,178
0.319288,0.386821,17,178
0.353576,0.379738,17,178
0.321664,0.456958,17,178
0.326332,0.387696,17,178
0.316402,0.359973,17,-1
0.318439,0.393643,17,178
0.338469,0.368456,17,178
0.28814,0.447513,17,-1
0.32438,0.40851,17,178
0.371653,0.442441,17,-1
0.339317,0.348167,17,-1
0.266753,0.410084,17,178
0.289328,0.412882,17,178
0.342118,0.445065,17,-1
0.327011,0.389532,17,178
0.302483,0.358662,17,-1
0.343985,0.416817,17,178
0.325993,0.396966,17,178
0.35069,0.407198,17,178
0.341015,0.447688,17,-1
0.312159,0.406148,17,178
0.360705,0.421977,17,178
0.33448,0.400464,17,178
0.388203,0.373179,17,-1
0.333631,0.415418,17,178
0.313856,0.416118,17,178
0.270232,0.372217,17,178
0.329727,0.447601,17,178
0.309358,0.384635,17,178
0.282199,0.394167,17,178
0.333801,0.430373,17,178
0.88928,0.518,18,134
0.894458,0.484681,18,134
0.921701,0.497361,18,134
0.940712,0.498935,18,-1
0.949114,0.485293,18,-1
0.931716,0.549658,18,134
0.882406,0.532517,18,134
0.875446,0.546947,18,134
0.918731,0.554817,18,134
0.878247,0.502783,18,134
0.885207,0.507331,18,134
0.935111,0.555255,18,134
0.852192,0.493776,18,-1
0.92569,0.519399,18,134
0.931546,0.488966,18,134
0.872476,0.518787,18,134
0.935875,0.57773,18,-1
0.900908,0.546859,18,134
0.916524,0.502958,18,134
0.891742,0.491677,18,134
0.884782,0.569947,18,-1
0.924841,0.469464,18,134
0.892845,0.519662,18,134
0.913299,0.512403,18,134
0.882661,0.575019,18,-1
0.893779,0.553593,18,134
0.84693,0.567236,18,-1
0.916354,0.505582,18,134
0.892421,0.508555,18,134
0.918391,0.557004,18,134
0.936893,0.541962,18,134
0.891063,0.537152,18,134
0.934092,0.548783,18,134
0.907867,0.55884,18,134
0.861697,0.560414,18,-1
0.894288,0.558578,18,134
0.889196,0.512665,18,134
0.889026,0.513015,18,134
0.939269,0.492639,18,-1
0.913978,0.467715,18,134
0.921956,0.48573,18,134
0.915336,0.571783,18,-1
0.849221,0.541787,18,-1
0.874768,0.554992,18,134
0.926454,0.540125,18,134
0.922295,0.502696,18,134
0.88003,0.470776,18,134
0.863904,0.478734,18,-1
0.895306,0.495437,18,134
0.941391,0.548259,18,134
0.889535,0.550532,18,134
0.872731,0.529456,18,134
0.89938,0.60143,18,-1
0.878841,0.525259,18,134
0.890723,0.460369,18,130
0.950897,0.523859,18,-1
0.948351,0.538376,18,134
0.875107,0.53549,18,134
0.903284,0.540213,18,134
0.906085,0.524559,18,134
0.930613,0.552719,18,134
0.930528,0.533304,18,134
0.973897,0.523247,18,-1
0.950133,0.489228,18,-1
0.89972,0.511004,18,134
0.908207,0.506894,18,134
0.894882,0.514677,18,134
0.88631,0.477947,18,134
0.916779,0.500947,18,134
0.877229,0.518787,18,134
0.845232,0.516163,18,-1
0.858472,0.46649,18,130
0.906594,0.453722,18,-1
0.886649,0.548084,18,134
0.858133,0.52762,18,-1
0.891232,0.529981,18,134
0.874852,0.559715,18,134
0.911517,0.579042,18,-1
0.84048,0.540738,18,-1
0.854483,0.512665,18,-1
0.897089,0.569947,18,-1
0.89921,0.537414,18,134
0.90931,0.485205,18,134
0.904218,0.508992,18,134
0.927897,0.54546,18,134
0.913638,0.500859,18,134
0.908546,0.488004,18,134
0.898786,0.50427,18,134
0.890214,0.524384,18,134
0.907613,0.521148,18,134
0.910074,0.503133,18,134
0.926793,0.500859,18,134
0.882661,0.583939,18,-1
0.864838,0.548259,18,-1
0.849476,0.538202,18,-1
0.894288,0.578954,18,-1
0.846166,0.544848,18,-1
0.89624,0.529806,18,134
0.913044,0.542924,18,134
0.844638,0.533567,18,-1
0.327435,0.170639,19,38
0.339148,0.151312,19,38
0.317675,0.192939,19,38
0.306218,0.176586,19,38
0.300871,0.174487,19,38
0.31114,0.165217,19,38
0.284321,0.12184,19,-1
0.372756,0.110996,19,-1
0.319797,0.20116,19,38
0.324804,0.174487,19,38
0.338723,0.183757,19,38
0.329812,0.169764,19,38
0.293148,0.153236,19,-1
0.320476,0.230631,19,38
0.360705,0.144316,19,38
0.335668,0.154635,19,38
0.341609,0.194863,19,38
0.337111,0.144928,19,38
0.279483,0.160844,19,-1
0.316402,0.141255,19,38
0.313686,0.179034,19,38
0.346871,0.187255,19,38
0.278889,0.202297,19,38
0.295269,0.211304,19,38
0.346956,0.16338,19,38
0.309443,0.166616,19,38
0.354679,0.198973,19,38
0.333801,0.120179,19,-1
0.280417,0.198886,19,38
0.295015,0.235878,19,-1
0.304435,0.170814,19,38
0.313007,0.179034,19,38
0.348229,0.173437,19,38
0.28186,0.169764,19,38
0.316232,0.121403,19,-1
0.338044,0.176673,19,38
0.313941,0.206407,19,38
0.283218,0.185943,19,38
0.371144,0.143791,19,-1
0.29179,0.137057,19,-1
0.260642,0.157783,19,-1
0.298494,0.223373,19,38
0.298155,0.198274,19,38
0.286867,0.181308,19,38
0.317166,0.157608,19,38
0.333376,0.180084,19,38
0.365797,0.165392,19,38
0.351963,0.185768,19,38
0.351114,0.235266,19,-1
0.27193,0.174487,19,38
0.301889,0.180696,19,38
0.270232,0.147376,19,-1
0.310461,0.20973,19,38
0.325738,0.143878,19,38
0.30469,0.234916,19,-1
0.335583,0.193376,19,38
0.373096,0.15997,19,-1
0.26862,0.180608,19,38
0.329897,0.202034,19,38
0.32107,0.20081,19,38
0.322428,0.20011,19,38
0.289838,0.169939,19,38
0.269893,0.140905,19,-1
0.24859,0.170901,19,-1
0.312668,0.1723,19,38
0.254277,0.207456,19,-1
0.322768,0.207719,19,38
0.303077,0.134084,19,38
0.334734,0.169939,19,38
0.257672,0.192852,19,-1
0.344325,0.170376,19,38
0.329642,0.131897,19,-1
0.341185,0.154198,19,38
0.319033,0.139418,19,38
0.226609,0.184281,19,-1
0.300107,0.138369,19,38
0.319118,0.196262,19,38
0.332697,0.172038,19,38
0.26862,0.161894,19,-1
0.328793,0.172125,19,38
0.298664,0.190665,19,38
0.325908,0.154285,19,38
0.30172,0.202471,19,38
0.331424,0.212441,19,38
0.280162,0.196525,19,38
0.328114,0.165829,19,38
0.343052,0.215502,19,-1
0.279483,0.185856,19,38
0.313517,0.14519,19,38
0.33728,0.159357,19,38
0.311649,0.194338,19,38
0.323616,0.185418,19,38
0.312328,0.129274,19,-1
0.295439,0.13557,19,-1
0.312923,0.179034,19,38
0.297052,0.186905,19,38
0.323362,0.171251,19,38
0.335244,0.225646,19,-1
0.337959,0.153411,19,38
0.278635,0.119392,19,-1
0.053982,0.93235,20,209
0.052708,0.885825,20,209
0.09803,0.886087,20,209
0.126207,0.89903,20,209
0.057037,0.897369,20,209
0.062723,0.862213,20,-1
0.08759,0.917133,20,209
0.07138,0.887924,20,209
0.074096,0.973365,20,-1
0.159646,0.940221,20,-1
0.06807,0.878829,20,209
0.102443,0.898243,20,209
0.110421,0.932,20,209
0.092428,0.916783,20,209
0.073926,0.878392,20,209
0.068919,0.94573,20,209
0.124255,0.880753,20,209
0.127734,0.907163,20,209
0.145727,0.938996,20,-1
0.121708,0.889848,20,209
0.15676,0.922905,20,209
0.075284,0.893871,20,209
0.085808,0.943019,20,209
0.085299,0.912323,20,209
0.139531,0.907251,20,209
0.105753,0.931475,20,209
0.102188,0.886787,20,209
0.128668,0.89492,20,209
0.086996,0.906814,20,209
0.080886,0.906989,20,209
0.088609,0.9097,20,209
0.046089,0.897281,20,209
0.096926,0.888886,20,209
0.093446,0.904977,20,209
0.090476,0.91792,20,209
0.11059,0.944243,20,-1
0.075199,0.91416,20,209
0.090646,0.890285,20,209
0.038111,0.875243,20,209
0.096502,0.914335,20,209
0.031321,0.850232,20,-1
0.113985,0.856966,20,-1
0.121199,0.921506,20,209
0.045494,0.936373,20,-1
0.082583,0.911711,20,209
0.108554,0.903403,20,209
0.063742,0.958848,20,-1
0.101255,0.926316,20,209
0.063657,0.916521,20,209
0.078764,0.910137,20,209
0.110675,0.896669,20,209
0.116701,0.888711,20,209
0.071295,0.92789,20,209
0.102613,0.921593,20,209
0.081055,0.89903,20,209
0.136306,0.930688,20,209
0.064421,0.911449,20,209
0.070107,0.937947,20,209
0.093956,0.972403,20,-1
0.053048,0.897631,20,209
0.098199,0.911274,20,209
0.136561,0.917395,20,209
0.079867,0.907513,20,209
0.055849,0.896494,20,209
0.04159,0.896407,20,209
0.067391,0.862038,20,-1
0.067561,0.875681,20,209
0.11059,0.971703,20,-1
0.07783,0.892209,20,209
0.124339,0.898156,20,209
0.13062,0.890985,20,209
0.118399,0.919582,20,209
0.111694,0.919319,20,209
0.124424,0.903753,20,209
0.113391,0.923605,20,209
0.087081,0.921943,20,209
0.061535,0.920806,20,209
0.126037,0.877779,20,209
0.06807,0.890548,20,209
0.061111,0.942144,20,-1
0.084875,0.925703,20,209
0.126631,0.902529,20,209
0.111694,0.883551,20,209
0.126122,0.913635,20,209
0.024192,0.883289,20,-1
0.124,0.872095,20,209
0.079358,0.907601,20,209
0.15014,0.907338,20,209
0.101424,0.893696,20,209
0.096247,0.911186,20,209
0.099303,0.950103,20,209
0.097351,0.897369,20,209
0.08148,0.905502,20,209
0.055,0.917308,20,209
0.071974,0.923167,20,209
0.093107,0.896232,20,209
0.104734,0.918445,20,209
0.11076,0.916521,20,209
0.134779,0.883551,20,-1
0.054066,0.846471,20,-1
0.216679,0.649354,21,119
0.250712,0.741441,21,221
0.249863,0.64603,21,119
0.211162,0.703924,21,119
0.218207,0.661597,21,119
0.19928,0.667019,21,119
0.219989,0.673228,21,119
0.213114,0.612099,21,-1
0.157439,0.623643,21,-1
0.239255,0.666757,21,119
0.227458,0.68827,21,119
0.208446,0.682148,21,119
0.220159,0.646118,21,119
0.166181,0.626529,21,-1
0.211417,0.73497,21,-1
0.232889,0.694129,21,119
0.234587,0.696753,21,119
0.17017,0.71643,21,-1
0.222535,0.707684,21,119
0.222196,0.668681,21,119
0.224572,0.585863,21,-1
0.23917,0.683635,21,119
0.193764,0.684684,21,119
0.211502,0.662297,21,119
0.218886,0.634399,21,119
0.196734,0.645506,21,119
0.18638,0.646293,21,119
0.199705,0.671042,21,119
0.205052,0.669905,21,119
0.229325,0.679787,21,119
0.181033,0.698589,21,119
0.24859,0.683985,21,119
0.176111,0.700426,21,-1
0.22228,0.629065,21,-1
0.216085,0.687133,21,119
0.223554,0.632038,21,-1
0.181882,0.658624,21,119
0.241546,0.692992,21,119
0.227797,0.672441,21,119
0.181373,0.676726,21,119
0.211841,0.711795,21,119
0.219055,0.649616,21,119
0.182561,0.661772,21,119
0.172207,0.642532,21,119
0.24562,0.686521,21,119
0.227033,0.701563,21,119
0.236624,0.651365,21,119
0.192321,0.687395,21,119
0.25903,0.63851,21,119
0.242055,0.659586,21,119
0.242734,0.643494,21,119
0.26217,0.675065,21,119
0.222026,0.61376,21,-1
0.217867,0.70611,21,119
0.261066,0.640259,21,119
0.171867,0.625916,21,-1
0.175686,0.638947,21,119
0.228137,0.717129,21,119
0.20972,0.690631,21,119
0.241716,0.702612,21,-1
0.196734,0.655913,21,119
0.187908,0.599243,21,-1
0.202675,0.666319,21,119
0.192151,0.700513,21,-1
0.175941,0.634662,21,119
0.249779,0.629939,21,-1
0.210483,0.671567,21,119
0.210738,0.677776,21,119
0.175007,0.703224,21,-1
0.213793,0.657837,21,119
0.135118,0.676202,21,-1
0.244771,0.672441,21,119
0.220074,0.677251,21,119
0.203439,0.662034,21,119
0.183325,0.598281,21,-1
0.189945,0.621019,21,-1
0.250288,0.680312,21,119
0.213708,0.634137,21,119
0.207004,0.697015,21,119
0.228052,0.678125,21,119
0.230937,0.65565,21,119
0.257502,0.602916,21,-1
0.241376,0.735932,21,221
0.238406,0.656087,21,119
0.203269,0.643932,21,119
0.218886,0.681099,21,119
0.230768,0.686346,21,119
0.180863,0.69719,21,119
0.204797,0.657049,21,119
0.182137,0.722551,21,-1
0.176111,0.666669,21,119
0.194103,0.647867,21,119
0.203694,0.608338,21,-1
0.25903,0.665445,21,119
0.272015,0.633875,21,-1
0.207937,0.697015,21,119
0.243413,0.684422,21,119
0.233738,0.675327,21,119
0.21252,0.657837,21,119
0.189181,0.632125,21,-1
0.417483,0.906202,22,230
0.421303,0.907863,22,230
0.454148,0.928502,22,230
0.427074,0.831605,22,230
0.417993,0.90419,22,230
0.379122,0.886525,22,230
0.42317,0.842624,22,230
0.42283,0.878304,22,230
0.417314,0.853555,22,230
0.415701,0.895882,22,230
0.387948,0.87708,22,230
0.421557,0.872882,22,230
0.387015,0.847958,22,230
0.381413,0.853817,22,230
0.427074,0.884601,22,230
0.463908,0.881627,22,-1
0.398897,0.867373,22,230
0.400085,0.815251,22,230
0.405941,0.837901,22,230
0.438446,0.872357,22,-1
0.40679,0.820935,22,230
0.439974,0.858715,22,230
0.409845,0.938384,22,-1
0.389815,0.905152,22,230
0.462974,0.863525,22,230
0.436749,0.904278,22,230
0.41655,0.911886,22,230
0.426904,0.819186,22,230
0.471886,0.884951,22,-1
0.375472,0.951327,22,-1
0.374454,0.879878,22,230
0.437089,0.806156,22,-1
0.419181,0.848308,22,230
0.425292,0.916433,22,230
0.369192,0.839563,22,230
0.444303,0.911624,22,230
0.374963,0.884601,22,230
0.411288,0.861076,22,230
0.387015,0.852768,22,230
0.421133,0.846559,22,230
0.436749,0.907688,22,230
0.41638,0.860901,22,230
0.385742,0.859414,22,230
0.391004,0.870521,22,230
0.409251,0.83449,22,230
0.381583,0.881015,22,230
0.412052,0.885563,22,230
0.39041,0.907951,22,230
0.517122,0.873844,22,-1
0.430299,0.882764,22,230
0.427074,0.879179,22,230
0.402292,0.884688,22,230
0.378103,0.881977,22,230
0.378697,0.880053,22,230
0.468491,0.812977,22,-1
0.436494,0.904015,22,230
0.450838,0.916171,22,230
0.430554,0.838338,22,230
0.360196,0.868247,22,-1
0.409421,0.880665,22,230
0.397878,0.877167,22,230
0.382262,0.908563,22,230
0.418332,0.884951,22,230
0.415786,0.84997,22,230
0.434458,0.915384,22,230
0.417399,0.847521,22,230
0.415446,0.830468,22,230
0.42283,0.84997,22,230
0.391089,0.891684,22,230
0.412985,0.850582,22,230
0.43259,0.858802,22,230
0.408232,0.905065,22,230
0.404244,0.87157,22,230
0.403734,0.857141,22,230
0.428262,0.897631,22,230
0.412815,0.947217,22,-1
0.379122,0.882939,22,230
0.389985,0.883989,22,230
0.412561,0.906202,22,230
0.442266,0.883814,22,-1
0.402716,0.84516,22,230
0.412985,0.870521,22,230
0.429111,0.869209,22,230
0.434712,0.83965,22,230
0.451941,0.860901,22,230
0.460768,0.85784,22,230
0.389476,0.87673,22,230
0.374878,0.925354,22,230
0.387779,0.891684,22,230
0.381244,0.918445,22,230
0.430044,0.852768,22,230
0.376321,0.818837,22,-1
0.414004,0.837114,22,230
0.365627,0.869734,22,-1
0.381923,0.867285,22,230
0.438107,0.866411,22,230
0.39007,0.897456,22,230
0.400509,0.921943,22,230
0.401867,0.857928,22,230
0.427328,0.907076,22,230
0.794649,0.916871,23,53
0.82707,0.924392,23,53
0.855332,0.92649,23,53
0.77131,0.884863,23,53
0.830804,0.896057,23,53
0.814255,0.967681,23,-1
0.823675,0.892559,23,53
0.79397,0.943631,23,-1
0.830974,0.872882,23,53
0.800336,0.902266,23,53
0.836151,0.883376,23,53
0.806701,0.866411,23,-1
0.844129,0.950278,23,53
0.877993,0.931038,23,-1
0.792018,0.881015,23,53
0.822742,0.895357,23,53
0.953018,0.875331,23,-1
0.843196,0.888711,23,53
0.856266,0.855042,23,-1
0.779797,0.864399,23,-1
0.831653,0.908563,23,53
0.841838,0.954125,23,53
0.857624,0.944681,23,53
0.822232,0.861513,23,-1
0.809502,0.919757,23,53
0.826391,0.888099,23,53
0.799911,0.917133,23,53
0.822572,0.907338,23,53
0.813066,0.933487,23,53
0.755524,0.938034,23,-1
0.850919,0.945992,23,53
0.780815,0.893171,23,53
0.833266,0.975726,23,-1
0.798469,0.992255,23,-1
0.859406,0.925529,23,53
0.783362,0.901829,23,53
0.809926,0.908125,23,53
0.844044,0.903228,23,53
0.808059,0.903753,23,53
0.844808,0.942232,23,53
0.815358,0.916521,23,53
0.798638,0.950278,23,-1
0.789642,0.944856,23,-1
0.855247,0.951589,23,53
0.840819,0.913985,23,53
0.852192,0.8867,23,53
0.750007,0.971354,23,-1
0.838358,0.994441,23,-1
0.783616,0.942669,23,-1
0.81383,0.950977,23,53
0.822996,0.93681,23,53
0.787775,0.90524,23,53
0.869251,0.962433,23,-1
0.828004,0.918532,23,53
0.862122,0.950365,23,53
0.826137,0.925441,23,53
0.871288,0.918008,23,-1
0.823845,0.905677,23,53
0.830889,0.89011,23,53
0.836576,0.897631,23,53
0.854738,0.888536,23,53
0.813915,0.94162,23,53
0.819177,0.96497,23,53
0.821723,0.966719,23,-1
0.793376,0.912061,23,53
0.866535,0.970916,23,-1
0.834369,0.959722,23,53
0.810181,0.89046,23,53
0.790406,0.927715,23,53
0.769188,0.901392,23,53
0.835303,0.916521,23,53
0.831314,0.925878,23,53
0.812048,0.874019,23,53
0.835472,0.936985,23,53
0.848118,0.92238,23,53
0.921277,0.973015,23,-1
0.864583,0.934711,23,53
0.851004,0.886175,23,53
0.842856,0.929027,23,53
0.773007,0.924217,23,53
0.83386,0.816738,23,-1
0.811793,0.900867,23,53
0.840225,0.890722,23,53
0.851852,0.944156,23,53
0.831399,0.919669,23,53
0.893354,0.888186,23,-1
0.833266,0.895357,23,53
0.782089,0.889498,23,53
0.80093,0.910837,23,53
0.808823,0.810004,23,44
0.825118,0.899293,23,53
0.829701,0.978612,23,-1
0.787605,0.910574,23,53
0.803306,0.880316,23,53
0.787011,0.890023,23,53
0.829192,0.934973,23,53
0.793801,0.901304,23,53
0.807889,0.952202,23,53
0.820705,0.886175,23,53
0.788624,0.909787,23,53
0.877568,0.732783,24,249
0.855162,0.714681,24,249
0.877399,0.67524,24,249
0.878756,0.690544,24,249
0.897258,0.769426,24,-1
0.893948,0.694829,24,249
0.902351,0.680399,24,249
0.89972,0.675852,24,249
0.887753,0.713544,24,249
0.890893,0.693867,24,249
0.887159,0.708821,24,249
0.864923,0.74354,24,44
0.829277,0.687308,24,-1
0.86297,0.679262,24,249
0.885207,0.694479,24,249
0.8931,0.670255,24,249
0.912026,0.707947,24,249
0.862037,0.712144,24,249
0.893948,0.648392,24,249
0.873325,0.670342,24,249
0.88003,0.722639,24,249
0.871458,0.716605,24,249
0.875616,0.702,24,249
0.914911,0.753859,24,-1
0.874937,0.699989,24,249
0.894542,0.687745,24,249
0.878417,0.649441,24,249
0.911007,0.696403,24,249
0.834878,0.678475,24,249
0.854568,0.662384,24,-1
0.877314,0.699464,24,249
0.88317,0.666232,24,249
0.890044,0.644719,24,249
0.886904,0.69238,24,249
0.859321,0.733833,24,44
0.901247,0.639996,24,-1
0.856096,0.610262,24,-1
0.843959,0.73497,24,44
0.865601,0.681973,24,249
0.861867,0.691593,24,249
0.921362,0.687046,24,249
0.9161,0.716605,24,249
0.860849,0.699551,24,249
0.872137,0.694916,24,249
0.869336,0.711357,24,249
0.867469,0.679,24,249
0.894373,0.713019,24,249
0.817055,0.737156,24,44
0.902266,0.642183,24,-1
0.918561,0.716167,24,249
0.871288,0.715205,24,249
0.898107,0.707247,24,249
0.845742,0.660985,24,-1
0.879011,0.658099,24,249
0.878077,0.682848,24,249
0.849221,0.742141,24,44
0.895561,0.700076,24,249
0.898616,0.690544,24,249
0.860594,0.68346,24,249
0.881642,0.672354,24,249
0.854399,0.73908,24,44
0.898701,0.652327,24,249
0.87655,0.718791,24,249
0.882745,0.71162,24,249
0.893269,0.709696,24,249
0.89624,0.683985,24,249
0.910583,0.680224,24,249
0.864244,0.696928,24,249
0.83038,0.723513,24,-1
0.891487,0.681711,24,249
0.904557,0.708909,24,249
0.860424,0.679612,24,249
0.890129,0.714768,24,249
0.898786,0.720452,24,249
0.847524,0.695966,24,249
0.920173,0.71949,24,249
0.878417,0.745464,24,-1
0.929594,0.727798,24,249
0.886734,0.71127,24,249
0.87324,0.663521,24,249
0.931461,0.676639,24,249
0.901077,0.711183,24,249
0.875446,0.666932,24,249
0.856605,0.66938,24,249
0.832926,0.716779,24,-1
0.904727,0.679525,24,249
0.898956,0.621194,24,-1
0.876804,0.675065,24,249
0.944701,0.693255,24,-1
0.890978,0.717829,24,249
0.930018,0.672616,24,249
0.8931,0.690019,24,249
0.872646,0.676027,24,249
0.885631,0.667719,24,249
0.866026,0.71984,24,249
0.872221,0.745639,24,-1
0.902605,0.773274,24,-1
0.862037,0.719141,24,249
0.826137,0.703049,24,-1
0.842007,0.714506,24,249
0.729893,0.032289,25,-1
0.713852,0.08065,25,6
0.708251,0.091494,25,6
0.741096,0.095342,25,6
0.676,0.078464,25,6
0.644683,0.089483,25,-1
0.74831,0.052141,25,6
0.697897,0.129099,25,6
0.686439,0.067882,25,6
0.73872,0.02503,25,-1
0.680413,0.077589,25,6
0.716908,0.06281,25,6
0.697982,0.058262,25,6
0.712664,0.035787,25,6
0.684572,0.038061,25,6
0.725649,0.090183,25,6
0.699849,0.087559,25,6
0.729723,0.0343,25,6
0.634159,0.094817,25,-1
0.667852,0.059487,25,6
0.7119,0.104437,25,6
0.708421,0.09097,25,6
0.709779,0.086772,25,6
0.739823,0.035787,25,6
0.740332,0.031152,25,-1
0.711731,0.081525,25,6
0.661996,0.07584,25,-1
0.69221,0.113795,25,6
0.711052,0.06351,25,6
0.710627,0.091407,25,6
0.675576,0.044707,25,6
0.687627,0.059749,25,6
0.677952,0.032726,25,-1
0.729214,0.104262,25,6
0.723273,0.062285,25,6
0.686609,0.05284,25,6
0.717587,0.092456,25,6
0.684572,0.006753,25,-1
0.761635,0.093418,25,6
0.713004,0.037011,25,6
0.679649,0.084323,25,6
0.673708,0.044882,25,6
0.713768,0.063859,25,6
0.763672,0.063859,25,6
0.721576,0.098141,25,6
0.725734,0.040597,25,6
0.696454,0.014973,25,-1
0.698151,0.080738,25,6
0.69221,0.067095,25,6
0.681092,0.103825,25,6
0.75162,0.087646,25,6
0.732609,0.071992,25,6
0.711052,0.078814,25,6
0.726244,0.051091,25,6
0.741011,0.119829,25,-1
0.72828,0.120354,25,6
0.732863,0.085198,25,6
0.700018,0.018471,25,-1
0.746103,0.073042,25,6
0.743642,0.055901,25,6
0.742284,0.084148,25,6
0.706893,0.079163,25,6
0.701207,0.038061,25,6
0.69221,0.082137,25,6
0.69917,0.116156,25,6
0.643579,0.070943,25,-1
0.700273,0.057913,25,6
0.699934,0.043658,25,6
0.707487,0.059662,25,6
0.702055,0.064821,25,6
0.6889,0.032551,25,-1
0.712494,0.069281,25,6
0.724801,0.082662,25,6
0.636535,0.134259,25,-1
0.742454,0.057388,25,6
0.698915,0.125513,25,6
0.724546,0.083186,25,6
0.750941,0.056601,25,6
0.766303,0.144578,25,10
0.658686,0.060449,25,-1
0.721151,0.014798,25,-1
0.714277,0.086684,25,6
0.714786,0.07138,25,6
0.699594,0.04497,25,6
0.72862,0.114144,25,6
0.752469,0.053977,25,6
0.774026,0.101726,25,-1
0.71572,0.087646,25,6
0.697982,0.090183,25,6
0.695096,0.064559,25,6
0.729044,0.060099,25,6
0.719199,0.102163,25,6
0.713089,0.073392,25,6
0.712919,0.064909,25,6
0.676424,0.086947,25,6
0.696199,0.097703,25,6
0.694587,0.107935,25,6
0.714277,0.081525,25,6
0.68941,0.003517,25,-1
0.677273,0.071992,25,6
0.737531,0.50016,26,264
0.756203,0.48538,26,264
0.737786,0.44043,26,264
0.836915,0.445502,26,130
0.724037,0.46719,26,264
0.696284,0.476023,26,264
0.721151,0.413319,26,-1
0.703159,0.470163,26,264
0.772413,0.520886,26,-1
0.717332,0.467977,26,264
0.764266,0.499635,26,264
0.737871,0.47751,26,264
0.700528,0.468764,26,264
0.743048,0.445414,26,264
0.734476,0.445065,26,264
0.695775,0.445414,26,-1
0.730572,0.4943,26,264
0.693993,0.451536,26,-1
0.722339,0.441304,26,264
0.739399,0.493601,26,264
0.755185,0.456958,26,264
0.759343,0.458882,26,264
0.742708,0.461331,26,264
0.703498,0.454772,26,264
0.743982,0.474624,26,264
0.724631,0.466403,26,264
0.701631,0.46754,26,264
0.749159,0.483981,26,264
0.69238,0.519049,26,-1
0.736852,0.43562,26,264
0.740332,0.466928,26,264
0.743897,0.47751,26,264
0.786332,0.472262,26,264
0.747801,0.440867,26,264
0.693993,0.446289,26,-1
0.751705,0.481532,26,264
0.73872,0.483631,26,264
0.695605,0.444015,26,-1
0.739314,0.443578,26,264
0.654613,0.512316,26,-1
0.750262,0.53584,26,-1
0.756458,0.558665,26,-1
0.745,0.48162,26,264
0.763077,0.500772,26,264
0.752723,0.482319,26,264
0.759258,0.498673,26,264
0.729129,0.473399,26,264
0.750262,0.430635,26,264
0.707402,0.470076,26,264
0.707317,0.516338,26,-1
0.789812,0.4483,26,-1
0.730911,0.444278,26,264
0.709185,0.461156,26,264
0.781494,0.44043,26,-1
0.754421,0.486342,26,264
0.759089,0.529019,26,264
0.72531,0.495437,26,264
0.761041,0.440954,26,264
0.746613,0.480221,26,264
0.710712,0.50392,26,-1
0.740332,0.425563,26,264
0.776827,0.516426,26,-1
0.784041,0.495087,26,264
0.743048,0.455297,26,264
0.71886,0.465529,26,264
0.713173,0.430722,26,-1
0.739568,0.513802,26,264
0.717926,0.476198,26,264
0.740162,0.432646,26,264
0.74203,0.494738,26,264
0.741096,0.463779,26,264
0.744576,0.470338,26,264
0.679055,0.514502,26,-1
0.743472,0.487392,26,264
0.745085,0.443316,26,264
0.733118,0.541787,26,-1
0.739144,0.470776,26,264
0.741351,0.556042,26,-1
0.732439,0.493951,26,264
0.69883,0.474099,26,264
0.78107,0.490715,26,264
0.742963,0.496924,26,264
0.687882,0.471563,26,264
0.689494,0.481183,26,264
0.762059,0.461681,26,264
0.736428,0.475411,26,264
0.748904,0.459407,26,264
0.739823,0.420316,26,264
0.746782,0.464567,26,264
0.747037,0.428536,26,264
0.780646,0.489053,26,264
0.734137,0.450137,26,264
0.796262,0.541525,26,-1
0.757391,0.511441,26,264
0.727856,0.445589,26,264
0.746697,0.466753,26,264
0.73524,0.486517,26,264
0.786926,0.469027,26,264
0.753317,0.505757,26,264
0.756203,0.465966,26,264
0.731421,0.281878,27,274
0.787605,0.299369,27,-1
0.742284,0.275582,27,274
0.707996,0.335924,27,274
0.776911,0.299806,27,-1
0.698236,0.276194,27,274
0.780137,0.30724,27,274
0.706638,0.312224,27,274
0.723952,0.288,27,274
0.719199,0.287563,27,274
0.732863,0.29351,27,274
0.723018,0.295433,27,274
0.721151,0.282665,27,274
0.762144,0.358049,27,-1
0.740926,0.299631,27,274
0.733033,0.342745,27,274
0.644683,0.275757,27,-1
0.757391,0.272084,27,274
0.721236,0.312312,27,274
0.750686,0.372129,27,-1
0.681856,0.310213,27,274
0.734221,0.267973,27,274
0.749583,0.336798,27,-1
0.771055,0.351053,27,-1
0.725734,0.3563,27,274
0.742539,0.314323,27,274
0.695181,0.269285,27,274
0.705026,0.299719,27,274
0.680498,0.357875,27,-1
0.705959,0.297707,27,274
0.730148,0.27357,27,274
0.711137,0.315722,27,274
0.779458,0.361897,27,-1
0.762059,0.323856,27,274
0.738125,0.29762,27,274
0.690852,0.322019,27,274
0.728111,0.268498,27,274
0.712749,0.321669,27,274
0.714871,0.313011,27,274
0.775554,0.350791,27,-1
0.718266,0.31065,27,274
0.722934,0.304703,27,274
0.772244,0.344407,27,-1
0.764096,0.321494,27,274
0.753063,0.278293,27,274
0.776572,0.250658,27,-1
0.719793,0.336011,27,274
0.723188,0.313973,27,274
0.704686,0.27051,27,274
0.750771,0.308027,27,274
0.715465,0.31511,27,274
0.747376,0.293422,27,274
0.736683,0.359011,27,-1
0.691277,0.32438,27,274
0.750007,0.315548,27,274
0.71852,0.305753,27,274
0.773347,0.308464,27,274
0.74831,0.281791,27,274
0.694417,0.326304,27,274
0.75824,0.322019,27,274
0.744745,0.332951,27,274
0.74186,0.294034,27,274
0.701292,0.332163,27,274
0.732524,0.285202,27,274
0.785908,0.272259,27,-1
0.747886,0.327791,27,274
0.693229,0.324468,27,274
0.718351,0.363559,27,274
0.738804,0.301555,27,274
0.693229,0.317122,27,274
0.710967,0.269985,27,274
0.703244,0.291061,27,274
0.737871,0.306103,27,274
0.738635,0.282403,27,274
0.751705,0.327791,27,274
0.731166,0.315897,27,274
0.705959,0.325954,27,274
0.71538,0.259316,27,-1
0.739144,0.362947,27,-1
0.696708,0.31957,27,274
0.771565,0.331202,27,274
0.721915,0.291411,27,274
0.710542,0.293947,27,274
0.729469,0.305403,27,274
0.731081,0.318521,27,274
0.768339,0.305578,27,274
0.7321,0.296745,27,274
0.718011,0.301992,27,274
0.707317,0.326479,27,274
0.721661,0.289574,27,274
0.723613,0.319745,27,274
0.699424,0.283802,27,274
0.727517,0.309951,27,274
0.782089,0.31511,27,274
0.712155,0.303654,27,274
0.748055,0.286688,27,274
0.740332,0.311787,27,274
0.719963,0.325867,27,274
0.753572,0.340646,27,-1
0.750262,0.317209,27,274
0.276852,0.758757,28,221
0.262424,0.773361,28,221
0.282284,0.769863,28,221
0.289753,0.826445,28,221
0.216849,0.820673,28,-1
0.242395,0.751586,28,221
0.290856,0.746776,28,221
0.297646,0.766715,28,221
0.264461,0.850757,28,-1
0.247487,0.81254,28,221
0.244092,0.81324,28,221
0.305369,0.847783,28,-1
0.299343,0.822859,28,221
0.262934,0.771,28,221
0.247911,0.825046,28,221
0.277956,0.791551,28,221
0.228137,0.700951,28,119
0.212351,0.800646,28,-1
0.290686,0.790502,28,221
0.240273,0.789715,28,221
0.26862,0.797935,28,221
0.287037,0.771612,28,221
0.316657,0.788316,28,221
0.239849,0.759019,28,221
0.272185,0.796624,28,221
0.295948,0.801171,28,221
0.234162,0.804144,28,221
0.277277,0.791639,28,221
0.259369,0.801958,28,221
0.263613,0.786829,28,221
0.282199,0.757445,28,221
0.277192,0.846909,28,-1
0.30172,0.766977,28,221
0.254192,0.793125,28,221
0.260557,0.788578,28,221
0.272185,0.787966,28,221
0.297561,0.808517,28,221
0.284066,0.800821,28,221
0.267177,0.745027,28,221
0.312413,0.766278,28,-1
0.274731,0.783068,28,221
0.275155,0.786567,28,221
0.258605,0.804144,28,221
0.239594,0.742928,28,221
0.326756,0.771087,28,221
0.266838,0.810966,28,221
0.25521,0.767852,28,221
0.24248,0.801958,28,221
0.26845,0.81665,28,221
0.274731,0.796711,28,221
0.246638,0.827057,28,221
0.243923,0.84551,28,-1
0.288395,0.735844,28,221
0.253428,0.810179,28,221
0.299258,0.789103,28,221
0.294845,0.799772,28,221
0.234672,0.78027,28,221
0.207343,0.729985,28,119
0.284576,0.817612,28,221
0.282369,0.730247,28,-1
0.313686,0.771175,28,221
0.262,0.773711,28,221
0.319373,0.811403,28,-1
0.292214,0.80292,28,221
0.248251,0.783681,28,221
0.30138,0.780095,28,221
0.295354,0.772224,28,221
0.231786,0.824696,28,-1
0.256823,0.776422,28,221
0.259114,0.760681,28,221
0.266583,0.810004,28,221
0.252664,0.783068,28,221
0.299004,0.780882,28,221
0.269469,0.776247,28,221
0.311904,0.753072,28,-1
0.287122,0.746601,28,221
0.281605,0.808255,28,221
0.299343,0.813327,28,221
0.276598,0.750449,28,221
0.254701,0.770738,28,221
0.256399,0.765753,28,221
0.283048,0.767152,28,221
0.268535,0.79951,28,221
0.292214,0.76549,28,221
0.330491,0.845422,28,-1
0.265055,0.775722,28,221
0.243838,0.765928,28,221
0.244771,0.804932,28,221
0.277871,0.751935,28,221
0.231786,0.808867,28,-1
0.283557,0.763304,28,221
0.242989,0.731384,28,-1
0.26862,0.707859,28,-1
0.283727,0.766278,28,221
0.218461,0.813327,28,-1
0.285085,0.779833,28,221
0.27821,0.772487,28,221
0.27838,0.774848,28,221
0.241801,0.793213,28,221
0.275155,0.783856,28,221
0.427244,0.686871,29,99
0.448292,0.716342,29,99
0.429365,0.71057,29,99
0.438871,0.73943,29,-1
0.460598,0.686783,29,99
0.513303,0.689319,29,-1
0.493867,0.712057,29,99
0.504221,0.658186,29,-1
0.485804,0.716517,29,99
0.50507,0.713719,29,-1
0.47248,0.701213,29,99
0.527731,0.649529,29,-1
0.473498,0.714506,29,99
0.451177,0.63676,29,99
0.477742,0.728411,29,99
0.477317,0.683897,29,99
0.50507,0.748787,29,-1
0.438616,0.703749,29,99
0.435306,0.691068,29,99
0.47248,0.72876,29,99
0.428686,0.722639,29,99
0.456354,0.67384,29,99
0.455845,0.6567,29,99
0.482919,0.694479,29,99
0.451262,0.735144,29,-1
0.467387,0.722114,29,99
0.534775,0.652152,29,-1
0.488181,0.701213,29,99
0.45559,0.702262,29,99
0.434288,0.652502,29,99
0.431063,0.744327,29,-1
0.458052,0.67865,29,99
0.452875,0.728148,29,99
0.45593,0.666407,29,99
0.474517,0.687046,29,99
0.466963,0.69238,29,99
0.421303,0.744852,29,-1
0.441332,0.70681,29,99
0.430469,0.741354,29,-1
0.439125,0.703749,29,99
0.446339,0.691506,29,99
0.433524,0.662996,29,99
0.431742,0.689757,29,99
0.44583,0.657924,29,99
0.451177,0.68276,29,99
0.458052,0.709346,29,99
0.444387,0.67489,29,99
0.464587,0.670779,29,99
0.434033,0.670255,29,99
0.44948,0.721327,29,99
0.449819,0.670517,29,99
0.474092,0.722376,29,99
0.483343,0.726312,29,99
0.474177,0.691681,29,99
0.479269,0.718441,29,99
0.433948,0.705586,29,99
0.490472,0.675589,29,99
0.463059,0.656262,29,99
0.429959,0.695354,29,99
0.460513,0.669643,29,99
0.492255,0.68416,29,99
0.520686,0.689669,29,-1
0.443878,0.749574,29,-1
0.470358,0.663783,29,99
0.465011,0.648654,29,99
0.470188,0.676901,29,99
0.469934,0.672791,29,99
0.476044,0.679612,29,99
0.443963,0.7027,29,99
0.416125,0.671567,29,99
0.424018,0.703137,29,99
0.445066,0.665707,29,99
0.471801,0.662384,29,99
0.479354,0.661859,29,99
0.488351,0.663171,29,99
0.476808,0.701038,29,99
0.427753,0.678825,29,99
0.479609,0.676202,29,99
0.418926,0.684072,29,99
0.499469,0.752373,29,-1
0.484701,0.743278,29,-1
0.478336,0.759369,29,-1
0.424018,0.684947,29,99
0.505919,0.655738,29,-1
0.471461,0.710308,29,99
0.442351,0.692293,29,99
0.463993,0.694654,29,99
0.476638,0.687308,29,99
0.468066,0.71503,29,99
0.45279,0.687308,29,99
0.458476,0.710745,29,99
0.47893,0.635711,29,99
0.440738,0.698589,29,99
0.456439,0.676551,29,99
0.431317,0.745901,29,-1
0.467642,0.667106,29,99
0.476384,0.668418,29,99
0.471461,0.703749,29,99
0.444303,0.715817,29,99
0.40959,0.682411,29,99
0.122303,0.303129,30,-1
0.10728,0.289837,30,-1
0.09769,0.248034,30,40
0.039893,0.268498,30,-1
0.092683,0.277768,30,40
0.048974,0.248209,30,40
0.122812,0.245411,30,40
0.062469,0.197924,30,-1
0.095908,0.22416,30,40
0.043203,0.261764,30,40
0.039808,0.248034,30,40
0.045155,0.247859,30,40
0.042863,0.239464,30,40
0.061365,0.266487,30,40
0.052963,0.245848,30,40
0.072823,0.234217,30,40
0.053812,0.213316,30,40
0.08793,0.24681,30,40
0.064675,0.216989,30,40
0.093192,0.308376,30,-1
0.067137,0.221099,30,40
0.074266,0.261939,30,40
0.036074,0.276719,30,-1
0.063317,0.243924,30,40
0.087506,0.212266,30,40
0.0881,0.245236,30,40
0.075793,0.198886,30,-1
0.043033,0.233517,30,40
0.072908,0.277243,30,40
0.119247,0.213316,30,40
0.06493,0.250395,30,40
0.098793,0.220662,30,40
0.09769,0.249608,30,40
0.06145,0.261065,30,40
0.118823,0.217251,30,40
0.071889,0.213316,30,40
0.06493,0.27838,30,-1
0.098963,0.239289,30,40
0.081395,0.29762,30,40
0.070362,0.168802,30,-1
0.11059,0.248384,30,40
0.095568,0.275932,30,40
0.072993,0.222148,30,40
0.060347,0.218388,30,40
0.073162,0.248996,30,40
0.124255,0.270684,30,-1
0.070446,0.226346,30,40
0.110421,0.264125,30,40
0.08759,0.276806,30,40
0.086232,0.204745,30,40
0.113646,0.214627,30,40
0.067815,0.265525,30,40
0.101255,0.263601,30,40
0.060517,0.212091,30,40
0.086996,0.275932,30,40
0.066458,0.206932,30,40
0.118993,0.265175,30,40
0.113731,0.217251,30,40
0.033273,0.266312,30,-1
0.046513,0.241125,30,40
0.095483,0.267099,30,40
0.051351,0.207194,30,40
0.11738,0.245673,30,40
0.080037,0.271471,30,40
0.144114,0.218475,30,-1
0.039638,0.24646,30,40
0.072993,0.24751,30,40
0.055255,0.192414,30,-1
0.127904,0.216901,30,40
0.065015,0.257217,30,40
0.09786,0.228707,30,40
0.055255,0.254243,30,40
0.081904,0.247597,30,40
0.10414,0.259228,30,40
0.066542,0.21524,30,40
0.073672,0.207281,30,40
0.094804,0.239901,30,40
0.118483,0.265,30,40
0.053218,0.298494,30,-1
0.086657,0.217513,30,40
0.072229,0.22897,30,40
0.09803,0.284414,30,40
0.101764,0.21454,30,40
0.066458,0.234916,30,40
0.063911,0.303129,30,-1
0.077915,0.254681,30,40
0.101679,0.250833,30,40
0.077066,0.264475,30,40
0.105668,0.258878,30,40
0.095314,0.281791,30,40
0.106771,0.262376,30,40
0.07783,0.297183,30,40
0.070022,0.227745,30,40
0.10414,0.229932,30,40
0.122303,0.232992,30,40
0.095568,0.266487,30,40
0.086063,0.247072,30,40
0.044561,0.266662,30,40
0.065948,0.306715,30,-1
0.096672,0.245935,30,40
0.108638,0.520886,31,66
0.063402,0.534354,31,-1
0.09107,0.524734,31,66
0.116871,0.467627,31,66
0.108978,0.483281,31,66
0.095568,0.516251,31,66
0.100661,0.489228,31,66
0.078424,0.549658,31,66
0.139786,0.476897,31,66
0.11059,0.519487,31,66
0.081819,0.496049,31,66
0.100066,0.520186,31,66
0.116277,0.471563,31,66
0.052369,0.492814,31,-1
0.113561,0.537065,31,66
0.111524,0.505319,31,66
0.106601,0.501646,31,66
0.096926,0.471038,31,66
0.140889,0.528407,31,66
0.094125,0.444015,31,-1
0.105159,0.505757,31,66
0.104819,0.466316,31,66
0.152432,0.495437,31,66
0.092683,0.508817,31,66
0.052793,0.515464,31,-1
0.110675,0.488354,31,66
0.122048,0.455122,31,66
0.117125,0.532167,31,66
0.086827,0.498586,31,66
0.060347,0.461943,31,-1
0.118568,0.469376,31,66
0.086657,0.530856,31,66
0.139362,0.457745,31,-1
0.118399,0.520361,31,66
0.106771,0.537939,31,66
0.118568,0.474798,31,66
0.107026,0.448563,31,66
0.141653,0.514589,31,66
0.121369,0.548171,31,66
0.079867,0.527183,31,66
0.072908,0.488966,31,66
0.080546,0.53549,31,66
0.106771,0.52281,31,66
0.143181,0.505057,31,66
0.072399,0.509954,31,66
0.116107,0.524909,31,66
0.099218,0.479521,31,66
0.12714,0.501034,31,66
0.103631,0.459669,31,66
0.123745,0.486517,31,66
0.138513,0.506456,31,66
0.121963,0.455034,31,66
0.125528,0.459669,31,66
0.112373,0.497973,31,66
0.101085,0.542837,31,66
0.095059,0.502608,31,66
0.153535,0.470951,31,66
0.068494,0.539076,31,66
0.09421,0.521498,31,66
0.118653,0.501034,31,66
0.114155,0.53243,31,66
0.072483,0.470776,31,66
0.095823,0.474624,31,66
0.116022,0.509255,31,66
0.12697,0.535578,31,66
0.067221,0.46789,31,66
0.153111,0.476198,31,66
0.079528,0.563563,31,66
0.093786,0.562688,31,66
0.150819,0.514764,31,66
0.082328,0.493601,31,66
0.167199,0.556392,31,-1
0.117635,0.472262,31,66
0.110251,0.482057,31,66
0.122218,0.542137,31,66
0.150734,0.51249,31,66
0.090561,0.513365,31,66
0.159221,0.497886,31,66
0.147255,0.4713,31,66
0.09786,0.450837,31,-1
0.116192,0.475673,31,66
0.105159,0.486954,31,66
0.125697,0.499023,31,66
0.089542,0.493251,31,66
0.130026,0.523597,31,66
0.084535,0.473224,31,66
0.110506,0.477859,31,66
0.09472,0.534179,31,66
0.070701,0.505844,31,66
0.110336,0.503395,31,66
0.115937,0.519487,31,66
0.134524,0.494213,31,66
0.116701,0.508992,31,66
0.081989,0.559977,31,66
0.163889,0.498848,31,66
0.082583,0.491065,31,66
0.104649,0.505669,31,66
0.087675,0.515114,31,66
0.13079,0.475411,31,66
0.157269,0.550707,31,-1
