0.002223,0.166285,0,0,0
0.008153,0.172078,0,0,0
0.012202,0.158844,0,0,0
0.022187,0.155365,0,0,0
0.025503,0.168137,0,0,0
0.032267,0.148534,0,0,0
0.036,0.162252,0,0,0
0.040452,0.135824,0,0,0
0.04335,0.159861,0,0,0
0.044185,0.151433,0,0,0
0.047237,0.161519,0,0,0
0.048655,0.129817,0,0,0
0.048878,0.143962,0,0,0
0.05222,0.21168,0,0,0
0.055048,0.116918,0,0,0
0.055847,0.182933,0,0,0
0.05958,0.114955,0,0,0
0.061553,0.166245,0,0,0
0.063147,0.18163,0,0,0
0.064077,0.194387,0,0,0
0.064322,0.102941,0,0,0
0.065567,0.224558,0,0,0
0.066157,0.133438,0,0,0
0.0675,0.179835,0,0,0
0.068008,0.226796,0,0,0
0.06844,0.1704,0,0,0
0.06866,0.227122,0,0,0
0.06927,0.147695,0,0,0
0.07102,0.21049,0,0,0
0.071268,0.106445,0,0,0
0.072378,0.229187,0,0,0
0.0731,0.124252,0,0,0
0.073497,0.120204,0,0,0
0.074533,0.226181,0,0,0
0.075837,0.207113,0,0,0
0.076482,0.222839,0,0,0
0.07756,0.204717,0,0,0
0.078562,0.175964,0,0,0
0.081187,0.15682,0,0,0
0.081568,0.106399,0,0,0
0.082413,0.24823,0,0,0
0.083455,0.197377,0,0,0
0.084142,0.161535,0,0,0
0.085322,0.241892,0,0,0
0.08609,0.195628,0,0,0
0.087337,0.1079,0,0,0
0.089075,0.250198,0,0,0
0.08936,0.226608,0,0,0
0.09024,0.23821,0,0,0
0.091008,0.136622,0,0,0
0.092707,0.165522,0,0,0
0.093307,0.184606,0,0,0
0.094223,0.204046,0,0,0
0.095047,0.117355,0,0,0
0.096542,0.129847,0,0,0
0.097783,0.204168,0,0,0
0.098368,0.196737,0,0,0
0.099477,0.235581,0,0,0
0.099808,0.146703,0,0,0
0.100225,0.190018,0,0,0
0.101953,0.075205,0,0,0
0.102838,0.255519,0,0,0
0.103718,0.094162,0,0,0
0.104075,0.220759,0,0,0
0.104935,0.154475,0,0,0
0.105362,0.080394,0,0,0
0.108445,0.166463,0,0,0
0.10907,0.267237,0,0,0
0.110723,0.157008,0,0,0
0.111262,0.114009,0,0,0
0.111618,0.164647,0,0,0
0.112055,0.238337,0,0,0
0.11322,0.115397,0,0,0
0.113988,0.133102,0,0,0
0.114822,0.166626,0,0,0
0.115423,0.071116,0,0,0
0.116857,0.109075,0,0,0
0.117543,0.109227,0,0,0
0.11823,0.267634,0,0,0
0.120035,0.257741,0,0,0
0.121073,0.264089,0,0,0
0.12142,0.08342,0,0,0
0.121715,0.242167,0,0,0
0.1221,0.215327,0,0,0
0.123205,0.158254,0,0,0
0.123473,0.165944,0,0,0
0.124008,0.235046,0,0,0
0.124675,0.132833,0,0,0
0.12499,0.24055,0,0,0
0.125595,0.075557,0,0,0
0.126928,0.090846,0,0,0
0.127298,0.210134,0,0,0
0.128795,0.266657,0,0,0
0.129085,0.27213,0,0,0
0.129648,0.060877,0,0,0
0.129995,0.142771,0,0,0
0.131235,0.087418,0,0,0
0.131877,0.230601,0,0,0
0.132395,0.058497,0,0,0
0.13299,0.148376,0,0,0
0.133815,0.271662,0,0,0
0.1344,0.269709,0,0,0
0.134695,0.148748,0,0,0
0.134995,0.163844,0,0,0
0.136428,0.270813,0,0,0
0.136582,0.049744,0,0,0
0.137645,0.178686,0,0,0
0.138503,0.057119,0,0,0
0.139212,0.201513,0,0,0
0.140335,0.096085,0,0,0
0.140853,0.112183,0,0,0
0.140987,0.142858,0,0,0
0.141322,0.058004,0,0,0
0.142222,0.104268,0,0,0
0.142532,0.271693,0,0,0
0.143372,0.09612,0,0,0
0.144038,0.252752,0,0,0
0.144908,0.257502,0,0,0
0.146042,0.262863,0,0,0
0.14649,0.157984,0,0,0
0.146942,0.269709,0,0,0
0.147705,0.242416,0,0,0
0.148057,0.173599,0,0,0
0.148397,0.049825,0,0,0
0.14859,0.265559,0,0,0
0.149307,0.149099,0,0,0
0.149435,0.262873,0,0,0
0.149577,0.162847,0,0,0
0.150283,0.075775,0,0,0
0.151998,0.269043,0,0,0
0.152425,0.074672,0,0,0
0.152745,0.119314,0,0,0
0.153203,0.136459,0,0,0
0.154297,0.259374,0,0,0
0.154795,0.013829,0,0,0
0.155548,0.248535,0,0,0
0.156413,0.156784,0,0,0
0.1577,0.180237,0,0,0
0.158045,0.135442,0,0,0
0.158412,0.201838,0,0,0
0.158558,0.057378,0,0,0
0.158717,0.035268,0,0,0
0.158838,0.02036,0,0,0
0.159252,0.103811,0,0,0
0.16009,0.019714,0,0,0
0.160238,0.124654,0,0,0
0.161148,0.00561,0,0,0
0.161438,0.187526,0,0,0
0.161825,0.20988,0,0,0
0.162222,0.173604,0,0,0
0.163025,0.321645,0,0,0
0.163263,0.323705,0,0,0
0.163752,0.031077,0,0,0
0.164347,0.132431,0,0,0
0.164617,0.276408,0,0,0
0.165202,0.01354,0,0,0
0.166153,0.273219,0,0,0
0.166525,0.038574,0,0,0
0.16688,0.022639,0,0,0
0.167379,0.097015,0,0,0
0.167648,0.048691,0,0,0
0.167893,0.262705,0,0,0
0.16891,0.149475,0,0,0
0.16922,0.029704,0,0,0
0.169373,0.2214,0,0,0
0.169973,0.13265,0,0,0
0.170146,0.288818,0,0,0
0.170843,0.130768,0,0,0
0.1713,0.107488,0,0,0
0.171697,0.244222,0,0,0
0.1722,0.313426,0,0,0
0.172867,0.290212,0,0,0
0.173482,0.137746,0,0,0
0.173894,0.283203,0,0,0
0.174484,0.30305,0,0,0
0.175023,0.019735,0,0,0
0.175441,0.194738,0,0,0
0.175659,0.015259,0,0,0
0.175949,0.071462,0,0,0
0.176468,0.168035,0,0,0
0.177333,0.106466,0,0,0
0.178451,0.267955,0,0,0
0.17863,0.117544,0,0,0
0.179103,0.167531,0,0,0
0.179443,0.197678,0,0,0
0.1801,0.025615,0,0,0
0.180247,0.032247,0,0,0
0.180776,0.218211,0,0,0
0.182256,0.304326,0,0,0
0.182785,0.055303,0,0,0
0.183355,0.239125,0,0,0
0.183655,0.235265,0,0,0
0.184189,0.226624,0,0,0
0.184367,0.10526,0,0,0
0.185262,0.149663,0,0,0
0.185791,0.115885,0,0,0
0.186513,0.207865,0,0,0
0.186956,0.214071,0,0,0
0.187871,0.177622,0,0,0
0.188604,0.025492,0,0,0
0.188766,0.080795,0,0,0
0.189535,0.284475,0,0,0
0.190018,0.289826,0,0,0
0.190272,0.195384,0,0,0
0.19046,0.051753,0,0,0
0.191218,0.139018,0,0,0
0.19224,0.046346,0,0,0
0.192871,0.04537,0,0,0
0.193268,0.253932,0,0,0
0.193588,0.055425,0,0,0
0.194214,0.19664,0,0,0
0.194672,0.201085,0,0,0
0.195409,0.155182,0,0,0
0.195887,0.075022,0,0,0
0.196096,0.229039,0,0,0
0.196269,0.242121,0,0,0
0.196543,0.08635,0,0,0
0.197154,0.169612,0,0,0
0.197825,0.206304,0,0,0
0.198059,0.109482,0,0,0
0.198568,0.297846,0,0,0
0.198985,0.285929,0,0,0
0.199473,0.241949,0,0,0
0.200277,0.119609,0,0,0
0.200495,0.262716,0,0,0
0.200826,0.295492,0,0,0
0.201309,0.245682,0,0,0
0.201904,0.188054,0,0,0
0.202352,0.207662,0,0,0
0.203145,0.153804,0,0,0
0.203623,0.261439,0,0,0
0.204091,0.059479,0,0,0
0.205063,0.237305,0,0,0
0.205938,0.184799,0,0,0
0.207123,0.188207,0,0,0
0.208201,0.071553,0,0,0
0.208639,0.243698,0,0,0
0.208933,0.176158,0,0,0
0.209549,0.148397,0,0,0
0.210317,0.114777,0,0,0
0.211568,0.224828,0,0,0
0.21284,0.073171,0,0,0
0.213262,0.261454,0,0,0
0.213816,0.204569,0,0,0
0.214625,0.138509,0,0,0
0.216604,0.112971,0,0,0
0.217733,0.119298,0,0,0
0.218384,0.192378,0,0,0
0.218892,0.190537,0,0,0
0.219981,0.181056,0,0,0
0.221024,0.209117,0,0,0
0.221812,0.072876,0,0,0
0.222341,0.263829,0,0,0
0.2229,0.232229,0,0,0
0.223592,0.174062,0,0,0
0.224823,0.243693,0,0,0
0.225266,0.164251,0,0,0
0.226252,0.063655,0,0,0
0.226832,0.103353,0,0,0
0.227239,0.24234,0,0,0
0.2285,0.159393,0,0,0
0.229014,0.179855,0,0,0
0.230326,0.240321,0,0,0
0.230723,0.207321,0,0,0
0.23145,0.258362,0,0,0
0.232259,0.100433,0,0,0
0.232976,0.146703,0,0,0
0.233098,0.094538,0,0,0
0.23351,0.224965,0,0,0
0.235153,0.249018,0,0,0
0.23528,0.205343,0,0,0
0.236079,0.246104,0,0,0
0.237452,0.187042,0,0,0
0.237915,0.12973,0,0,0
0.23819,0.219696,0,0,0
0.238617,0.170176,0,0,0
0.240672,0.088898,0,0,0
0.241247,0.226537,0,0,0
0.242208,0.087194,0,0,0
0.242681,0.121353,0,0,0
0.243556,0.24914,0,0,0
0.244273,0.145523,0,0,0
0.246826,0.184906,0,0,0
0.248454,0.242289,0,0,0
0.249481,0.093496,0,0,0
0.250112,0.120977,0,0,0
0.25059,0.222387,0,0,0
0.251541,0.230393,0,0,0
0.252813,0.143275,0,0,0
0.254033,0.091329,0,0,0
0.255193,0.131668,0,0,0
0.256129,0.216807,0,0,0
0.257482,0.227498,0,0,0
0.257823,0.181554,0,0,0
0.258123,0.108159,0,0,0
0.258769,0.100917,0,0,0
0.259923,0.193064,0,0,0
0.261114,0.170054,0,0,0
0.261688,0.232702,0,0,0
0.262533,0.201172,0,0,0
0.263494,0.134064,0,0,0
0.264018,0.217773,0,0,0
0.265122,0.154846,0,0,0
0.26679,0.120773,0,0,0
0.2677,0.134079,0,0,0
0.270844,0.173559,0,0,0
0.271444,0.139969,0,0,0
0.272161,0.114792,0,0,0
0.273885,0.157328,0,0,0
0.275121,0.133403,0,0,0
0.276047,0.165888,0,0,0
0.277069,0.115423,0,0,0
0.278188,0.196706,0,0,0
0.28127,0.181737,0,0,0
0.282145,0.11616,0,0,0
0.282944,0.189219,0,0,0
0.284017,0.184932,0,0,0
0.28479,0.156962,0,0,0
0.287943,0.159465,0,0,0
0.289871,0.191345,0,0,0
0.290792,0.202515,0,0,0
0.294647,0.158249,0,0,0
0.295588,0.177287,0,0,0
0.297582,0.195068,0,0,0
0.299204,0.133916,0,0,0
0.302912,0.183304,0,0,0
0.306112,0.175959,0,0,0
0.308533,0.1542,0,0,0
0.30956,0.184886,0,0,0
0.311412,0.153132,0,0,0
0.314336,0.177287,0,0,0
0.315852,0.154582,0,0,0
0.317027,0.174652,0,0,0
0.339279,0.165568,0,0,1
0.344849,0.163976,0,0,1
0.349426,0.158101,0,0,1
0.358434,0.180196,0,0,1
0.361582,0.190832,0,0,1
0.364644,0.194748,0,0,1
0.366379,0.186356,0,0,1
0.36761,0.145727,0,0,1
0.36883,0.155223,0,0,1
0.37116,0.156784,0,0,1
0.373393,0.167765,0,0,1
0.374313,0.198308,0,0,1
0.375346,0.175832,0,0,1
0.378784,0.166794,0,0,1
0.37974,0.188217,0,0,1
0.380905,0.122152,0,0,1
0.381907,0.19283,0,0,1
0.383677,0.160283,0,0,1
0.387543,0.217875,0,0,1
0.39033,0.11909,0,0,1
0.39091,0.134135,0,0,1
0.391708,0.120743,0,0,1
0.392334,0.225266,0,0,1
0.39416,0.128072,0,0,1
0.39503,0.161865,0,0,1
0.396072,0.111516,0,0,1
0.397476,0.119893,0,0,1
0.397685,0.216751,0,0,1
0.398794,0.109339,0,0,1
0.400548,0.172913,0,0,1
0.40152,0.103567,0,0,1
0.402318,0.189677,0,0,1
0.403127,0.177546,0,0,1
0.403803,0.150625,0,0,1
0.405594,0.234329,0,0,1
0.407318,0.169957,0,0,1
0.408071,0.22935,0,0,1
0.40982,0.209371,0,0,1
0.410639,0.170425,0,0,1
0.411209,0.2155,0,0,1
0.412964,0.128398,0,0,1
0.413325,0.116592,0,0,1
0.414057,0.21552,0,0,1
0.414408,0.237437,0,0,1
0.415507,0.198222,0,0,1
0.417226,0.1943,0,0,1
0.418116,0.082789,0,0,1
0.418818,0.124044,0,0,1
0.419998,0.23614,0,0,1
0.421305,0.247381,0,0,1
0.421448,0.151347,0,0,1
0.422109,0.238378,0,0,1
0.423584,0.113429,0,0,1
0.423996,0.229289,0,0,1
0.424957,0.150538,0,0,1
0.426071,0.219101,0,0,1
0.426621,0.235346,0,0,1
0.429031,0.173813,0,0,1
0.429688,0.203491,0,0,1
0.430445,0.167913,0,0,1
0.430995,0.148473,0,0,1
0.433884,0.128632,0,0,1
0.434479,0.238052,0,0,1
0.435984,0.206375,0,0,1
0.436346,0.262222,0,0,1
0.437459,0.063578,0,0,1
0.438288,0.189611,0,0,1
0.439214,0.065338,0,0,1
0.439753,0.179311,0,0,1
0.440221,0.190593,0,0,1
0.440806,0.273885,0,0,1
0.441737,0.060399,0,0,1
0.442927,0.075241,0,0,1
0.443436,0.090515,0,0,1
0.444646,0.133438,0,0,1
0.445582,0.190277,0,0,1
0.445882,0.160914,0,0,1
0.447103,0.120926,0,0,1
0.447525,0.237381,0,0,1
0.447647,0.170802,0,0,1
0.448939,0.084457,0,0,1
0.449407,0.248077,0,0,1
0.451141,0.106384,0,0,1
0.453186,0.138967,0,0,1
0.453837,0.169708,0,0,1
0.45458,0.153778,0,0,1
0.455556,0.092626,0,0,1
0.456502,0.084183,0,0,1
0.457133,0.146764,0,0,1
0.457647,0.281067,0,0,1
0.458389,0.256999,0,0,1
0.458674,0.204336,0,0,1
0.458908,0.12237,0,0,1
0.459844,0.133733,0,0,1
0.460546,0.057755,0,0,1
0.461049,0.194051,0,0,1
0.462229,0.068059,0,0,1
0.463165,0.154806,0,0,1
0.46346,0.17717,0,0,1
0.46403,0.278732,0,0,1
0.465032,0.064829,0,0,1
0.465581,0.290619,0,0,1
0.466059,0.127711,0,0,1
0.466629,0.18015,0,0,1
0.46699,0.177902,0,0,1
0.467606,0.209737,0,0,1
0.467819,0.224803,0,0,1
0.468684,0.193568,0,0,1
0.469467,0.117055,0,0,1
0.470876,0.300278,0,0,1
0.471502,0.079564,0,0,1
0.472249,0.290787,0,0,1
0.47257,0.134842,0,0,1
0.472885,0.173838,0,0,1
0.473857,0.303421,0,0,1
0.474345,0.199331,0,0,1
0.474935,0.041687,0,0,1
0.475667,0.051193,0,0,1
0.476181,0.098206,0,0,1
0.477046,0.088297,0,0,1
0.477229,0.045654,0,0,1
0.477768,0.033529,0,0,1
0.478083,0.143433,0,0,1
0.478612,0.131571,0,0,1
0.478805,0.194743,0,0,1
0.479207,0.176824,0,0,1
0.479716,0.1011,0,0,1
0.480443,0.23762,0,0,1
0.481084,0.245346,0,0,1
0.481278,0.091731,0,0,1
0.481847,0.172384,0,0,1
0.482529,0.034546,0,0,1
0.483017,0.046097,0,0,1
0.483622,0.051132,0,0,1
0.484629,0.081401,0,0,1
0.486252,0.307612,0,0,1
0.486852,0.265996,0,0,1
0.487417,0.112203,0,0,1
0.487742,0.106283,0,0,1
0.488403,0.056549,0,0,1
0.489227,0.232931,0,0,1
0.489609,0.266958,0,0,1
0.490209,0.274506,0,0,1
0.490824,0.009974,0,0,1
0.491165,0.307785,0,0,1
0.492025,0.090363,0,0,1
0.492254,0.019343,0,0,1
0.492549,0.089193,0,0,1
0.493062,0.082753,0,0,1
0.493673,0.179632,0,0,1
0.493723,0.143463,0,0,1
0.494034,0.14712,0,0,1
0.494217,0.031204,0,0,1
0.496094,0.216751,0,0,1
0.496379,0.020966,0,0,1
0.496475,0.164881,0,0,1
0.496796,0.184087,0,0,1
0.49764,0.004247,0,0,1
0.498245,0.187154,0,0,1
0.499146,0.309509,0,0,1
0.499705,0.104233,0,0,1
0.499858,0.131424,0,0,1
0.499995,0.2621,0,0,1
0.500458,0.101832,0,0,1
0.500738,0.057973,0,0,1
0.501155,0.236277,0,0,1
0.501968,0.007869,0,0,1
0.502238,0.05928,0,0,1
0.502467,0.066803,0,0,1
0.503082,0.164678,0,0,1
0.503235,0.071671,0,0,1
0.503932,0.055308,0,0,1
0.504008,0.047246,0,0,1
0.504567,0.267334,0,0,1
0.505112,0.191793,0,0,1
0.505662,0.061656,0,0,1
0.50621,0.225545,0,0,1
0.506433,0.257131,0,0,1
0.507308,0.089584,0,0,1
0.507598,0.044408,0,0,1
0.507787,0.20932,0,0,1
0.508478,0.318095,0,0,1
0.509003,0.215266,0,0,1
0.509492,0.26416,0,0,1
0.510092,0.048228,0,0,1
0.510533,0.270121,0,0,1
0.511185,0.159495,0,0,1
0.51266,0.177373,0,0,1
0.513478,0.081543,0,0,1
0.51386,0.050568,0,0,1
0.51419,0.286509,0,0,1
0.514862,0.107122,0,0,1
0.515422,0.285004,0,0,1
0.515727,0.157094,0,0,1
0.516352,0.229192,0,0,1
0.516545,0.156881,0,0,1
0.516978,0.200862,0,0,1
0.517323,0.257222,0,0,1
0.518397,0.082947,0,0,1
0.518672,0.026398,0,0,1
0.518967,0.084239,0,0,1
0.51946,0.181173,0,0,1
0.520015,0.298131,0,0,1
0.520583,0.024348,0,0,1
0.52122,0.274033,0,0,1
0.52155,0.229528,0,0,1
0.521902,0.123271,0,0,1
0.522395,0.070257,0,0,1
0.522675,0.263504,0,0,1
0.523483,0.055328,0,0,1
0.523793,0.05306,0,0,1
0.52448,0.16065,0,0,1
0.525025,0.032913,0,0,1
0.525273,0.193848,0,0,1
0.525843,0.138285,0,0,1
0.526617,0.050934,0,0,1
0.527058,0.304509,0,0,1
0.527557,0.056692,0,0,1
0.527928,0.291773,0,0,1
0.528213,0.144023,0,0,1
0.528513,0.185313,0,0,1
0.529247,0.10671,0,0,1
0.529653,0.090592,0,0,1
0.530303,0.081436,0,0,1
0.530873,0.108851,0,0,1
0.53158,0.278498,0,0,1
0.53187,0.04334,0,0,1
0.532745,0.061605,0,0,1
0.533178,0.157527,0,0,1
0.53395,0.193349,0,0,1
0.534235,0.231974,0,0,1
0.534673,0.221573,0,0,1
0.534932,0.186701,0,0,1
0.536067,0.26682,0,0,1
0.53773,0.080307,0,0,1
0.53806,0.068904,0,0,1
0.538325,0.189056,0,0,1
0.539002,0.113424,0,0,1
0.539597,0.259918,0,0,1
0.54007,0.1238,0,0,1
0.540268,0.277903,0,0,1
0.540695,0.054693,0,0,1
0.541153,0.287933,0,0,1
0.541513,0.277268,0,0,1
0.542587,0.061529,0,0,1
0.543488,0.205302,0,0,1
0.544373,0.05513,0,0,1
0.544937,0.271327,0,0,1
0.545782,0.120163,0,0,1
0.547307,0.168589,0,0,1
0.548253,0.173487,0,0,1
0.54919,0.233643,0,0,1
0.54949,0.159022,0,0,1
0.55014,0.114868,0,0,1
0.550477,0.116002,0,0,1
0.551372,0.085144,0,0,1
0.552083,0.238266,0,0,1
0.553437,0.163116,0,0,1
0.554103,0.273987,0,0,1
0.554748,0.158595,0,0,1
0.555298,0.073359,0,0,1
0.555985,0.212473,0,0,1
0.556645,0.242401,0,0,1
0.556843,0.056905,0,0,1
0.558868,0.205739,0,0,1
0.559718,0.091487,0,0,1
0.560318,0.23824,0,0,1
0.560668,0.238459,0,0,1
0.56103,0.104864,0,0,1
0.56128,0.0864,0,0,1
0.561508,0.209259,0,0,1
0.56161,0.246485,0,0,1
0.56275,0.117223,0,0,1
0.565105,0.078959,0,0,1
0.565348,0.141057,0,0,1
0.565802,0.113103,0,0,1
0.567337,0.206177,0,0,1
0.56842,0.200465,0,0,1
0.568955,0.191996,0,0,1
0.569605,0.214269,0,0,1
0.570867,0.146683,0,0,1
0.571293,0.218445,0,0,1
0.571752,0.196589,0,0,1
0.572433,0.105433,0,0,1
0.573155,0.246628,0,0,1
0.574453,0.122767,0,0,1
0.576182,0.096848,0,0,1
0.576427,0.206777,0,0,1
0.578038,0.13678,0,0,1
0.579325,0.215124,0,0,1
0.57959,0.235906,0,0,1
0.581308,0.098689,0,0,1
0.581863,0.203395,0,0,1
0.582047,0.170787,0,0,1
0.582687,0.091888,0,0,1
0.584127,0.18336,0,0,1
0.58495,0.110347,0,0,1
0.586918,0.245687,0,0,1
0.587835,0.140345,0,0,1
0.589137,0.12557,0,0,1
0.590453,0.207682,0,0,1
0.591018,0.164642,0,0,1
0.591737,0.217768,0,0,1
0.593058,0.111827,0,0,1
0.593898,0.167338,0,0,1
0.594447,0.15239,0,0,1
0.594788,0.223684,0,0,1
0.596923,0.111872,0,0,1
0.598108,0.147481,0,0,1
0.599833,0.229706,0,0,1
0.60055,0.109512,0,0,1
0.602865,0.192027,0,0,1
0.603237,0.183655,0,0,1
0.606197,0.189555,0,0,1
0.606502,0.215998,0,0,1
0.608053,0.192352,0,0,1
0.608612,0.116099,0,0,1
0.610627,0.210678,0,0,1
0.611968,0.176875,0,0,1
0.612432,0.2114,0,0,1
0.613857,0.187017,0,0,1
0.614152,0.130244,0,0,1
0.616287,0.213287,0,0,1
0.617295,0.1353,0,0,1
0.61847,0.195541,0,0,1
0.619467,0.182037,0,0,1
0.620637,0.176081,0,0,1
0.626912,0.132492,0,0,1
0.630072,0.146789,0,0,1
0.633612,0.193013,0,0,1
0.636993,0.164719,0,0,1
0.649577,0.180781,0,0,1
0.654837,0.176732,0,0,1
0.656788,0.163091,-1,-1,1
0.676203,0.168513,1,2,2
0.684768,0.18369,1,2,2
0.691645,0.151057,1,2,2
0.696518,0.195551,1,2,2
0.69783,0.148468,1,2,2
0.700262,0.142186,1,2,2
0.703283,0.18187,1,2,2
0.70812,0.125346,1,2,2
0.708867,0.20401,1,2,2
0.710637,0.20694,1,2,2
0.71198,0.131943,1,2,2
0.713058,0.154943,1,2,2
0.714208,0.182358,1,2,2
0.71612,0.120346,1,2,2
0.716512,0.175741,1,2,2
0.719868,0.2099,1,2,2
0.721705,0.180664,1,2,2
0.7238,0.137472,1,2,2
0.725433,0.176529,1,2,2
0.725587,0.188838,1,2,2
0.727473,0.169291,1,2,2
0.728048,0.12173,1,2,2
0.728938,0.151306,1,2,2
0.731222,0.154302,1,2,2
0.731598,0.182332,1,2,2
0.733337,0.173767,1,2,2
0.734308,0.201579,1,2,2
0.73524,0.154531,1,2,2
0.736465,0.204086,1,2,2
0.737162,0.195974,1,2,2
0.737803,0.200714,1,2,2
0.737982,0.170934,1,2,2
0.739167,0.125636,1,2,2
0.739578,0.154744,1,2,2
0.740647,0.133062,1,2,2
0.74144,0.142965,1,2,2
0.74413,0.198924,1,2,2
0.744608,0.214345,1,2,2
0.746562,0.138687,1,2,2
0.748287,0.145915,1,2,2
0.749603,0.218984,1,2,2
0.750183,0.156982,1,2,2
0.751277,0.215693,1,2,2
0.752142,0.226008,1,2,2
0.753367,0.223679,1,2,2
0.753815,0.186432,1,2,2
0.754385,0.200745,1,2,2
0.756312,0.151408,1,2,2
0.756958,0.101466,1,2,2
0.758602,0.256653,1,2,2
0.759242,0.172719,1,2,2
0.759837,0.177343,1,2,2
0.760117,0.25473,1,2,2
0.760595,0.251582,1,2,2
0.761857,0.258657,1,2,2
0.764068,0.075114,1,2,2
0.764572,0.211288,1,2,2
0.765157,0.2565,1,2,2
0.76562,0.115936,1,2,2
0.767192,0.080765,1,2,2
0.768647,0.065699,1,2,2
0.771423,0.185354,1,2,2
0.771907,0.256037,1,2,2
0.77242,0.087992,1,2,2
0.772665,0.088557,1,2,2
0.773142,0.146388,1,2,2
0.773768,0.232163,1,2,2
0.775085,0.227519,1,2,2
0.775915,0.140264,1,2,2
0.77715,0.11171,1,2,2
0.778285,0.243622,1,2,2
0.780085,0.20871,1,2,2
0.780873,0.227575,1,2,2
0.781693,0.072566,1,2,2
0.782705,0.074712,1,2,2
0.783367,0.050308,1,2,2
0.784805,0.090261,1,2,2
0.78565,0.138285,1,2,2
0.786067,0.172694,1,2,2
0.786357,0.275747,1,2,2
0.787207,0.046982,1,2,2
0.787872,0.269287,1,2,2
0.788997,0.179143,1,2,2
0.790395,0.04455,1,2,2
0.79101,0.071325,1,2,2
0.793065,0.121175,1,2,2
0.793325,0.264465,1,2,2
0.79394,0.081909,1,2,2
0.795497,0.073227,1,2,2
0.796137,0.176997,1,2,2
0.796337,0.195618,1,2,2
0.796788,0.066208,1,2,2
0.797093,0.060094,1,2,2
0.79721,0.079132,1,2,2
0.79748,0.091171,1,2,2
0.797735,0.234171,1,2,2
0.797968,0.228175,1,2,2
0.798273,0.058965,1,2,2
0.799057,0.174006,1,2,2
0.799158,0.213435,1,2,2
0.799758,0.123179,1,2,2
0.800512,0.12616,1,2,2
0.80097,0.263509,1,2,2
0.801727,0.230372,1,2,2
0.802135,0.173045,1,2,2
0.803172,0.189901,1,2,2
0.803787,0.197311,1,2,2
0.804332,0.110835,1,2,2
0.804667,0.282496,1,2,2
0.804962,0.24881,1,2,2
0.805492,0.140376,1,2,2
0.80691,0.143611,1,2,2
0.807272,0.146037,1,2,2
0.80804,0.167013,1,2,2
0.80863,0.23822,1,2,2
0.809468,0.094503,1,2,2
0.809738,0.12323,1,2,2
0.810053,0.038579,1,2,2
0.81134,0.29333,1,2,2
0.811697,0.079091,1,2,2
0.811875,0.198949,1,2,2
0.812225,0.032583,1,2,2
0.812887,0.189947,1,2,2
0.813385,0.273707,1,2,2
0.814107,0.051102,1,2,2
0.814585,0.12707,1,2,2
0.814982,0.241526,1,2,2
0.81519,0.197078,1,2,2
0.815968,0.201787,1,2,2
0.816563,0.139074,1,2,2
0.81688,0.052856,1,2,2
0.817037,0.253464,1,2,2
0.817678,0.268443,1,2,2
0.818293,0.274358,1,2,2
0.819748,0.209778,1,2,2
0.820038,0.225276,1,2,2
0.820313,0.287669,1,2,2
0.821005,0.235143,1,2,2
0.821365,0.086471,1,2,2
0.822168,0.057983,1,2,2
0.822292,0.090724,1,2,2
0.822748,0.097549,1,2,2
0.823095,0.214325,1,2,2
0.82366,0.074941,1,2,2
0.824163,0.076955,1,2,2
0.824565,0.183533,1,2,2
0.824905,0.219208,1,2,2
0.825312,0.121633,1,2,2
0.825918,0.301549,1,2,2
0.826335,0.277288,1,2,2
0.826722,0.223231,1,2,2
0.827195,0.227722,1,2,2
0.827917,0.315837,1,2,2
0.828145,0.080958,1,2,2
0.82872,0.153107,1,2,2
0.828948,0.24292,1,2,2
0.829275,0.119176,1,2,2
0.829493,0.243896,1,2,2
0.829843,0.168961,1,2,2
0.830133,0.008921,1,2,2
0.830612,0.076696,1,2,2
0.830993,0.203435,1,2,2
0.831502,0.238515,1,2,2
0.831722,0.29125,1,2,2
0.832215,0.1029,1,2,2
0.832627,0.28979,1,2,2
0.833145,0.053629,1,2,2
0.833487,0.228506,1,2,2
0.834092,0.140716,1,2,2
0.834315,0.29656,1,2,2
0.834997,0.017441,1,2,2
0.83549,0.073461,1,2,2
0.835998,0.322194,1,2,2
0.836447,0.093984,1,2,2
0.83758,0.068842,1,2,2
0.838043,0.054413,1,2,2
0.838373,0.107249,1,2,2
0.839218,0.303767,1,2,2
0.839875,0.075846,1,2,2
0.840607,0.084976,1,2,2
0.841003,0.248993,1,2,2
0.841268,0.155238,1,2,2
0.841618,0.164246,1,2,2
0.842327,0.146591,1,2,2
0.842905,0.090485,1,2,2
0.843125,0.268387,1,2,2
0.843613,0.302424,1,2,2
0.844605,0.285467,1,2,2
0.845128,0.161265,1,2,2
0.845468,0.127411,1,2,2
0.845738,0.117976,1,2,2
0.846623,0.194224,1,2,2
0.84754,0.193843,1,2,2
0.847768,0.114716,1,2,2
0.847915,0.090241,1,2,2
0.848968,0.226496,1,2,2
0.849685,0.066986,1,2,2
0.850012,0.230713,1,2,2
0.850398,0.303706,1,2,2
0.851043,0.075216,1,2,2
0.85172,0.175939,1,2,2
0.851975,0.225088,1,2,2
0.85288,0.299769,1,2,2
0.853073,0.242747,1,2,2
0.853428,0.248642,1,2,2
0.854538,0.083176,1,2,2
0.855097,0.293945,1,2,2
0.855748,0.132248,1,2,2
0.856068,0.239004,1,2,2
0.85703,0.039373,1,2,2
0.858165,0.058273,1,2,2
0.858525,0.211695,1,2,2
0.858998,0.120265,1,2,2
0.859095,0.268738,1,2,2
0.859588,0.095637,1,2,2
0.859903,0.189702,1,2,2
0.860208,0.054011,1,2,2
0.861933,0.278895,1,2,2
0.862773,0.17925,1,2,2
0.863413,0.065872,1,2,2
0.864593,0.257451,1,2,2
0.865,0.29627,1,2,2
0.86646,0.053284,1,2,2
0.86701,0.043767,1,2,2
0.869145,0.105102,1,2,2
0.869975,0.224584,1,2,2
0.870387,0.287933,1,2,2
0.870937,0.0469,1,2,2
0.87176,0.291356,1,2,2
0.872117,0.187032,1,2,2
0.872437,0.254054,1,2,2
0.87289,0.286209,1,2,2
0.873845,0.098109,1,2,2
0.874058,0.112585,1,2,2
0.874487,0.222376,1,2,2
0.875218,0.287816,1,2,2
0.876155,0.226735,1,2,2
0.876435,0.051142,1,2,2
0.876983,0.225194,1,2,2
0.877412,0.066009,1,2,2
0.877502,0.142136,1,2,2
0.877707,0.172323,1,2,2
0.878357,0.249847,1,2,2
0.878617,0.063075,1,2,2
0.878912,0.25475,1,2,2
0.879628,0.192052,1,2,2
0.880555,0.083094,1,2,2
0.881282,0.119899,1,2,2
0.881537,0.110097,1,2,2
0.88265,0.189163,1,2,2
0.882722,0.161606,1,2,2
0.883488,0.17659,1,2,2
0.88443,0.086726,1,2,2
0.885228,0.231542,1,2,2
0.886235,0.247737,1,2,2
0.886922,0.275767,1,2,2
0.887822,0.192322,1,2,2
0.888198,0.180333,1,2,2
0.888667,0.234675,1,2,2
0.889663,0.191869,1,2,2
0.891292,0.05984,1,2,2
0.891555,0.25735,1,2,2
0.892217,0.086695,1,2,2
0.892777,0.066284,1,2,2
0.893417,0.266373,1,2,2
0.893947,0.111832,1,2,2
0.894938,0.075572,1,2,2
0.89536,0.139084,1,2,2
0.89623,0.234853,1,2,2
0.896748,0.108948,1,2,2
0.897822,0.237294,1,2,2
0.898178,0.24173,1,2,2
0.89946,0.093394,1,2,2
0.900442,0.117025,1,2,2
0.900588,0.198598,1,2,2
0.900935,0.120534,1,2,2
0.901138,0.071309,1,2,2
0.902675,0.157908,1,2,2
0.903463,0.225098,1,2,2
0.903972,0.204844,1,2,2
0.904582,0.167374,1,2,2
0.90656,0.187886,1,2,2
0.907517,0.083954,1,2,2
0.908355,0.157227,1,2,2
0.909852,0.24736,1,2,2
0.912333,0.231135,1,2,2
0.912978,0.145025,1,2,2
0.913243,0.165756,1,2,2
0.913798,0.248327,1,2,2
0.914383,0.247701,1,2,2
0.916595,0.183563,1,2,2
0.917688,0.100871,1,2,2
0.918625,0.118805,1,2,2
0.920172,0.214635,1,2,2
0.92074,0.171509,1,2,2
0.921183,0.173991,1,2,2
0.921443,0.23792,1,2,2
0.923197,0.151016,1,2,2
0.923697,0.165624,1,2,2
0.924133,0.10876,1,2,2
0.926045,0.142553,1,2,2
0.927663,0.231527,1,2,2
0.928467,0.189418,1,2,2
0.930943,0.159561,1,2,2
0.931442,0.129242,1,2,2
0.932602,0.118352,1,2,2
0.934153,0.202545,1,2,2
0.935673,0.217728,1,2,2
0.938222,0.157115,1,2,2
0.938472,0.15568,1,2,2
0.940257,0.198308,1,2,2
0.941722,0.175354,1,2,2
0.942327,0.132609,1,2,2
0.944188,0.156169,1,2,2
0.945227,0.178772,1,2,2
0.94783,0.166967,1,2,2
0.949798,0.128067,1,2,2
0.951375,0.1937,1,2,2
0.953445,0.168121,1,2,2
0.954605,0.17067,1,2,2
0.956608,0.182312,1,2,2
0.957733,0.163478,1,2,2
0.958217,0.170252,1,2,2
0.959005,0.156047,1,2,2
0.961965,0.16924,1,2,2
0.964905,0.158681,1,2,2
0.96937,0.162674,1,2,2
0.970963,0.141907,1,2,2
0.973388,0.169205,1,2,2
0.976563,0.146179,1,2,2
0.98054,0.159754,1,2,2
0.982102,0.156113,1,2,2
0.990332,0.17068,1,2,2
0.011282,0.50948,2,4,3
0.015803,0.5015,2,4,3
0.019745,0.490077,2,4,3
0.022065,0.486705,2,4,3
0.024547,0.517747,2,4,3
0.026815,0.500168,2,4,3
0.03335,0.533097,2,4,3
0.036225,0.535548,2,4,3
0.037497,0.500458,2,4,3
0.04011,0.506968,2,4,3
0.04336,0.468028,2,4,3
0.045955,0.516515,2,4,3
0.046438,0.471298,2,4,3
0.04832,0.480428,2,4,3
0.050715,0.472717,2,4,3
0.052272,0.478505,2,4,3
0.053772,0.54808,2,4,3
0.054778,0.550653,2,4,3
0.055298,0.490168,2,4,3
0.057795,0.503525,2,4,3
0.060333,0.543467,2,4,3
0.061722,0.442942,2,4,3
0.062627,0.52835,2,4,3
0.06571,0.468567,2,4,3
0.066742,0.510092,2,4,3
0.067642,0.549865,2,4,3
0.068532,0.565388,2,4,3
0.069143,0.473425,2,4,3
0.06991,0.488428,2,4,3
0.07105,0.499638,2,4,3
0.071402,0.447067,2,4,3
0.072577,0.42869,2,4,3
0.074937,0.43215,2,4,3
0.075287,0.509242,2,4,3
0.076513,0.441085,2,4,3
0.077897,0.453145,2,4,3
0.078288,0.447153,2,4,3
0.080353,0.498413,2,4,3
0.08077,0.474283,2,4,3
0.081813,0.4343,2,4,3
0.082245,0.430313,2,4,3
0.084162,0.565165,2,4,3
0.085577,0.43665,2,4,3
0.086548,0.518997,2,4,3
0.087575,0.562525,2,4,3
0.087845,0.447627,2,4,3
0.088242,0.419007,2,4,3
0.089097,0.41838,2,4,3
0.090448,0.47734,2,4,3
0.091182,0.472808,2,4,3
0.091913,0.418263,2,4,3
0.09283,0.412715,2,4,3
0.09344,0.414882,2,4,3
0.094635,0.423645,2,4,3
0.094833,0.531357,2,4,3
0.095572,0.434897,2,4,3
0.096415,0.580423,2,4,3
0.096913,0.468517,2,4,3
0.097942,0.474727,2,4,3
0.098522,0.43895,2,4,3
0.09963,0.556803,2,4,3
0.100525,0.441117,2,4,3
0.101858,0.508097,2,4,3
0.102372,0.421377,2,4,3
0.103038,0.455007,2,4,3
0.10468,0.446578,2,4,3
0.105642,0.472417,2,4,3
0.106328,0.530182,2,4,3
0.106985,0.475093,2,4,3
0.107992,0.416895,2,4,3
0.10905,0.496058,2,4,3
0.110087,0.537613,2,4,3
0.110788,0.558003,2,4,3
0.111425,0.580175,2,4,3
0.112127,0.603378,2,4,3
0.112768,0.467977,2,4,3
0.113815,0.42864,2,4,3
0.115235,0.429092,2,4,3
0.116353,0.535858,2,4,3
0.116725,0.587642,2,4,3
0.117543,0.521173,2,4,3
0.118327,0.428308,2,4,3
0.118495,0.582677,2,4,3
0.11966,0.574508,2,4,3
0.120743,0.462148,2,4,3
0.1229,0.62092,2,4,3
0.123428,0.521108,2,4,3
0.124212,0.42748,2,4,3
0.125097,0.608693,2,4,3
0.125758,0.565323,2,4,3
0.125845,0.491928,2,4,3
0.12673,0.504638,2,4,3
0.12709,0.392822,2,4,3
0.127853,0.562063,2,4,3
0.128952,0.582428,2,4,3
0.12944,0.41479,2,4,3
0.129797,0.449702,2,4,3
0.130112,0.438115,2,4,3
0.130652,0.564865,2,4,3
0.131302,0.379562,2,4,3
0.131837,0.465932,2,4,3
0.132593,0.416922,2,4,3
0.133087,0.533672,2,4,3
0.133907,0.615133,2,4,3
0.134888,0.557525,2,4,3
0.13557,0.575465,2,4,3
0.13619,0.489008,2,4,3
0.136515,0.570698,2,4,3
0.136597,0.534445,2,4,3
0.137248,0.595572,2,4,3
0.138448,0.466613,2,4,3
0.138657,0.371908,2,4,3
0.13947,0.426518,2,4,3
0.14063,0.501857,2,4,3
0.141307,0.547892,2,4,3
0.141562,0.608698,2,4,3
0.141897,0.572148,2,4,3
0.142405,0.511622,2,4,3
0.142797,0.554012,2,4,3
0.143235,0.470845,2,4,3
0.143773,0.481115,2,4,3
0.144562,0.597,2,4,3
0.145305,0.590052,2,4,3
0.146433,0.610957,2,4,3
0.146743,0.393072,2,4,3
0.147812,0.466537,2,4,3
0.148047,0.371643,2,4,3
0.148508,0.453267,2,4,3
0.149155,0.483317,2,4,3
0.151002,0.389507,2,4,3
0.15182,0.406535,2,4,3
0.152278,0.372767,2,4,3
0.152852,0.63978,2,4,3
0.153417,0.514135,2,4,3
0.153518,0.632563,2,4,3
0.15392,0.614472,2,4,3
0.156027,0.616832,2,4,3
0.156178,0.459432,2,4,3
0.15684,0.435903,2,4,3
0.157125,0.534678,2,4,3
0.15777,0.590138,2,4,3
0.158432,0.601145,2,4,3
0.15862,0.581243,2,4,3
0.159373,0.37677,2,4,3
0.159713,0.571288,2,4,3
0.159998,0.499623,2,4,3
0.160497,0.370962,2,4,3
0.161047,0.654968,3,6,3
0.161763,0.526993,2,4,3
0.16214,0.343643,2,4,3
0.16276,0.348703,2,4,3
0.162882,0.388987,2,4,3
0.16328,0.509197,2,4,3
0.163568,0.569657,2,4,3
0.163752,0.589127,2,4,3
0.164057,0.417023,2,4,3
0.165253,0.57961,2,4,3
0.165782,0.515848,2,4,3
0.166763,0.446075,2,4,3
0.167185,0.596837,2,4,3
0.167481,0.385077,2,4,3
0.168569,0.448537,2,4,3
0.169398,0.66186,3,6,3
0.169591,0.602265,2,4,3
0.169785,0.546672,2,4,3
0.170095,0.552165,2,4,3
0.170364,0.52889,2,4,3
0.171616,0.351395,2,4,3
0.172526,0.521372,2,4,3
0.172694,0.466405,2,4,3
0.172877,0.351058,2,4,3
0.173935,0.469187,2,4,3
0.174383,0.499415,2,4,3
0.174738,0.5752,2,4,3
0.175781,0.36111,2,4,3
0.176676,0.568878,2,4,3
0.1775,0.450663,2,4,3
0.177805,0.603708,2,4,3
0.179189,0.596807,2,4,3
0.179601,0.373108,2,4,3
0.179713,0.60853,2,4,3
0.180186,0.55778,2,4,3
0.180552,0.5781,2,4,3
0.180918,0.590703,2,4,3
0.181168,0.479528,2,4,3
0.181854,0.5195,2,4,3
0.182454,0.645187,2,4,3
0.182912,0.39324,2,4,3
0.182999,0.550445,2,4,3
0.1834,0.386353,2,4,3
0.183899,0.41805,2,4,3
0.184484,0.412023,2,4,3
0.185064,0.490682,2,4,3
0.185588,0.552393,2,4,3
0.186615,0.362717,2,4,3
0.187541,0.371403,2,4,3
0.188003,0.358063,2,4,3
0.189351,0.478363,2,4,3
0.189865,0.513922,2,4,3
0.190694,0.595525,2,4,3
0.19104,0.597047,2,4,3
0.191493,0.42334,2,4,3
0.191747,0.552358,2,4,3
0.191971,0.565308,2,4,3
0.192368,0.443462,2,4,3
0.19249,0.433288,2,4,3
0.192958,0.404678,2,4,3
0.193329,0.483948,2,4,3
0.193568,0.559322,2,4,3
0.194453,0.605977,2,4,3
0.194682,0.636567,2,4,3
0.194972,0.560933,2,4,3
0.195725,0.43548,2,4,3
0.19606,0.37496,2,4,3
0.196177,0.4346,2,4,3
0.197006,0.539413,2,4,3
0.19754,0.496913,2,4,3
0.198008,0.562693,2,4,3
0.19814,0.53478,2,4,3
0.198568,0.474935,2,4,3
0.199626,0.617595,2,4,3
0.19991,0.506133,2,4,3
0.20049,0.512157,2,4,3
0.200979,0.44985,2,4,3
0.201619,0.471477,2,4,3
0.202082,0.445618,2,4,3
0.202438,0.463063,2,4,3
0.203278,0.55723,2,4,3
0.203435,0.567022,2,4,3
0.203705,0.463185,2,4,3
0.203888,0.456893,2,4,3
0.204529,0.581177,2,4,3
0.205007,0.40712,2,4,3
0.205871,0.591258,2,4,3
0.206619,0.400137,2,4,3
0.20783,0.58989,2,4,3
0.208313,0.56072,2,4,3
0.209096,0.490932,2,4,3
0.209529,0.496195,2,4,3
0.209895,0.541743,2,4,3
0.210556,0.535385,2,4,3
0.211695,0.556742,2,4,3
0.212128,0.431828,2,4,3
0.213069,0.504542,2,4,3
0.213399,0.477677,2,4,3
0.213704,0.449865,2,4,3
0.214005,0.48853,2,4,3
0.214498,0.382187,2,4,3
0.215317,0.605463,2,4,3
0.216171,0.44899,2,4,3
0.216517,0.529388,2,4,3
0.216838,0.394562,2,4,3
0.217728,0.607798,2,4,3
0.219101,0.54978,2,4,3
0.219996,0.568685,2,4,3
0.220571,0.60026,2,4,3
0.221441,0.458913,2,4,3
0.22173,0.419408,2,4,3
0.221919,0.446583,2,4,3
0.222372,0.483002,2,4,3
0.222788,0.55692,2,4,3
0.22318,0.407522,2,4,3
0.224548,0.596643,2,4,3
0.224813,0.414713,2,4,3
0.225489,0.447168,2,4,3
0.226359,0.575282,2,4,3
0.227132,0.452195,2,4,3
0.228811,0.458847,2,4,3
0.229675,0.47672,2,4,3
0.230352,0.42011,2,4,3
0.230652,0.463593,2,4,3
0.231989,0.58958,2,4,3
0.23263,0.407308,2,4,3
0.233556,0.414368,2,4,3
0.234487,0.529027,2,4,3
0.235692,0.568603,2,4,3
0.236786,0.502502,2,4,3
0.237432,0.438187,2,4,3
0.238159,0.5003,2,4,3
0.238693,0.548422,2,4,3
0.238937,0.432912,2,4,3
0.240245,0.448715,2,4,3
0.240728,0.563293,2,4,3
0.241694,0.549367,2,4,3
0.242869,0.550767,2,4,3
0.243703,0.480382,2,4,3
0.24468,0.529252,2,4,3
0.245077,0.46312,2,4,3
0.246363,0.453338,2,4,3
0.248266,0.568232,2,4,3
0.248698,0.517462,2,4,3
0.250798,0.42867,2,4,3
0.252533,0.511027,2,4,3
0.252991,0.51381,2,4,3
0.25411,0.462708,2,4,3
0.254471,0.525893,2,4,3
0.256119,0.532572,2,4,3
0.256739,0.424983,2,4,3
0.257477,0.48821,2,4,3
0.259643,0.47556,2,4,3
0.259862,0.510757,2,4,3
0.260284,0.561233,2,4,3
0.261134,0.507487,2,4,3
0.262421,0.547943,2,4,3
0.263657,0.532338,2,4,3
0.265122,0.43459,2,4,3
0.266327,0.522058,2,4,3
0.26768,0.472753,2,4,3
0.267939,0.501602,2,4,3
0.268107,0.447577,2,4,3
0.269984,0.486522,2,4,3
0.270996,0.454503,2,4,3
0.273092,0.557693,2,4,3
0.274089,0.535137,2,4,3
0.276133,0.47729,2,4,3
0.278407,0.530162,2,4,3
0.280462,0.493835,2,4,3
0.281586,0.473663,2,4,3
0.282934,0.462632,2,4,3
0.285884,0.479513,2,4,3
0.286616,0.539607,2,4,3
0.288727,0.50975,2,4,3
0.291301,0.51508,2,4,3
0.29275,0.516597,2,4,3
0.296611,0.512522,2,4,3
0.297724,0.534455,2,4,3
0.300842,0.507003,2,4,3
0.302078,0.477743,2,4,3
0.30392,0.49878,2,4,3
0.307098,0.495488,2,4,3
0.308294,0.51947,2,4,3
0.31513,0.496053,2,4,3
0.320241,0.502712,2,4,3
0.341634,0.502605,2,4,4
0.345912,0.494263,2,4,4
0.349452,0.510808,2,4,4
0.353205,0.495503,2,4,4
0.358271,0.498907,2,4,4
0.363302,0.51914,2,4,4
0.366043,0.475932,2,4,4
0.368973,0.526377,2,4,4
0.369802,0.472528,2,4,4
0.371145,0.529983,2,4,4
0.372432,0.536632,2,4,4
0.373596,0.537537,2,4,4
0.373759,0.483958,2,4,4
0.374675,0.532787,2,4,4
0.376867,0.516845,2,4,4
0.378464,0.490117,2,4,4
0.37944,0.52245,2,4,4
0.380844,0.475082,2,4,4
0.381811,0.522943,2,4,4
0.384506,0.535568,2,4,4
0.385386,0.54272,2,4,4
0.386663,0.491415,2,4,4
0.389587,0.540243,2,4,4
0.390722,0.48907,2,4,4
0.392161,0.469442,2,4,4
0.393651,0.544413,2,4,4
0.39447,0.5486,2,4,4
0.396566,0.505905,2,4,4
0.397954,0.470072,2,4,4
0.398432,0.463522,2,4,4
0.399612,0.456202,2,4,4
0.401072,0.4393,2,4,4
0.402288,0.529627,2,4,4
0.404032,0.48731,2,4,4
0.40539,0.484603,2,4,4
0.406006,0.440257,2,4,4
0.407354,0.517747,2,4,4
0.409602,0.480332,2,4,4
0.41095,0.496348,2,4,4
0.411418,0.451878,2,4,4
0.412308,0.460155,2,4,4
0.413401,0.483948,2,4,4
0.414459,0.52239,2,4,4
0.414683,0.491308,2,4,4
0.416824,0.481802,2,4,4
0.417501,0.578812,2,4,4
0.418874,0.578772,2,4,4
0.419388,0.448343,2,4,4
0.419998,0.418925,2,4,4
0.420715,0.545772,2,4,4
0.421936,0.521617,2,4,4
0.422089,0.583217,2,4,4
0.423335,0.531612,2,4,4
0.423803,0.439743,2,4,4
0.424154,0.43929,2,4,4
0.42455,0.565083,2,4,4
0.425293,0.541032,2,4,4
0.425944,0.479273,2,4,4
0.427185,0.564347,2,4,4
0.427989,0.479132,2,4,4
0.429932,0.494843,2,4,4
0.430451,0.560445,2,4,4
0.430552,0.553427,2,4,4
0.430705,0.57964,2,4,4
0.431717,0.446107,2,4,4
0.432338,0.51976,2,4,4
0.433289,0.535655,2,4,4
0.434112,0.566523,2,4,4
0.435348,0.502127,2,4,4
0.435771,0.424057,2,4,4
0.43605,0.472052,2,4,4
0.436884,0.419168,2,4,4
0.437327,0.4738,2,4,4
0.437948,0.407217,2,4,4
0.438268,0.550928,2,4,4
0.438711,0.568227,2,4,4
0.439407,0.448588,2,4,4
0.440303,0.542582,2,4,4
0.44071,0.581843,2,4,4
0.441304,0.598135,2,4,4
0.441462,0.566682,2,4,4
0.442108,0.540395,2,4,4
0.44222,0.445058,2,4,4
0.442719,0.478948,2,4,4
0.443283,0.449947,2,4,4
0.444005,0.477702,2,4,4
0.444616,0.407338,2,4,4
0.445674,0.5177,2,4,4
0.446238,0.561773,2,4,4
0.447327,0.522095,2,4,4
0.448344,0.519842,2,4,4
0.449946,0.464397,2,4,4
0.450582,0.610347,2,4,4
0.452586,0.609913,2,4,4
0.4537,0.46522,2,4,4
0.454285,0.485332,2,4,4
0.454961,0.514455,2,4,4
0.455419,0.416753,2,4,4
0.45578,0.40178,2,4,4
0.457067,0.510645,2,4,4
0.459478,0.417643,2,4,4
0.460149,0.384185,2,4,4
0.460495,0.473715,2,4,4
0.460739,0.552333,2,4,4
0.461131,0.481257,2,4,4
0.461909,0.4912,2,4,4
0.462875,0.47283,2,4,4
0.463272,0.434337,2,4,4
0.464483,0.560435,2,4,4
0.465083,0.422822,2,4,4
0.465815,0.500107,2,4,4
0.466059,0.60078,2,4,4
0.467804,0.620997,2,4,4
0.468389,0.518982,2,4,4
0.468536,0.52333,2,4,4
0.468999,0.6294,2,4,4
0.469396,0.40423,2,4,4
0.470149,0.62055,2,4,4
0.471039,0.375498,2,4,4
0.471308,0.46139,2,4,4
0.472087,0.630952,2,4,4
0.473602,0.52125,2,4,4
0.47406,0.381927,2,4,4
0.475092,0.424327,2,4,4
0.476328,0.614695,2,4,4
0.477102,0.641892,2,4,4
0.477458,0.36967,2,4,4
0.477971,0.517603,2,4,4
0.478978,0.631673,2,4,4
0.479457,0.492203,2,4,4
0.479884,0.411198,2,4,4
0.480489,0.556483,2,4,4
0.480799,0.367828,2,4,4
0.481756,0.642608,2,4,4
0.48228,0.354335,2,4,4
0.482895,0.429778,2,4,4
0.48318,0.62261,2,4,4
0.483765,0.400427,2,4,4
0.484258,0.592342,2,4,4
0.485001,0.507375,2,4,4
0.485769,0.481675,2,4,4
0.486425,0.45963,2,4,4
0.486694,0.558278,2,4,4
0.487356,0.607935,2,4,4
0.488017,0.534963,2,4,4
0.488363,0.397648,2,4,4
0.489324,0.418198,2,4,4
0.489772,0.633657,2,4,4
0.490728,0.428308,2,4,4
0.491221,0.640432,2,4,4
0.492015,0.376607,2,4,4
0.492289,0.62202,2,4,4
0.49319,0.438135,2,4,4
0.493551,0.370407,2,4,4
0.49411,0.658173,2,4,4
0.495382,0.605525,2,4,4
0.495783,0.360198,2,4,4
0.496139,0.571412,2,4,4
0.496374,0.440063,2,4,4
0.496435,0.60697,2,4,4
0.497213,0.477865,2,4,4
0.497889,0.62441,2,4,4
0.498535,0.520273,2,4,4
0.499263,0.523417,2,4,4
0.499903,0.576273,2,4,4
0.500183,0.620783,2,4,4
0.501108,0.454062,2,4,4
0.501968,0.386312,2,4,4
0.50237,0.613398,2,4,4
0.502508,0.458207,2,4,4
0.503133,0.424347,2,4,4
0.50324,0.478713,2,4,4
0.50379,0.617997,2,4,4
0.504207,0.518453,2,4,4
0.504547,0.463048,2,4,4
0.505253,0.405105,2,4,4
0.505828,0.472845,2,4,4
0.506815,0.525533,2,4,4
0.507008,0.443603,2,4,4
0.507472,0.463125,2,4,4
0.50799,0.64889,2,4,4
0.508408,0.536612,2,4,4
0.508458,0.45549,2,4,4
0.508932,0.528758,2,4,4
0.509678,0.580933,2,4,4
0.510508,0.570827,2,4,4
0.51093,0.39088,2,4,4
0.511368,0.587763,2,4,4
0.511627,0.429815,2,4,4
0.512303,0.544433,2,4,4
0.512893,0.397462,2,4,4
0.513275,0.614248,2,4,4
0.513632,0.631403,2,4,4
0.514502,0.353393,2,4,4
0.514837,0.362127,2,4,4
0.515682,0.366542,2,4,4
0.51592,0.647207,2,4,4
0.517242,0.434478,2,4,4
0.517502,0.490702,2,4,4
0.518127,0.48029,2,4,4
0.519862,0.536885,2,4,4
0.520273,0.429733,2,4,4
0.520925,0.410608,2,4,4
0.521475,0.38475,2,4,4
0.522578,0.55482,2,4,4
0.524002,0.586457,2,4,4
0.524307,0.363317,2,4,4
0.52478,0.62267,2,4,4
0.525248,0.401525,2,4,4
0.526067,0.516612,2,4,4
0.527155,0.402562,2,4,4
0.527847,0.473852,2,4,4
0.528575,0.566355,2,4,4
0.529037,0.442418,2,4,4
0.529663,0.611953,2,4,4
0.53004,0.580277,2,4,4
0.530395,0.48206,2,4,4
0.530893,0.380452,2,4,4
0.531183,0.489965,2,4,4
0.531703,0.620818,2,4,4
0.531993,0.519393,2,4,4
0.53333,0.540747,2,4,4
0.533833,0.492488,2,4,4
0.534485,0.569448,2,4,4
0.535028,0.465098,2,4,4
0.535487,0.541947,2,4,4
0.536062,0.38826,2,4,4
0.536607,0.37706,2,4,4
0.537802,0.510152,2,4,4
0.538387,0.560487,2,4,4
0.538997,0.413992,2,4,4
0.539047,0.38586,2,4,4
0.539577,0.413402,2,4,4
0.540487,0.481613,2,4,4
0.540858,0.406677,2,4,4
0.54096,0.44934,2,4,4
0.54125,0.625117,2,4,4
0.541473,0.390208,2,4,4
0.54188,0.608693,2,4,4
0.543187,0.465708,2,4,4
0.544123,0.539363,2,4,4
0.5448,0.425695,2,4,4
0.545827,0.381423,2,4,4
0.546397,0.46255,2,4,4
0.547108,0.463918,2,4,4
0.547582,0.399775,2,4,4
0.54777,0.469208,2,4,4
0.548253,0.447083,2,4,4
0.549667,0.473902,2,4,4
0.550237,0.570378,2,4,4
0.550512,0.45729,2,4,4
0.55128,0.521342,2,4,4
0.55191,0.594238,2,4,4
0.552688,0.39951,2,4,4
0.55395,0.429312,2,4,4
0.555368,0.446568,2,4,4
0.557622,0.47404,2,4,4
0.558207,0.505173,2,4,4
0.559245,0.605473,2,4,4
0.560197,0.438807,2,4,4
0.561722,0.460632,2,4,4
0.562073,0.398228,2,4,4
0.562668,0.55487,2,4,4
0.562775,0.546483,2,4,4
0.5631,0.515838,2,4,4
0.563522,0.577967,2,4,4
0.564453,0.50649,2,4,4
0.564808,0.496475,2,4,4
0.565415,0.506892,2,4,4
0.56574,0.495545,2,4,4
0.56688,0.58345,2,4,4
0.567597,0.429795,2,4,4
0.56785,0.579538,2,4,4
0.56866,0.405422,2,4,4
0.570948,0.509542,2,4,4
0.571573,0.573075,2,4,4
0.572275,0.470718,2,4,4
0.572647,0.466482,2,4,4
0.573135,0.563725,2,4,4
0.574417,0.585455,2,4,4
0.575033,0.471553,2,4,4
0.575373,0.450328,2,4,4
0.576385,0.436548,2,4,4
0.576568,0.561818,2,4,4
0.57758,0.545482,2,4,4
0.578267,0.547887,2,4,4
0.57843,0.48643,2,4,4
0.578868,0.498602,2,4,4
0.579478,0.513595,2,4,4
0.579697,0.437993,2,4,4
0.5802,0.423122,2,4,4
0.581588,0.505045,2,4,4
0.582728,0.560465,2,4,4
0.582788,0.516342,2,4,4
0.582967,0.498617,2,4,4
0.58309,0.468847,2,4,4
0.585175,0.56487,2,4,4
0.587015,0.473088,2,4,4
0.587738,0.423228,2,4,4
0.588257,0.508372,2,4,4
0.58987,0.573633,2,4,4
0.589965,0.504578,2,4,4
0.591832,0.446513,2,4,4
0.594513,0.458918,2,4,4
0.594762,0.556768,2,4,4
0.596172,0.440817,2,4,4
0.598078,0.547297,2,4,4
0.599395,0.49237,2,4,4
0.600703,0.537058,2,4,4
0.602702,0.54212,2,4,4
0.603418,0.447993,2,4,4
0.60467,0.475972,2,4,4
0.605183,0.533533,2,4,4
0.607778,0.527893,2,4,4
0.609558,0.555343,2,4,4
0.610957,0.476182,2,4,4
0.611277,0.505508,2,4,4
0.612055,0.449528,2,4,4
0.61351,0.453837,2,4,4
0.61587,0.491923,2,4,4
0.616063,0.530405,2,4,4
0.619028,0.539485,2,4,4
0.621007,0.47613,2,4,4
0.621928,0.518047,2,4,4
0.624487,0.463705,2,4,4
0.626098,0.514673,2,4,4
0.626882,0.463817,2,4,4
0.63118,0.476328,2,4,4
0.631948,0.48883,2,4,4
0.633947,0.532038,2,4,4
0.63856,0.52243,2,4,4
0.641703,0.517263,2,4,4
0.647903,0.497152,2,4,4
0.662272,0.50057,2,4,4
0.680085,0.512147,2,4,5
0.687718,0.506363,2,4,5
0.689463,0.520945,2,4,5
0.691015,0.513718,2,4,5
0.69453,0.481013,2,4,5
0.700348,0.495702,2,4,5
0.702072,0.509073,2,4,5
0.70281,0.492278,2,4,5
0.705185,0.505193,2,4,5
0.706742,0.460765,2,4,5
0.707977,0.476802,2,4,5
0.710078,0.51566,2,4,5
0.712057,0.483438,2,4,5
0.715443,0.50675,2,4,5
0.716618,0.54924,2,4,5
0.71756,0.455327,2,4,5
0.718277,0.534037,2,4,5
0.718755,0.530762,2,4,5
0.724253,0.496338,2,4,5
0.724722,0.519222,2,4,5
0.725352,0.486212,2,4,5
0.726628,0.48321,2,4,5
0.729507,0.476787,2,4,5
0.732493,0.439275,2,4,5
0.732982,0.494537,2,4,5
0.73439,0.459087,2,4,5
0.735382,0.555333,2,4,5
0.73733,0.445785,2,4,5
0.73761,0.510513,2,4,5
0.738093,0.482193,2,4,5
0.738693,0.568013,2,4,5
0.73939,0.441258,2,4,5
0.741227,0.533152,2,4,5
0.741552,0.469457,2,4,5
0.74261,0.542898,2,4,5
0.743897,0.472508,2,4,5
0.745005,0.522908,2,4,5
0.748468,0.439778,2,4,5
0.749328,0.575435,2,4,5
0.750722,0.533925,2,4,5
0.751123,0.546097,2,4,5
0.752833,0.472677,2,4,5
0.755132,0.509303,2,4,5
0.756247,0.578227,2,4,5
0.757722,0.49296,2,4,5
0.758203,0.591338,2,4,5
0.758952,0.526652,2,4,5
0.760732,0.515045,2,4,5
0.761825,0.508692,2,4,5
0.762812,0.494725,2,4,5
0.76499,0.535757,2,4,5
0.765325,0.423798,2,4,5
0.766012,0.404428,2,4,5
0.766567,0.46848,2,4,5
0.768,0.51502,2,4,5
0.769023,0.59431,2,4,5
0.770192,0.423717,2,4,5
0.771443,0.46877,2,4,5
0.771775,0.593333,2,4,5
0.772343,0.433447,2,4,5
0.772878,0.402135,2,4,5
0.773682,0.490808,2,4,5
0.774078,0.444952,2,4,5
0.77475,0.474828,2,4,5
0.775105,0.424582,2,4,5
0.775432,0.431712,2,4,5
0.77649,0.407908,2,4,5
0.776993,0.51476,2,4,5
0.777278,0.409892,2,4,5
0.778132,0.511327,2,4,5
0.779332,0.595322,2,4,5
0.779698,0.603718,2,4,5
0.779948,0.556432,2,4,5
0.780105,0.425247,2,4,5
0.780818,0.552755,2,4,5
0.781453,0.57727,2,4,5
0.781805,0.418722,2,4,5
0.782425,0.592503,2,4,5
0.783183,0.450852,2,4,5
0.783473,0.591028,2,4,5
0.783997,0.437545,2,4,5
0.784535,0.513667,2,4,5
0.785472,0.566355,2,4,5
0.785737,0.562047,2,4,5
0.786418,0.615143,2,4,5
0.78684,0.49588,2,4,5
0.78712,0.47846,2,4,5
0.787542,0.393127,2,4,5
0.788462,0.613607,2,4,5
0.788955,0.573532,2,4,5
0.789678,0.386703,2,4,5
0.790903,0.51772,2,4,5
0.79184,0.524338,2,4,5
0.792522,0.48761,2,4,5
0.79273,0.487102,2,4,5
0.793065,0.580235,2,4,5
0.794067,0.440567,2,4,5
0.794475,0.460327,2,4,5
0.795343,0.510575,2,4,5
0.795802,0.477763,2,4,5
0.79625,0.463185,2,4,5
0.79654,0.558105,2,4,5
0.79689,0.62705,2,4,5
0.797393,0.599395,2,4,5
0.79862,0.577632,2,4,5
0.798803,0.541957,2,4,5
0.799877,0.406917,2,4,5
0.799952,0.628158,2,4,5
0.800288,0.390253,2,4,5
0.801412,0.407827,2,4,5
0.801478,0.562653,2,4,5
0.801865,0.566228,2,4,5
0.802592,0.389582,2,4,5
0.802938,0.449178,2,4,5
0.80391,0.485448,2,4,5
0.804372,0.606643,2,4,5
0.804515,0.381113,2,4,5
0.804758,0.45876,2,4,5
0.80571,0.58694,2,4,5
0.80691,0.437378,2,4,5
0.808125,0.575363,2,4,5
0.808512,0.605275,2,4,5
0.809022,0.440512,2,4,5
0.809377,0.641753,2,4,5
0.809972,0.563182,2,4,5
0.810242,0.422913,2,4,5
0.810822,0.569748,2,4,5
0.811183,0.520737,2,4,5
0.812363,0.577988,2,4,5
0.812892,0.570328,2,4,5
0.813273,0.455257,2,4,5
0.81342,0.367533,2,4,5
0.813675,0.442245,2,4,5
0.814218,0.366643,2,4,5
0.814637,0.563955,2,4,5
0.815002,0.37915,2,4,5
0.815837,0.48908,2,4,5
0.816325,0.555953,2,4,5
0.81722,0.647008,2,4,5
0.817902,0.529322,2,4,5
0.818237,0.620667,2,4,5
0.818638,0.40391,2,4,5
0.819275,0.542572,2,4,5
0.819768,0.46789,2,4,5
0.82018,0.60849,2,4,5
0.820698,0.626592,2,4,5
0.821813,0.515727,2,4,5
0.82284,0.619868,2,4,5
0.823618,0.385203,2,4,5
0.824045,0.393508,2,4,5
0.824575,0.617295,2,4,5
0.82491,0.527303,2,4,5
0.825602,0.529103,2,4,5
0.826263,0.439947,2,4,5
0.826573,0.54271,2,4,5
0.826833,0.506475,2,4,5
0.827688,0.554637,2,4,5
0.827967,0.429077,2,4,5
0.82841,0.531072,2,4,5
0.828965,0.640442,2,4,5
0.829493,0.418568,2,4,5
0.830007,0.628917,2,4,5
0.830138,0.38356,2,4,5
0.83047,0.596675,2,4,5
0.830872,0.486802,2,4,5
0.831162,0.582987,2,4,5
0.831472,0.373448,2,4,5
0.832138,0.566868,2,4,5
0.832473,0.570222,2,4,5
0.833105,0.476517,2,4,5
0.833975,0.412415,2,4,5
0.834493,0.399058,2,4,5
0.8349,0.614563,2,4,5
0.835175,0.473582,2,4,5
0.835342,0.533,2,4,5
0.836238,0.41184,2,4,5
0.836812,0.348592,2,4,5
0.837067,0.554387,2,4,5
0.837213,0.553518,2,4,5
0.837352,0.648255,2,4,5
0.837733,0.378225,2,4,5
0.83846,0.51239,2,4,5
0.83873,0.643773,2,4,5
0.839412,0.617498,2,4,5
0.839853,0.531768,2,4,5
0.840988,0.522603,2,4,5
0.841462,0.389837,2,4,5
0.841787,0.362442,2,4,5
0.842758,0.512655,2,4,5
0.844573,0.494945,2,4,5
0.84524,0.442688,2,4,5
0.845968,0.366968,2,4,5
0.846237,0.366073,2,4,5
0.84672,0.647477,2,4,5
0.84703,0.510025,2,4,5
0.847193,0.591328,2,4,5
0.847535,0.459513,2,4,5
0.848058,0.56693,2,4,5
0.848867,0.55425,2,4,5
0.84931,0.372432,2,4,5
0.849538,0.610662,2,4,5
0.850592,0.428878,2,4,5
0.85114,0.46318,2,4,5
0.851938,0.365962,2,4,5
0.852402,0.490255,2,4,5
0.853465,0.507985,2,4,5
0.853852,0.576665,2,4,5
0.854558,0.606578,2,4,5
0.855138,0.461608,2,4,5
0.85523,0.377432,2,4,5
0.85555,0.412765,2,4,5
0.855698,0.571675,2,4,5
0.85616,0.524317,2,4,5
0.856893,0.442872,2,4,5
0.85732,0.38181,2,4,5
0.858215,0.510667,2,4,5
0.859152,0.60441,2,4,5
0.859685,0.59672,2,4,5
0.860642,0.518483,2,4,5
0.860998,0.382405,2,4,5
0.861293,0.370143,2,4,5
0.86141,0.472818,2,4,5
0.861842,0.635595,2,4,5
0.862315,0.500987,2,4,5
0.863128,0.492833,2,4,5
0.863562,0.465835,2,4,5
0.86376,0.59109,2,4,5
0.864583,0.439617,2,4,5
0.86496,0.408687,2,4,5
0.866013,0.506745,2,4,5
0.867045,0.546523,2,4,5
0.86737,0.494048,2,4,5
0.867605,0.424062,2,4,5
0.868463,0.452937,2,4,5
0.86885,0.377177,2,4,5
0.869725,0.392608,2,4,5
0.870325,0.46673,2,4,5
0.870518,0.62238,2,4,5
0.871028,0.40865,2,4,5
0.871435,0.492238,2,4,5
0.872635,0.416193,2,4,5
0.873123,0.544383,2,4,5
0.873718,0.603413,2,4,5
0.874323,0.43659,2,4,5
0.874948,0.393315,2,4,5
0.8756,0.57432,2,4,5
0.875697,0.600183,2,4,5
0.876257,0.5964,2,4,5
0.877202,0.532333,2,4,5
0.877777,0.390732,2,4,5
0.877955,0.600012,2,4,5
0.878428,0.549032,2,4,5
0.879212,0.472082,2,4,5
0.879923,0.394028,2,4,5
0.881165,0.546265,2,4,5
0.882853,0.605778,2,4,5
0.883835,0.434402,2,4,5
0.884532,0.566573,2,4,5
0.885142,0.54334,2,4,5
0.885773,0.402537,2,4,5
0.886322,0.5799,2,4,5
0.887033,0.520798,2,4,5
0.88765,0.568227,2,4,5
0.888143,0.483225,2,4,5
0.889048,0.413722,2,4,5
0.889313,0.430623,2,4,5
0.890092,0.429367,2,4,5
0.890665,0.513987,2,4,5
0.891185,0.505677,2,4,5
0.891912,0.543935,2,4,5
0.892462,0.420048,2,4,5
0.892908,0.542013,2,4,5
0.894383,0.464253,2,4,5
0.89447,0.499757,2,4,5
0.895777,0.40599,2,4,5
0.896153,0.57167,2,4,5
0.896887,0.408065,2,4,5
0.897898,0.547725,2,4,5
0.89886,0.468567,2,4,5
0.899668,0.47431,2,4,5
0.900798,0.50115,2,4,5
0.901983,0.404373,2,4,5
0.902415,0.570725,2,4,5
0.902527,0.497858,2,4,5
0.903183,0.488088,2,4,5
0.90536,0.46753,2,4,5
0.908025,0.46406,2,4,5
0.909063,0.556615,2,4,5
0.909428,0.412455,2,4,5
0.91042,0.45426,2,4,5
0.91122,0.431747,2,4,5
0.911637,0.446883,2,4,5
0.912308,0.48822,2,4,5
0.915152,0.444793,2,4,5
0.915923,0.551682,2,4,5
0.916037,0.476358,2,4,5
0.917078,0.482478,2,4,5
0.919322,0.483805,2,4,5
0.921035,0.55603,2,4,5
0.92127,0.43282,2,4,5
0.923772,0.457632,2,4,5
0.925242,0.446035,2,4,5
0.926692,0.567088,2,4,5
0.928315,0.51683,2,4,5
0.929555,0.478007,2,4,5
0.931082,0.497142,2,4,5
0.931635,0.522053,2,4,5
0.932713,0.445663,2,4,5
0.933008,0.492843,2,4,5
0.93487,0.482967,2,4,5
0.936702,0.488297,2,4,5
0.937332,0.467488,2,4,5
0.937602,0.459538,2,4,5
0.93983,0.49116,2,4,5
0.943003,0.54894,2,4,5
0.945867,0.511648,2,4,5
0.946767,0.448105,2,4,5
0.947733,0.501312,2,4,5
0.948863,0.494263,2,4,5
0.950272,0.470265,2,4,5
0.952188,0.479883,2,4,5
0.952495,0.543335,2,4,5
0.954463,0.517415,2,4,5
0.956487,0.51682,2,4,5
0.958298,0.484162,2,4,5
0.960393,0.53446,2,4,5
0.9643,0.489207,2,4,5
0.969335,0.506185,2,4,5
0.970612,0.50858,2,4,5
0.971888,0.510183,2,4,5
0.9782,0.508595,2,4,5
0.982087,0.483795,2,4,5
0.986135,0.509923,2,4,5
0.010473,0.83428,3,6,6
0.014653,0.82048,3,6,6
0.018067,0.838512,3,6,6
0.02272,0.83869,3,6,6
0.028183,0.853338,3,6,6
0.031957,0.824142,3,6,6
0.033523,0.838668,3,6,6
0.035955,0.86588,3,6,6
0.03864,0.853418,3,6,6
0.040477,0.80752,3,6,6
0.040873,0.853963,3,6,6
0.041885,0.806305,3,6,6
0.042903,0.80424,3,6,6
0.044952,0.859467,3,6,6
0.045878,0.855148,3,6,6
0.04837,0.837647,3,6,6
0.055125,0.7948,3,6,6
0.057143,0.838577,3,6,6
0.057358,0.876247,3,6,6
0.058298,0.791753,3,6,6
0.059952,0.816533,3,6,6
0.060705,0.776855,3,6,6
0.061987,0.77769,3,6,6
0.063298,0.795043,3,6,6
0.06456,0.840567,3,6,6
0.065207,0.863743,3,6,6
0.065822,0.77271,3,6,6
0.06756,0.809713,3,6,6
0.069798,0.840597,3,6,6
0.071427,0.873093,3,6,6
0.073343,0.905325,3,6,6
0.075048,0.831742,3,6,6
0.075902,0.828497,3,6,6
0.078018,0.863143,3,6,6
0.078755,0.827052,3,6,6
0.080012,0.89473,3,6,6
0.080408,0.859812,3,6,6
0.08109,0.846197,3,6,6
0.082865,0.891765,3,6,6
0.083745,0.790323,3,6,6
0.084803,0.899628,3,6,6
0.085835,0.830495,3,6,6
0.086227,0.85586,3,6,6
0.086593,0.809652,3,6,6
0.087347,0.879502,3,6,6
0.087758,0.90975,3,6,6
0.089147,0.794438,3,6,6
0.090302,0.874343,3,6,6
0.090963,0.821895,3,6,6
0.09169,0.813618,3,6,6
0.09315,0.749343,3,6,6
0.093735,0.829875,3,6,6
0.094137,0.741928,3,6,6
0.0958,0.87353,3,6,6
0.096318,0.748967,3,6,6
0.097488,0.827733,3,6,6
0.097682,0.809825,3,6,6
0.099293,0.842087,3,6,6
0.099985,0.738378,3,6,6
0.101695,0.766988,3,6,6
0.10198,0.849813,3,6,6
0.103247,0.779663,3,6,6
0.104462,0.852702,3,6,6
0.104915,0.88238,3,6,6
0.105993,0.792222,3,6,6
0.106675,0.884958,3,6,6
0.108002,0.816325,3,6,6
0.109375,0.80362,3,6,6
0.109888,0.808437,3,6,6
0.11059,0.766448,3,6,6
0.110815,0.871028,3,6,6
0.111445,0.919805,3,6,6
0.112167,0.937108,3,6,6
0.113322,0.7804,3,6,6
0.113825,0.833893,3,6,6
0.114618,0.905182,3,6,6
0.115377,0.933197,3,6,6
0.115972,0.930787,3,6,6
0.116587,0.895127,3,6,6
0.117157,0.836243,3,6,6
0.118555,0.893047,3,6,6
0.119308,0.888783,3,6,6
0.120305,0.932552,3,6,6
0.120773,0.78421,3,6,6
0.121017,0.717937,3,6,6
0.121973,0.953197,3,6,6
0.122253,0.802567,3,6,6
0.122722,0.807235,3,6,6
0.123052,0.873582,3,6,6
0.123377,0.928177,3,6,6
0.123662,0.724528,3,6,6
0.124187,0.937118,3,6,6
0.124293,0.735652,3,6,6
0.125255,0.722148,3,6,6
0.126398,0.723693,3,6,6
0.12732,0.87531,3,6,6
0.127513,0.724147,3,6,6
0.128067,0.7476,3,6,6
0.128942,0.887925,3,6,6
0.129028,0.923117,3,6,6
0.129105,0.926818,3,6,6
0.129913,0.73288,3,6,6
0.130397,0.771093,3,6,6
0.130793,0.91891,3,6,6
0.131403,0.814707,3,6,6
0.131653,0.704367,3,6,6
0.132248,0.888798,3,6,6
0.13265,0.791763,3,6,6
0.133285,0.839325,3,6,6
0.133488,0.92011,3,6,6
0.133835,0.72817,3,6,6
0.134562,0.707317,3,6,6
0.135427,0.810008,3,6,6
0.135967,0.776448,3,6,6
0.136073,0.907852,3,6,6
0.136312,0.869018,3,6,6
0.136733,0.949357,3,6,6
0.138337,0.955433,3,6,6
0.139292,0.757737,3,6,6
0.14002,0.891753,3,6,6
0.140228,0.78448,3,6,6
0.141042,0.905105,3,6,6
0.141453,0.924275,3,6,6
0.141567,0.819463,3,6,6
0.14185,0.725743,3,6,6
0.142543,0.702728,3,6,6
0.142797,0.848388,3,6,6
0.14325,0.949372,3,6,6
0.14389,0.847865,3,6,6
0.14505,0.977442,3,6,6
0.145472,0.759018,3,6,6
0.146495,0.722727,3,6,6
0.147338,0.722092,3,6,6
0.147507,0.714615,3,6,6
0.147873,0.8163,3,6,6
0.148432,0.825607,3,6,6
0.149262,0.708765,3,6,6
0.149408,0.935502,3,6,6
0.149582,0.926813,3,6,6
0.150655,0.861115,3,6,6
0.151128,0.973465,3,6,6
0.151927,0.780187,3,6,6
0.15299,0.82903,3,6,6
0.153722,0.889587,3,6,6
0.154592,0.978847,3,6,6
0.155177,0.919555,3,6,6
0.15562,0.946772,3,6,6
0.156408,0.777933,3,6,6
0.157155,0.686355,3,6,6
0.157212,0.692637,3,6,6
0.15798,0.73672,3,6,6
0.158925,0.70607,3,6,6
0.160137,0.84995,3,6,6
0.160512,0.929718,3,6,6
0.160583,0.779887,3,6,6
0.161392,0.705998,3,6,6
0.161778,0.74673,3,6,6
0.162338,0.895868,3,6,6
0.162562,0.970032,3,6,6
0.163493,0.762512,3,6,6
0.164423,0.974238,3,6,6
0.164627,0.744853,3,6,6
0.16479,0.784093,3,6,6
0.165197,0.952587,3,6,6
0.166412,0.933273,3,6,6
0.166637,0.775437,3,6,6
0.167155,0.901007,3,6,6
0.167531,0.780843,3,6,6
0.168121,0.926992,3,6,6
0.168213,0.732687,3,6,6
0.168884,0.94636,3,6,6
0.16923,0.76794,3,6,6
0.169871,0.908178,3,6,6
0.170217,0.975322,3,6,6
0.170354,0.895228,3,6,6
0.170843,0.801528,3,6,6
0.171824,0.969122,3,6,6
0.172241,0.973012,3,6,6
0.172602,0.739303,3,6,6
0.172994,0.850322,3,6,6
0.17334,0.719965,3,6,6
0.174032,0.769287,3,6,6
0.174678,0.82104,3,6,6
0.174957,0.94872,3,6,6
0.176051,0.685603,3,6,6
0.177556,0.965718,3,6,6
0.178355,0.711395,3,6,6
0.178502,0.879685,3,6,6
0.178833,0.861155,3,6,6
0.179271,0.822587,3,6,6
0.179911,0.82255,3,6,6
0.180537,0.936285,3,6,6
0.181534,0.84821,3,6,6
0.182103,0.860102,3,6,6
0.18337,0.725785,3,6,6
0.183716,0.950837,3,6,6
0.18393,0.89182,3,6,6
0.184326,0.706395,3,6,6
0.184509,0.752462,3,6,6
0.18485,0.846643,3,6,6
0.185557,0.874868,3,6,6
0.186752,0.828363,3,6,6
0.187612,0.922068,3,6,6
0.188227,0.95315,3,6,6
0.188873,0.877762,3,6,6
0.190445,0.80544,3,6,6
0.19132,0.950103,3,6,6
0.192139,0.767598,3,6,6
0.193044,0.895863,3,6,6
0.194112,0.714273,3,6,6
0.195048,0.9263,3,6,6
0.196447,0.857367,3,6,6
0.196879,0.736537,3,6,6
0.197525,0.744348,3,6,6
0.198115,0.916468,3,6,6
0.199046,0.791097,3,6,6
0.19928,0.893422,3,6,6
0.199661,0.954137,3,6,6
0.200292,0.767288,3,6,6
0.201172,0.824223,3,6,6
0.201503,0.885372,3,6,6
0.202093,0.82163,3,6,6
0.202703,0.760157,3,6,6
0.203034,0.820292,3,6,6
0.203654,0.707143,3,6,6
0.20462,0.878108,3,6,6
0.205414,0.838378,3,6,6
0.206177,0.751123,3,6,6
0.206634,0.947485,3,6,6
0.207392,0.72432,3,6,6
0.208176,0.714895,3,6,6
0.208852,0.753123,3,6,6
0.208918,0.73495,3,6,6
0.209279,0.836517,3,6,6
0.209895,0.776148,3,6,6
0.211619,0.823603,3,6,6
0.212855,0.76735,3,6,6
0.214167,0.741918,3,6,6
0.214885,0.75475,3,6,6
0.215154,0.73409,3,6,6
0.215358,0.846588,3,6,6
0.215535,0.896468,3,6,6
0.215978,0.87382,3,6,6
0.216339,0.81807,3,6,6
0.216588,0.752873,3,6,6
0.21696,0.872955,3,6,6
0.217397,0.89597,3,6,6
0.217672,0.74297,3,6,6
0.218312,0.889512,3,6,6
0.218633,0.724467,3,6,6
0.219203,0.854147,3,6,6
0.219727,0.904465,3,6,6
0.220551,0.856232,3,6,6
0.221914,0.726177,3,6,6
0.222433,0.775417,3,6,6
0.222829,0.804163,3,6,6
0.224269,0.724772,3,6,6
0.224859,0.82548,3,6,6
0.225133,0.81431,3,6,6
0.225489,0.939315,3,6,6
0.226018,0.861502,3,6,6
0.226537,0.836543,3,6,6
0.227147,0.762507,3,6,6
0.22758,0.809493,3,6,6
0.228246,0.89861,3,6,6
0.228912,0.82636,3,6,6
0.229385,0.789723,3,6,6
0.230225,0.78507,3,6,6
0.230703,0.849142,3,6,6
0.231033,0.869933,3,6,6
0.231506,0.88293,3,6,6
0.23228,0.82455,3,6,6
0.232992,0.747798,3,6,6
0.234726,0.811895,3,6,6
0.236287,0.906047,3,6,6
0.237,0.79628,3,6,6
0.238225,0.868265,3,6,6
0.239497,0.855245,3,6,6
0.240173,0.768753,3,6,6
0.240372,0.874497,3,6,6
0.24084,0.893488,3,6,6
0.241826,0.844447,3,6,6
0.243612,0.861663,3,6,6
0.244365,0.845378,3,6,6
0.245427,0.912695,3,6,6
0.245717,0.87349,3,6,6
0.246119,0.874715,3,6,6
0.246699,0.880717,3,6,6
0.246984,0.90183,3,6,6
0.247436,0.753815,3,6,6
0.249278,0.912217,3,6,6
0.249995,0.840413,3,6,6
0.250636,0.897482,3,6,6
0.251653,0.87911,3,6,6
0.252243,0.858277,3,6,6
0.252599,0.770818,3,6,6
0.2544,0.784698,3,6,6
0.255371,0.766113,3,6,6
0.258179,0.850932,3,6,6
0.258942,0.879492,3,6,6
0.260279,0.881547,3,6,6
0.26149,0.794577,3,6,6
0.262914,0.797693,3,6,6
0.264094,0.864187,3,6,6
0.264872,0.898962,3,6,6
0.265366,0.89092,3,6,6
0.265716,0.782817,3,6,6
0.267283,0.82195,3,6,6
0.268804,0.892375,3,6,6
0.270655,0.842458,3,6,6
0.271703,0.894832,3,6,6
0.273346,0.79982,3,6,6
0.274195,0.803578,3,6,6
0.274902,0.859747,3,6,6
0.276504,0.812723,3,6,6
0.279439,0.876215,3,6,6
0.280523,0.855892,3,6,6
0.282384,0.836613,3,6,6
0.284287,0.859608,3,6,6
0.287872,0.7969,3,6,6
0.28891,0.822027,3,6,6
0.291133,0.834655,3,6,6
0.292521,0.85582,3,6,6
0.294729,0.79892,3,6,6
0.297653,0.80842,3,6,6
0.299968,0.817877,3,6,6
0.301793,0.835617,3,6,6
0.304769,0.826752,3,6,6
0.309469,0.823593,3,6,6
0.310918,0.840927,3,6,6
0.312607,0.817057,3,6,6
0.316066,0.843073,3,6,6
0.317093,0.82101,3,6,6
0.344991,0.826838,2,4,7
0.347382,0.825118,2,4,7
0.349538,0.841903,2,4,7
0.355535,0.829935,2,4,7
0.358668,0.855148,2,4,7
0.359833,0.814957,2,4,7
0.360652,0.820953,2,4,7
0.362493,0.861363,2,4,7
0.36378,0.86228,2,4,7
0.365321,0.825837,2,4,7
0.367422,0.861475,2,4,7
0.369115,0.805313,2,4,7
0.369624,0.862402,2,4,7
0.37295,0.802123,2,4,7
0.373622,0.869598,2,4,7
0.376327,0.823252,2,4,7
0.37941,0.800985,2,4,7
0.380498,0.843073,2,4,7
0.38266,0.859345,2,4,7
0.384003,0.816193,2,4,7
0.385162,0.839223,2,4,7
0.386332,0.808802,2,4,7
0.38709,0.864838,2,4,7
0.388463,0.858353,2,4,7
0.391403,0.885387,2,4,7
0.392014,0.796285,2,4,7
0.393529,0.889715,2,4,7
0.39473,0.819885,2,4,7
0.396128,0.808162,2,4,7
0.397502,0.808715,2,4,7
0.398183,0.798095,2,4,7
0.398463,0.828368,2,4,7
0.401917,0.765767,2,4,7
0.40268,0.853408,2,4,7
0.403641,0.800353,2,4,7
0.404638,0.795105,2,4,7
0.406046,0.786743,2,4,7
0.407567,0.903687,2,4,7
0.408162,0.850693,2,4,7
0.408676,0.765692,2,4,7
0.409755,0.816097,2,4,7
0.410858,0.805283,2,4,7
0.411799,0.898972,2,4,7
0.412521,0.848053,2,4,7
0.414007,0.807098,2,4,7
0.414612,0.88739,2,4,7
0.415115,0.90798,2,4,7
0.416178,0.791503,2,4,7
0.417938,0.804097,2,4,7
0.418767,0.818638,2,4,7
0.419261,0.838353,2,4,7
0.420263,0.852773,2,4,7
0.421107,0.870692,2,4,7
0.422114,0.913767,2,4,7
0.422557,0.79568,2,4,7
0.423508,0.760258,2,4,7
0.425085,0.7468,2,4,7
0.42573,0.770767,2,4,7
0.426198,0.90063,2,4,7
0.427531,0.7583,2,4,7
0.428141,0.862732,2,4,7
0.429459,0.908422,2,4,7
0.430069,0.773158,2,4,7
0.431875,0.738403,2,4,7
0.433095,0.85057,2,4,7
0.434921,0.922597,2,4,7
0.435761,0.863597,2,4,7
0.435933,0.888778,2,4,7
0.436615,0.762568,2,4,7
0.437393,0.756123,2,4,7
0.437856,0.826553,2,4,7
0.438126,0.833812,2,4,7
0.438522,0.76386,2,4,7
0.439361,0.744598,2,4,7
0.439443,0.93133,2,4,7
0.440185,0.91101,2,4,7
0.441116,0.857355,2,4,7
0.441981,0.769693,2,4,7
0.442627,0.814728,2,4,7
0.443929,0.793278,2,4,7
0.445038,0.846883,2,4,7
0.446279,0.90477,2,4,7
0.446513,0.746745,2,4,7
0.447327,0.737672,2,4,7
0.448232,0.922572,2,4,7
0.449112,0.741673,2,4,7
0.450088,0.827587,2,4,7
0.450622,0.90237,2,4,7
0.45074,0.75559,2,4,7
0.451091,0.85821,2,4,7
0.45137,0.75118,2,4,7
0.452097,0.733113,2,4,7
0.453283,0.860708,2,4,7
0.453705,0.94014,2,4,7
0.4543,0.764368,2,4,7
0.455327,0.80337,2,4,7
0.455632,0.894903,2,4,7
0.456335,0.803365,2,4,7
0.45757,0.9295,2,4,7
0.45816,0.815363,2,4,7
0.458766,0.795507,2,4,7
0.459213,0.954055,2,4,7
0.459569,0.724888,2,4,7
0.46081,0.84639,2,4,7
0.461934,0.741358,2,4,7
0.462667,0.773605,2,4,7
0.464122,0.940755,2,4,7
0.4643,0.764638,2,4,7
0.465185,0.940938,2,4,7
0.465403,0.73024,2,4,7
0.466563,0.887817,2,4,7
0.467133,0.795065,2,4,7
0.46759,0.789165,2,4,7
0.468231,0.858862,2,4,7
0.468653,0.925155,2,4,7
0.469284,0.825653,2,4,7
0.469889,0.769587,2,4,7
0.470072,0.822932,2,4,7
0.470957,0.769887,2,4,7
0.471451,0.77974,2,4,7
0.47172,0.840007,2,4,7
0.471914,0.970103,2,4,7
0.473007,0.832478,2,4,7
0.473424,0.750533,2,4,7
0.474197,0.93251,2,4,7
0.475088,0.831848,2,4,7
0.475616,0.866587,2,4,7
0.47584,0.694,2,4,7
0.47643,0.903198,2,4,7
0.476898,0.965582,2,4,7
0.476985,0.879343,2,4,7
0.477137,0.928893,2,4,7
0.47731,0.838593,2,4,7
0.478551,0.71049,2,4,7
0.47909,0.731058,2,4,7
0.479538,0.770823,2,4,7
0.47992,0.797495,2,4,7
0.480906,0.693603,2,4,7
0.481171,0.721918,2,4,7
0.481522,0.849853,2,4,7
0.481827,0.764872,2,4,7
0.482595,0.88062,2,4,7
0.483149,0.725215,2,4,7
0.48466,0.889135,2,4,7
0.485219,0.747187,2,4,7
0.485443,0.694315,2,4,7
0.486084,0.73028,2,4,7
0.48703,0.93335,2,4,7
0.487493,0.688217,2,4,7
0.487671,0.827275,2,4,7
0.488139,0.977528,2,4,7
0.488805,0.835963,2,4,7
0.489548,0.91808,2,4,7
0.490072,0.946685,2,4,7
0.490641,0.8031,2,4,7
0.491119,0.772028,2,4,7
0.492009,0.691025,2,4,7
0.492264,0.776342,2,4,7
0.492533,0.800948,2,4,7
0.493184,0.979497,2,4,7
0.493591,0.942185,2,4,7
0.494054,0.938685,2,4,7
0.494283,0.861695,2,4,7
0.494558,0.83163,2,4,7
0.495056,0.854055,2,4,7
0.495361,0.885493,2,4,7
0.495982,0.835165,2,4,7
0.496669,0.809022,2,4,7
0.497477,0.765742,2,4,7
0.498052,0.955765,2,4,7
0.498825,0.780202,2,4,7
0.499792,0.714315,2,4,7
0.500732,0.685755,2,4,7
0.501155,0.81335,2,4,7
0.50147,0.862442,2,4,7
0.501877,0.713735,2,4,7
0.502293,0.688675,2,4,7
0.502782,0.928345,2,4,7
0.503713,0.711955,2,4,7
0.504658,0.806778,2,4,7
0.504827,0.863953,2,4,7
0.505488,0.77686,2,4,7
0.506017,0.844528,2,4,7
0.506123,0.842052,2,4,7
0.506393,0.822988,2,4,7
0.506632,0.939448,2,4,7
0.507675,0.883077,2,4,7
0.50796,0.892115,2,4,7
0.50821,0.86557,2,4,7
0.508483,0.676203,2,4,7
0.509222,0.867278,2,4,7
0.50973,0.690903,2,4,7
0.510243,0.932847,2,4,7
0.510727,0.796213,2,4,7
0.511755,0.861298,2,4,7
0.512563,0.82045,2,4,7
0.513077,0.68398,2,4,7
0.513835,0.954798,2,4,7
0.51444,0.726802,2,4,7
0.514745,0.746618,2,4,7
0.515585,0.876552,2,4,7
0.516287,0.818568,2,4,7
0.516545,0.837758,2,4,7
0.517827,0.693187,2,4,7
0.518397,0.964863,2,4,7
0.519638,0.952962,2,4,7
0.52001,0.909073,2,4,7
0.520412,0.78653,2,4,7
0.521022,0.80247,2,4,7
0.521637,0.897593,2,4,7
0.522048,0.800063,2,4,7
0.52239,0.777675,2,4,7
0.523107,0.799768,2,4,7
0.52355,0.941392,2,4,7
0.52387,0.956965,2,4,7
0.524287,0.868347,2,4,7
0.52507,0.84932,2,4,7
0.525717,0.704367,2,4,7
0.526907,0.972188,2,4,7
0.52773,0.795435,2,4,7
0.52827,0.782822,2,4,7
0.52885,0.959437,2,4,7
0.529093,0.926987,2,4,7
0.529847,0.82845,2,4,7
0.530528,0.706625,2,4,7
0.53125,0.94813,2,4,7
0.531922,0.903478,2,4,7
0.532598,0.713018,2,4,7
0.533367,0.790263,2,4,7
0.533645,0.731562,2,4,7
0.534703,0.868815,2,4,7
0.535608,0.856628,2,4,7
0.536575,0.7391,2,4,7
0.537522,0.93164,2,4,7
0.537775,0.909225,2,4,7
0.538568,0.914785,2,4,7
0.538972,0.871623,2,4,7
0.539302,0.892933,2,4,7
0.539867,0.871165,2,4,7
0.54124,0.899175,2,4,7
0.541743,0.8998,2,4,7
0.542827,0.742885,2,4,7
0.543777,0.939778,2,4,7
0.544657,0.935028,2,4,7
0.545222,0.724385,2,4,7
0.546937,0.79538,2,4,7
0.547522,0.740905,2,4,7
0.549297,0.869757,2,4,7
0.549877,0.77893,2,4,7
0.550628,0.811508,2,4,7
0.55126,0.89064,2,4,7
0.552338,0.754787,2,4,7
0.552653,0.85227,2,4,7
0.553452,0.746913,2,4,7
0.554032,0.837895,2,4,7
0.554688,0.79985,2,4,7
0.555202,0.901515,2,4,7
0.555547,0.82463,2,4,7
0.556055,0.733728,2,4,7
0.557093,0.76567,2,4,7
0.557887,0.81042,2,4,7
0.558432,0.762613,2,4,7
0.559032,0.765253,2,4,7
0.560822,0.796042,2,4,7
0.561087,0.869923,2,4,7
0.562245,0.841192,2,4,7
0.56275,0.848745,2,4,7
0.563598,0.899683,2,4,7
0.564305,0.743887,2,4,7
0.564728,0.847605,2,4,7
0.56512,0.925948,2,4,7
0.565557,0.900553,2,4,7
0.566875,0.74175,2,4,7
0.568003,0.876537,2,4,7
0.568603,0.864822,2,4,7
0.570078,0.870138,2,4,7
0.570663,0.785147,2,4,7
0.571198,0.738988,2,4,7
0.571645,0.906027,2,4,7
0.572062,0.882288,2,4,7
0.572592,0.892227,2,4,7
0.5731,0.875473,2,4,7
0.573903,0.767777,2,4,7
0.574528,0.771922,2,4,7
0.57609,0.751373,2,4,7
0.57787,0.779267,2,4,7
0.579753,0.837783,2,4,7
0.581293,0.836588,2,4,7
0.582082,0.866038,2,4,7
0.583487,0.878302,2,4,7
0.585688,0.871572,2,4,7
0.585917,0.766032,2,4,7
0.586603,0.844025,2,4,7
0.588338,0.766057,2,4,7
0.589625,0.779297,2,4,7
0.591013,0.828135,2,4,7
0.591843,0.826792,2,4,7
0.592545,0.795172,2,4,7
0.593465,0.872905,2,4,7
0.594583,0.764572,2,4,7
0.595337,0.766658,2,4,7
0.59615,0.82575,2,4,7
0.596563,0.76915,2,4,7
0.59851,0.83642,2,4,7
0.599848,0.886322,2,4,7
0.601613,0.871887,2,4,7
0.602935,0.864848,2,4,7
0.604905,0.870072,2,4,7
0.605585,0.846222,2,4,7
0.608022,0.828487,2,4,7
0.608445,0.784165,2,4,7
0.609085,0.850912,2,4,7
0.610347,0.829793,2,4,7
0.61118,0.857783,2,4,7
0.61382,0.80304,2,4,7
0.61561,0.844467,2,4,7
0.61733,0.874415,2,4,7
0.619375,0.786728,2,4,7
0.623047,0.800095,2,4,7
0.625463,0.815068,2,4,7
0.626257,0.841187,2,4,7
0.627828,0.852357,2,4,7
0.633118,0.866257,2,4,7
0.635208,0.818945,2,4,7
0.636103,0.840175,2,4,7
0.638392,0.821523,2,4,7
0.640483,0.851182,2,4,7
0.643107,0.832718,2,4,7
0.645268,0.853307,2,4,7
0.648565,0.82046,2,4,7
0.65009,0.849375,2,4,7
0.651307,0.836105,2,4,7
0.653112,0.833653,2,4,7
0.659953,0.836217,2,4,7
0.682902,0.849563,2,4,8
0.686397,0.830515,2,4,8
0.688817,0.823675,2,4,8
0.693618,0.834377,2,4,8
0.695343,0.82782,2,4,8
0.698638,0.853272,2,4,8
0.702153,0.830068,2,4,8
0.704345,0.801498,2,4,8
0.706868,0.825348,2,4,8
0.710175,0.831807,2,4,8
0.711293,0.801987,2,4,8
0.712667,0.86526,2,4,8
0.715002,0.846568,2,4,8
0.71612,0.838405,2,4,8
0.71727,0.840663,2,4,8
0.71965,0.841923,2,4,8
0.722498,0.874415,2,4,8
0.72318,0.838267,2,4,8
0.724142,0.780182,2,4,8
0.724935,0.803447,2,4,8
0.726197,0.851623,2,4,8
0.727173,0.876118,2,4,8
0.729833,0.829305,2,4,8
0.730917,0.883753,2,4,8
0.732682,0.780767,2,4,8
0.734655,0.829072,2,4,8
0.735845,0.891978,2,4,8
0.736807,0.769807,2,4,8
0.73787,0.762548,2,4,8
0.739618,0.853088,2,4,8
0.741857,0.767172,2,4,8
0.743785,0.824347,2,4,8
0.744822,0.761215,2,4,8
0.746408,0.781225,2,4,8
0.747457,0.826417,2,4,8
0.747895,0.883178,2,4,8
0.748907,0.792785,2,4,8
0.749948,0.831787,2,4,8
0.750545,0.864313,2,4,8
0.751002,0.895702,2,4,8
0.752263,0.778513,2,4,8
0.753372,0.8617,2,4,8
0.754938,0.920527,2,4,8
0.755645,0.767618,2,4,8
0.757253,0.918992,2,4,8
0.758692,0.769887,2,4,8
0.758962,0.781118,2,4,8
0.759455,0.758337,2,4,8
0.760372,0.790777,2,4,8
0.761027,0.779688,2,4,8
0.761205,0.820923,2,4,8
0.762028,0.877833,2,4,8
0.76298,0.911788,2,4,8
0.76356,0.871088,2,4,8
0.7653,0.905132,2,4,8
0.765992,0.756185,2,4,8
0.766485,0.816778,2,4,8
0.766718,0.803437,2,4,8
0.767548,0.89501,2,4,8
0.768667,0.742762,2,4,8
0.769668,0.826598,2,4,8
0.770137,0.858413,2,4,8
0.770595,0.815078,2,4,8
0.771153,0.770975,2,4,8
0.771907,0.734762,2,4,8
0.772807,0.831543,2,4,8
0.773255,0.829173,2,4,8
0.774145,0.855607,2,4,8
0.775112,0.836248,2,4,8
0.775513,0.754068,2,4,8
0.776163,0.826095,2,4,8
0.777323,0.9384,2,4,8
0.778142,0.927542,2,4,8
0.779063,0.931778,2,4,8
0.779353,0.886785,2,4,8
0.780147,0.822957,2,4,8
0.781835,0.722372,2,4,8
0.783117,0.841543,2,4,8
0.783823,0.78246,2,4,8
0.784272,0.883133,2,4,8
0.785365,0.75297,2,4,8
0.78597,0.899038,2,4,8
0.786565,0.858073,2,4,8
0.787338,0.891753,2,4,8
0.788065,0.817277,2,4,8
0.788558,0.75145,2,4,8
0.790767,0.825257,2,4,8
0.791748,0.813217,2,4,8
0.792083,0.938807,2,4,8
0.793167,0.772542,2,4,8
0.793472,0.919133,2,4,8
0.793813,0.838098,2,4,8
0.794312,0.951722,2,4,8
0.794993,0.756617,2,4,8
0.796148,0.898778,2,4,8
0.796942,0.826792,2,4,8
0.797552,0.776393,2,4,8
0.798335,0.836437,2,4,8
0.798588,0.917272,2,4,8
0.799632,0.932622,2,4,8
0.800507,0.809057,2,4,8
0.801362,0.926,2,4,8
0.802002,0.774353,2,4,8
0.802597,0.924347,2,4,8
0.802725,0.77121,2,4,8
0.80308,0.806605,2,4,8
0.803625,0.954905,2,4,8
0.803878,0.7603,2,4,8
0.804627,0.732553,2,4,8
0.805008,0.81459,2,4,8
0.805318,0.858572,2,4,8
0.806548,0.891175,2,4,8
0.8069,0.712493,2,4,8
0.807368,0.832617,2,4,8
0.80811,0.843785,2,4,8
0.808523,0.890172,2,4,8
0.808802,0.746517,2,4,8
0.809402,0.832815,2,4,8
0.809962,0.780025,2,4,8
0.810252,0.89976,2,4,8
0.81105,0.898733,2,4,8
0.811833,0.88323,2,4,8
0.812073,0.822688,2,4,8
0.81247,0.761108,2,4,8
0.812658,0.704325,2,4,8
0.812862,0.781133,2,4,8
0.813437,0.70995,2,4,8
0.81393,0.77505,2,4,8
0.814865,0.950678,2,4,8
0.815923,0.797597,2,4,8
0.816188,0.718678,2,4,8
0.816392,0.857972,2,4,8
0.816848,0.818462,2,4,8
0.817153,0.894542,2,4,8
0.817668,0.703633,2,4,8
0.818075,0.966655,2,4,8
0.818893,0.859618,2,4,8
0.819112,0.793147,2,4,8
0.819275,0.947173,2,4,8
0.819498,0.759802,2,4,8
0.8199,0.929783,2,4,8
0.820232,0.736465,2,4,8
0.820613,0.688452,2,4,8
0.821578,0.691055,2,4,8
0.821772,0.788833,2,4,8
0.822282,0.872818,2,4,8
0.822597,0.779032,2,4,8
0.823583,0.849015,2,4,8
0.82397,0.91093,2,4,8
0.82519,0.796768,2,4,8
0.825607,0.813817,2,4,8
0.826218,0.895558,2,4,8
0.826553,0.687022,2,4,8
0.827468,0.67395,2,4,8
0.82786,0.869415,2,4,8
0.82812,0.702163,2,4,8
0.828343,0.838237,2,4,8
0.828482,0.685507,2,4,8
0.829122,0.70021,2,4,8
0.829265,0.696818,2,4,8
0.829697,0.870193,2,4,8
0.83104,0.725275,2,4,8
0.831437,0.79243,2,4,8
0.831665,0.717798,2,4,8
0.832347,0.692973,2,4,8
0.833282,0.742558,2,4,8
0.834045,0.841603,2,4,8
0.83462,0.818162,2,4,8
0.83488,0.86766,2,4,8
0.8352,0.92954,2,4,8
0.83553,0.799657,2,4,8
0.835703,0.949523,2,4,8
0.837107,0.732605,2,4,8
0.83759,0.802622,2,4,8
0.837855,0.970683,2,4,8
0.838053,0.851425,2,4,8
0.838512,0.836457,2,4,8
0.838812,0.725632,2,4,8
0.839112,0.87967,2,4,8
0.839208,0.850525,2,4,8
0.839553,0.879745,2,4,8
0.83996,0.788955,2,4,8
0.840738,0.882415,2,4,8
0.841192,0.71904,2,4,8
0.841838,0.863582,2,4,8
0.84259,0.958395,2,4,8
0.842632,0.871435,2,4,8
0.843663,0.936885,2,4,8
0.844295,0.723765,2,4,8
0.844793,0.987967,2,4,8
0.84548,0.721182,2,4,8
0.846273,0.948502,2,4,8
0.846477,0.838425,2,4,8
0.846863,0.845748,2,4,8
0.847087,0.944037,2,4,8
0.847513,0.927822,2,4,8
0.848118,0.703497,2,4,8
0.848465,0.767462,2,4,8
0.84874,0.764383,2,4,8
0.849132,0.964692,2,4,8
0.849757,0.752172,2,4,8
0.850123,0.888733,2,4,8
0.850418,0.7485,2,4,8
0.850582,0.96075,2,4,8
0.851298,0.899612,2,4,8
0.851852,0.917033,2,4,8
0.852067,0.895915,2,4,8
0.852248,0.779922,2,4,8
0.853088,0.916153,2,4,8
0.854147,0.895467,2,4,8
0.85492,0.920787,2,4,8
0.855667,0.728373,2,4,8
0.855957,0.803182,2,4,8
0.856512,0.706772,2,4,8
0.856725,0.92189,2,4,8
0.85765,0.852163,2,4,8
0.859137,0.725855,2,4,8
0.859858,0.73294,2,4,8
0.861135,0.85025,2,4,8
0.861527,0.717738,2,4,8
0.86207,0.778838,2,4,8
0.862848,0.8196,2,4,8
0.863225,0.947592,2,4,8
0.863795,0.818945,2,4,8
0.864105,0.744125,2,4,8
0.86468,0.954768,2,4,8
0.8656,0.913528,2,4,8
0.866195,0.823053,2,4,8
0.866292,0.964518,2,4,8
0.86701,0.759232,2,4,8
0.867873,0.877722,2,4,8
0.86855,0.860463,2,4,8
0.869197,0.836858,2,4,8
0.870372,0.854263,2,4,8
0.871267,0.854615,2,4,8
0.87148,0.71111,2,4,8
0.871805,0.803132,2,4,8
0.87234,0.751257,2,4,8
0.87261,0.707922,2,4,8
0.872625,0.741247,2,4,8
0.874192,0.738368,2,4,8
0.874955,0.897242,2,4,8
0.875545,0.902247,2,4,8
0.87647,0.772588,2,4,8
0.87711,0.917368,2,4,8
0.877615,0.927597,2,4,8
0.878887,0.904718,2,4,8
0.879827,0.88475,2,4,8
0.880132,0.886428,2,4,8
0.880657,0.87175,2,4,8
0.88123,0.817535,2,4,8
0.881617,0.762935,2,4,8
0.882915,0.916072,2,4,8
0.883198,0.885097,2,4,8
0.88416,0.723038,2,4,8
0.885025,0.87062,2,4,8
0.885427,0.861852,2,4,8
0.885905,0.850382,2,4,8
0.88679,0.77769,2,4,8
0.887125,0.744283,2,4,8
0.887863,0.745223,2,4,8
0.888697,0.93342,2,4,8
0.889348,0.72705,2,4,8
0.88999,0.818762,2,4,8
0.890375,0.896113,2,4,8
0.890828,0.84374,2,4,8
0.89387,0.90217,2,4,8
0.894542,0.918548,2,4,8
0.895437,0.748632,2,4,8
0.896093,0.833888,2,4,8
0.896458,0.893332,2,4,8
0.898377,0.741398,2,4,8
0.899058,0.843522,2,4,8
0.900315,0.741592,2,4,8
0.90124,0.801397,2,4,8
0.901438,0.739812,2,4,8
0.902257,0.754145,2,4,8
0.90273,0.760065,2,4,8
0.903285,0.857228,2,4,8
0.904587,0.883998,2,4,8
0.905172,0.759395,2,4,8
0.906463,0.811585,2,4,8
0.907217,0.86671,2,4,8
0.90827,0.912562,2,4,8
0.908473,0.815252,2,4,8
0.908763,0.88265,2,4,8
0.911322,0.800333,2,4,8
0.913,0.797897,2,4,8
0.913742,0.776428,2,4,8
0.915472,0.80274,2,4,8
0.917608,0.914128,2,4,8
0.918585,0.769103,2,4,8
0.919287,0.771327,2,4,8
0.920237,0.845887,2,4,8
0.92185,0.761398,2,4,8
0.92251,0.836258,2,4,8
0.923888,0.88321,2,4,8
0.925192,0.811417,2,4,8
0.925385,0.863337,2,4,8
0.926127,0.7871,2,4,8
0.926778,0.833105,2,4,8
0.927435,0.879878,2,4,8
0.92808,0.821808,2,4,8
0.928553,0.857407,2,4,8
0.929805,0.882848,2,4,8
0.930888,0.82639,2,4,8
0.931803,0.841492,2,4,8
0.933278,0.880402,2,4,8
0.934505,0.781255,2,4,8
0.93573,0.835428,2,4,8
0.935943,0.838475,2,4,8
0.93664,0.789795,2,4,8
0.937922,0.857575,2,4,8
0.938533,0.867268,2,4,8
0.939183,0.863627,2,4,8
0.93985,0.815797,2,4,8
0.942708,0.803315,2,4,8
0.946828,0.871465,2,4,8
0.951808,0.803412,2,4,8
0.953358,0.827972,2,4,8
0.955017,0.847387,2,4,8
0.956018,0.790538,2,4,8
0.959025,0.86171,2,4,8
0.960993,0.864492,2,4,8
0.96257,0.833348,2,4,8
0.964122,0.86435,2,4,8
0.965907,0.835738,2,4,8
0.967407,0.815507,2,4,8
0.968185,0.813512,2,4,8
0.97227,0.856772,2,4,8
0.974593,0.81838,2,4,8
0.983205,0.824473,2,4,8
0.989598,0.835998,2,4,8
