CM-0,CM-1,cell-id,label-gC,label-GT
0.115327,0.081942,0,1,1,140,771,988,1001
0.820056,0.136393,1,4,2,85,99,363,540,794
0.947542,0.117933,2,4,4,53,353,410,447,829,1147,1187
0.310194,0.862479,3,5,5,274,376,1207
0.180458,0.836987,4,5,5,116,157,388,457,657,796,980
0.205022,0.1779,5,1,1,34,173,323,492,595,922,964,1215
0.524364,0.373413,6,0,0,230,257,529,565,800,822
0.566171,0.37236,7,0,0,387,411,415,565,752,822
0.540042,0.138546,8,1,1,10,40,374,439,440,474,708,817
0.598943,0.011974,9,-1,-1
0.56615,0.139438,10,1,1,8,40,371,374,440,983,1027
0.520785,0.819176,11,5,5,400,496,669,844,864
0.117196,0.182216,12,1,1,39,426,460,568,713,727,1107,1255
0.246463,0.13841,13,1,1,34,115,119,252,318,319,916,1086
0.54322,0.565736,14,7,7,128,223,320,707,967,1008,1021
0.773412,0.220706,15,4,4,47,109,190,386,795,923,1224
0.332397,0.287277,16,0,0,98,249,480,491,717,1031,1145
0.837301,0.843934,17,4,4,148,544,569,580,600,941,950,1237
0.736234,0.543384,18,3,3,93,422,1397
0.460103,0.58161,19,7,7,27,298,403,469,737,778
0.372834,0.821005,20,5,5,577,793
0.64503,0.287053,21,0,0,41,312,587,970,1175
0.859479,0.138671,22,4,2,85,99,794,1079,1171,1316
0.370583,0.372191,23,0,0,239,429,443,896
0.154708,0.30461,24,0,0,559,769,779,960,1185,1287
0.585798,0.926525,25,5,5,286,362,525,881,1066
0.035409,0.648828,26,7,7,137,584,815,1019
0.464928,0.567765,27,7,7,19,298,403,469
0.310436,0.329423,28,0,0,209,375,641,717,1072,1217
0.201815,0.221901,29,1,1,173,262,922,964,1230
0.882577,0.415314,30,4,4,80,138,372,482,762,871,951,1108
0.349234,0.331248,31,0,0,239,243,375,480,641,790
0.246434,0.179551,32,1,1,34,119,166,210,212,318,964,1215
0.410246,0.801185,33,5,5,444,546,592,793,909,1056
0.222445,0.163452,34,1,1,5,13,32,318,323,1030,1086,1215
0.769272,0.569871,35,3,3,945,1460
0.225666,0.533031,36,-1,-1
0.369809,0.440786,37,6,6,150,884
0.289576,0.586518,38,7,7,97,152,510,590,725,807,886
0.095528,0.156614,39,1,1,12,367,426,488,568,780,1251
0.542751,0.159927,40,1,1,8,10,79,198,374,528,708,817
0.628887,0.280521,41,0,0,21,100,587,970,1175
0.395587,0.307825,42,0,0,243,282,417,486,658,790,859,946
0.202567,0.5872,43,7,7,253,586,722,834,942,1000,1044,1077
0.457852,0.649237,44,7,7,144,147,202,705,1358
0.668823,0.837783,45,5,5,75,113,293
0.114057,0.523913,46,7,7,1036
0.794887,0.219076,47,4,4,15,109,386,671,923
0.247252,0.925762,48,5,5,112,812,938
0.101761,0.24336,49,1,1,149,423
0.863377,0.201793,50,4,2,213,355,448,504,513,599
0.564062,0.799611,51,5,5,163,305,582
0.843495,0.097915,52,4,2,363,449,557,794
0.932394,0.117607,53,4,4,2
0.490811,0.755309,54,5,5,697
0.711786,0.439885,55,-1,3
0.544191,0.691072,56,7,7,216,307,385,396,545,1074,1379
0.454101,0.114793,57,1,1,206,427,1131
0.604201,0.137353,58,1,1,335,348,371,703,910,983,1027,1351
0.283184,0.751689,59,5,5,245,534,637,1298
0.072539,0.562432,60,7,7,204,233,346,539,858,943,954
0.207055,0.484536,61,-1,-1
0.091294,0.930744,62,5,5,1320
0.857835,0.711525,63,4,4,284,297,356,607,634,1124,1272,1429
0.270474,0.305199,64,0,0,134,209,825,880,918
0.41355,0.137036,65,1,1,332,337,373,514,668,791,1131
0.246276,0.604305,66,7,7,152,241,250,609,942,1043,1102
0.905088,0.372633,67,4,4,482,687,885,895,932,951,1045
0.561934,0.775269,68,5,5,828,1014
0.15246,0.749902,69,-1,-1
0.285542,0.138605,70,1,1,74,115,119,252,314,325,785,1071
0.52106,0.775324,71,5,5,227,669,828,1149,1519
0.180351,0.777407,72,5,5,200,617,847,1416
0.944463,0.243036,73,4,4,178,706,902,1058
0.287206,0.160611,74,1,1,70,115,119,167,210,228,325,785
0.670968,0.86052,75,5,5,45,603
0.564683,0.306652,76,0,0,143,229,359,503,1284
0.515818,0.499139,77,-1,-1
0.051435,0.078104,78,1,1,280,283,573,1191,1488
0.518505,0.180259,79,1,1,40,111,198,347,708
0.857756,0.395791,80,4,4,30,138,146,421,873,895,951,982
0.014379,0.324172,81,0,0,452
0.461326,0.346875,82,0,0,83,103,466,485,509,531,751
0.435607,0.350157,83,0,0,82,103,135,384,466,479,658,751
0.348634,0.802237,84,5,5,186,527,961,1006,1222
0.84008,0.160387,85,4,2,1,22,96,99,213,540,599,1316
0.331545,0.564799,86,7,7,397,484,510,578,886
0.412255,0.103147,87,1,1,337,668
0.221994,0.670519,88,7,7,524,688,870,875,898,901
0.582072,0.176646,89,1,1,371,374,441,528,910
0.817865,0.798535,90,4,4,324,377,569,950,1246
0.522412,0.646959,91,7,7,271,396,521,526,545,718,748,977
0.432309,0.496813,92,6,6,219,698,758
0.757575,0.538194,93,3,3,18,231
0.8398,0.519384,94,4,4,222,490,684,734,837,1205,1269,1464
0.732225,0.797461,95,-1,3
0.821105,0.179652,96,4,2,85,504,540,599,671,923
0.26654,0.570464,97,7,7,38,152,364,609,807
0.354555,0.290415,98,0,0,16,417,480,790,1145
0.839903,0.136832,99,4,2,1,22,85,363,794,1316
0.610589,0.265927,100,0,0,41,455,481,508,587,750,926
0.416013,0.760161,101,5,5,444,644,1056
0.437273,0.265132,102,0,0,126,486,619,730,1247
0.453609,0.371999,103,0,0,82,83,479,485
0.071707,0.626528,104,7,7,137,187,203,361,398,431,547,856
0.764904,0.586489,105,-1,3
0.455283,0.907534,106,5,5,661,732,820
0.07259,0.22515,107,1,1,423,460,579,627,744,1162
0.369963,0.691181,108,5,5,156,270,333,1034
0.797799,0.244977,109,4,4,15,47,211,310,1148,1224
0.587697,0.56336,110,7,7,128,248,290,464,623,707,818,1021
0.498685,0.180671,111,1,1,79,259,347,516,708,1024
0.262728,0.903385,112,5,5,48,354,812,865,937,1407
0.66686,0.823957,113,5,5,45,161,293
0.135044,0.60616,114,7,7,184,197,235,694,720,959,1112
0.267214,0.139736,115,1,1,13,70,74,119,252,314,318,916
0.162497,0.814379,116,5,5,4,200,1416
0.242414,0.349404,117,0,0,677,1257
0.352318,0.623174,118,7,7,195,208,392
0.265849,0.158488,119,1,1,13,32,70,74,115,210,228,318
0.458835,0.860772,120,5,5,159,189,839,1133,1161
0.35227,0.179733,121,1,1,127,169,414,591,846,863,1118,1285
0.88723,0.542534,122,4,4,287,436,774,1205,1278,1283,1296
0.451679,0.800115,123,5,5,592,1070
0.266128,0.651809,124,7,7,250,389,442,688,870,1043,1573
0.479439,0.800669,125,5,5,697,760,864,1070
0.416212,0.262603,126,0,0,102,486,633,859,1247
0.352132,0.204271,127,1,1,121,591,863,1118,1285
0.559986,0.588254,128,7,7,14,110,438,811,818,1008,1021,1062
0.080771,0.307177,129,0,0,234,685,702,767,986
0.776634,0.649849,130,-1,3,242,1286
0.099779,0.346973,131,0,0,234,685,716,1069,1164
0.699604,0.694541,132,-1,3
0.284741,0.204128,133,1,1,166,210,228,267,781,975
0.263387,0.286278,134,0,0,64,209,825,880,1076,1231,1250,1302
0.415463,0.373974,135,0,0,83,384,443,479,920
0.031973,0.582212,136,7,7,346,854,856,954,972
0.049397,0.649139,137,7,7,26,104,203,361,584,815,821,1019
0.862351,0.415635,138,4,4,30,80,421,871,912,951
0.32672,0.455987,139,6,6,150,182,841,1183,1256
0.136048,0.083731,140,1,1,0,288,988,1001
0.842402,0.75147,141,4,4,153,324,467,542,862,1124,1246,1429
0.818378,0.352718,142,4,4,342,382,626,872,963,982,1444
0.54132,0.309878,143,0,0,76,229,269,359,503,604,1053,1192
0.432696,0.626675,144,7,7,44,147,202,345,360,778
0.774719,0.734527,145,-1,3
0.861746,0.371472,146,4,4,80,382,608,687,895,951,982
0.453342,0.627226,147,7,7,44,144,202,705,778
0.842031,0.861634,148,4,4,17,544,580,941,1012,1237
0.113268,0.24096,149,1,1,49,171,423
0.353241,0.45592,150,6,6,37,139,182,884,1039,1442
0.307846,0.821978,151,5,5,459,753,1006,1080,1325,1413
0.264409,0.587018,152,7,7,38,66,97,609
0.862367,0.756048,153,4,4,141,297,343,378,862,1124,1246,1429
0.036258,0.160776,154,1,1,181,214,349,647,656
0.582308,0.648302,155,7,7,330,512,564,1004,1042,1050,1097,1379
0.355268,0.693437,156,5,5,108,1034
0.159825,0.840896,157,5,5,4,583
0.521578,0.878306,158,5,5,379,676,843,849,1211
0.481549,0.863613,159,5,5,120,400,843,1133,1211
0.921309,0.817586,160,-1,-1
0.646637,0.799722,161,5,5,113,478,664,784
0.64859,0.885149,162,5,5,424,603,1106,1477
0.584415,0.820156,163,5,5,51,217,305,428,582,788,1090
0.696035,0.789122,164,-1,3
0.22649,0.843209,165,5,5,519,796,1340
0.269808,0.202456,166,1,1,32,133,210,212,228,781,975
0.308788,0.180068,167,1,1,74,228,267,414,591,785,1118
0.054219,0.02716,168,-1,-1
0.375219,0.159131,169,1,1,121,191,332,373,380,846,863,1139
0.605083,0.350811,170,0,0,387,477,552,752,1169,1212,1328
0.117585,0.221557,171,1,1,149,423,460,713,727,1137
0.395614,0.605812,172,7,7,195,344,345,360,575,693,1335,1471
0.200399,0.20287,173,1,1,5,29,262,492,922,964,1215,1230
0.626673,0.626116,174,7,7,330,404,406,456,555,743,924,1042
0.858536,0.603954,175,4,4,277,328,520,613,643,777,799,1055
0.158437,0.201324,176,1,1,262,492,727,772,830,922,1107
0.963,0.272278,177,-1,-1
0.943683,0.267236,178,4,4,73,357,902,1058,1279
0.392801,0.522214,179,-1,-1
0.48707,0.910002,180,5,5,814
0.055175,0.157655,181,1,1,154,349,367,656,780
0.329562,0.478516,182,6,6,139,150,841,978,1023,1039,1166,1183
0.351873,0.67103,183,5,5,893,1034
0.160971,0.609171,184,7,7,114,197,709,722,959
0.714152,0.266729,185,-1,-1
0.350215,0.77355,186,5,5,84,527,551
0.096378,0.627078,187,7,7,104,235,361,398,431,547,694,927
0.930239,0.181711,188,4,4,224,304,336,663,689
0.432876,0.86415,189,5,5,120,661,874,1082
0.75616,0.20253,190,4,4,15,386,636,742,795,1430
0.352157,0.137727,191,1,1,169,414,502,682,724,846,1139
0.32549,0.730784,192,5,5,207,585,974,1333
0.763606,0.028553,193,-1,-1
0.630312,0.389689,194,0,0,412,477,1212
0.37014,0.605233,195,7,7,118,172,392,484,575,693,1471
0.545081,0.265084,196,0,0,269,359,604,832,984,1114,1146,1182
0.156136,0.626866,197,7,7,114,184,225,605,709,722,959,999
0.540102,0.178733,198,1,1,40,79,374,528,708
0.309495,0.625829,199,7,7,208,442,590,725
0.158,0.801307,200,5,5,72,116,654,847,1357,1416
0.713989,0.878372,201,-1,3
0.44248,0.642375,202,7,7,44,144,147
0.050503,0.629273,203,7,7,104,137,361,854,856,1019
0.092598,0.585631,204,7,7,60,281,398,431,539,694,720,943
0.374237,0.734396,205,5,5,207,333,644,1022
0.48086,0.117793,206,1,1,57,427,517,1127,1243
0.34969,0.730953,207,5,5,192,205,333,551,974,992,1333
0.329016,0.610344,208,7,7,118,199,392,484,510,590,729
0.283683,0.31066,209,0,0,28,64,134,717,880,918,1072
0.266391,0.17888,210,1,1,32,74,119,133,166,212,228,318
0.780576,0.261921,211,4,4,109,310,602,1224
0.245075,0.200259,212,1,1,32,166,210,964,975,1094,1215
0.857931,0.18239,213,4,2,50,85,504,513,599,1079,1316
0.031533,0.139097,214,1,1,154,301,302,349
0.889155,0.297353,215,-1,4
0.564838,0.710136,216,7,7,56,385,493
0.558845,0.840848,217,5,5,163,305,562,952,995
0.412933,0.461061,218,6,6,219,368,507,698
0.414511,0.478132,219,6,6,92,218,507,698,758
0.138205,0.864206,220,5,5,1063,1388
0.136043,0.705148,221,7,7,450,560
0.86335,0.501393,222,4,4,94,236,433,518,684,774,1184,1464
0.522417,0.564348,223,7,7,14,320,420,541,622,967
0.925441,0.162736,224,4,4,188,304,336,410,1187
0.161348,0.653331,225,7,7,197,321,605,624,709,959,999,1088
0.18462,0.097201,226,1,1,288,391,905,1009,1132
0.543642,0.762799,227,5,5,71,828,1014,1149
0.2896,0.17672,228,1,1,74,119,133,166,167,210,267,785
0.539696,0.33104,229,0,0,76,143,257,411,503,800,1053,1192
0.501419,0.355759,230,0,0,6,257,485,509,529,531,650,1192
0.773776,0.546688,231,3,3,93,945
0.006476,0.756875,232,-1,-1
0.097821,0.54345,233,7,7,60,281,858,943,1036,1551
0.076504,0.331814,234,0,0,129,131,685,702,1069
0.11518,0.625996,235,7,7,114,187,605,694,927,959
0.882777,0.482163,236,4,4,222,289,313,430,454,518,1184
0.481698,0.287512,237,0,0,498,530,619,639,700,730,1419
0.645764,0.330373,238,0,0,312,970,1026,1169,1300
0.350037,0.352155,239,0,0,23,31,243,375,429,468,896
0.502911,0.389648,240,0,0,529
0.223025,0.6299,241,7,7,66,250,465,524,870,898,942,1000
0.775906,0.661056,242,-1,3,130
0.374422,0.33286,243,0,0,31,42,239,429,480,790,920,946
0.77868,0.410647,244,3,3,308,1075,1143
0.285797,0.778472,245,5,5,59,451,534,637,1046
0.543553,0.906105,246,5,5,286,379,576,676,1066
0.139244,0.139024,247,1,1,260,495,568,710,733,993,1219,1255
0.610029,0.586827,248,7,7,110,290,438,555,743,818,892,1073
0.310365,0.270243,249,0,0,16,491,880,1031
0.245981,0.629063,250,7,7,66,124,241,870,898,942,1043
0.776717,0.60809,251,-1,3,390
0.264173,0.114444,252,1,1,13,70,115,314,606,642,855,916
0.203507,0.562365,253,7,7,43,536,586,1044,1077
0.709465,0.623366,254,-1,3
0.292627,0.368206,255,0,0,1217
0.285699,0.456268,256,6,6,292,311,841,1032,1183,1462
0.521225,0.349071,257,0,0,6,229,230,529,650,800,1192
0.909609,0.264919,258,4,4,902
0.478064,0.160806,259,1,1,111,347,427,515,516,649,1243
0.16546,0.155563,260,1,1,247,492,595,733,772,850,1255
0.136881,0.415011,261,-1,-1
0.181922,0.221493,262,1,1,29,173,176,830,922
0.885622,0.86162,263,4,4,505,580,680,819,941,1206,1295
0.841117,0.565426,264,4,4,436,490,520,643,655,948,1205,1269
0.181855,0.499638,265,-1,-1
0.820649,0.306908,266,4,4,272,317,342,602,626,963,1322
0.309824,0.206553,267,1,1,133,167,228,591,781,957,1118
0.052036,0.796242,268,5,5,275,630,840,1035,1186,1288
0.541026,0.287896,269,0,0,143,196,359,604
0.391652,0.691846,270,5,5,108,333,437,537,662,670,831,1034
0.541168,0.62995,271,7,7,91,521,526,811,1050,1062,1097
0.842547,0.309509,272,4,4,266,296,317,342,626,741
0.753929,0.759837,273,-1,3
0.333333,0.860807,274,5,5,3,813,971
0.072653,0.796379,275,5,5,268
0.184468,0.880117,276,5,5,408,657,796
0.883519,0.626598,277,4,4,175,279,472,489,563,615,777,1055
0.731083,0.457205,278,-1,3
0.899511,0.606037,279,4,4,277,570,615,1055
0.038233,0.097746,280,1,1,78,301,302,573
0.115974,0.562756,281,7,7,204,233,453,720,904,943,1036,1112
0.410836,0.306199,282,0,0,42,486,658,666,859,946
0.073524,0.097547,283,1,1,78,301,566,573,593,771,1191
0.883265,0.692093,284,4,4,63,607,761,827,1087,1216,1272
0.697606,0.364659,285,-1,-1,1570
0.562182,0.926069,286,5,5,25,246,1066,1291
0.902445,0.539983,287,4,4,122,774,1278,1283,1296
0.16098,0.093921,288,1,1,140,226,391,495,988,993,1132,1531
0.883914,0.457181,289,4,4,236,372,430,454,871,1108,1184,1348
0.605606,0.560234,290,7,7,110,248,464,506,623,818,892,1073
0.367233,0.756078,291,5,5,527,551
0.26976,0.479896,292,6,6,256,311
0.652648,0.835896,293,5,5,45,113
0.088858,0.289885,294,-1,0
0.854345,0.264129,295,-1,-1
0.861217,0.309873,296,4,4,272,497,626,741,997
0.880894,0.731156,297,4,4,63,153,343,1124,1218,1272,1453
0.483219,0.569457,298,7,7,19,27,403,420,541,622
0.395224,0.923575,299,5,5,620,621,652,699
0.480535,0.385412,300,0,0,485,529
0.05041,0.117528,301,1,1,214,280,283,302,349,573,593,1251
0.03376,0.117119,302,1,1,214,280,301,573
0.240988,0.325662,303,0,0,825
0.947686,0.178096,304,4,4,188,224,336,663,689,711,1130
0.565213,0.816584,305,5,5,51,163,217,582
0.056729,0.857595,306,5,5,848,1323
0.540147,0.704287,307,7,7,56
0.776647,0.389916,308,3,3,244,1156
0.396685,0.863559,309,5,5,500,577,874,1011,1082,1173
0.797543,0.263316,310,4,4,109,211,317,602,745,1148
0.286238,0.48057,311,6,6,256,292,461,841,978,1183
0.647304,0.307788,312,0,0,21,238,970,1169
0.899663,0.49851,313,4,4,236,454,518,774,1283
0.288118,0.117965,314,1,1,70,115,252,325,606,855,1071,1223
0.781223,0.509224,315,-1,3
0.242522,0.880736,316,-1,5
0.81954,0.291371,317,4,4,266,272,310,602,1322
0.243581,0.1609,318,1,1,13,32,34,115,119,210,1086,1215
0.224366,0.116036,319,1,1,13,728,905,916,1030,1086
0.545103,0.544694,320,7,7,14,223,334,707,1021,1236
0.178561,0.667402,321,7,7,225,434,901,999,1088
0.607461,0.688085,322,7,7,446,493,512,564
0.202424,0.15982,323,1,1,5,34,492,595,850,1030,1086,1215
0.818005,0.776014,324,4,4,90,141,377,467,1246
0.309674,0.140802,325,1,1,70,74,314,414,502,682,785,1071
0.435709,0.713557,326,5,5,537,556,662,981,1176,1271
0.073996,0.435409,327,-1,-1
0.841273,0.604012,328,4,4,175,520,643,777,799,801,948,1398
0.451473,0.07528,329,-1,-1
0.608746,0.651211,330,7,7,155,174,446,512,564,924,1004,1042
0.100572,0.264928,331,0,-1,913
0.39181,0.159745,332,1,1,65,169,373,380,514,863,1128,1139
0.374503,0.712007,333,5,5,108,205,207,270,831
0.544737,0.523585,334,7,7,320,707,897
0.61067,0.121433,335,1,1,58,348,703,983,1027
0.943341,0.160637,336,4,4,188,224,304,410,1147,1187
0.395973,0.11613,337,1,1,65,87,373,668,696,1208
0.602119,0.90326,338,5,5,362,525,683
0.368645,0.564936,339,7,7,484,578,693
0.409409,0.199336,340,1,1,380,395,887,1116,1128
0.863872,0.790965,341,4,4,377,581,862,1246
0.817643,0.330903,342,4,4,142,266,272,382,626,963,1322
0.88007,0.756941,343,4,4,153,297,378,862,1124,1218,1393,1453
0.41335,0.583843,344,7,7,172,345,350,425,469,575,737
0.41585,0.607109,345,7,7,144,172,344,360,575,737,1144,1335
0.052491,0.564841,346,7,7,60,136,539,731,858,954,972
0.501512,0.16087,347,1,1,79,111,259,427,516,708,817,1243
0.627061,0.120994,348,1,1,58,335,487,703,866
0.054552,0.13928,349,1,1,154,181,214,301,593,780,1251
0.414213,0.560442,350,7,7,344,425,469,575,768
0.73985,0.117071,351,4,4,692,746,763,1109,1233
0.204604,0.305281,352,0,0,548,572,757
0.965622,0.114994,353,4,4,2,447,829,1147
0.28503,0.932527,354,5,5,112,812,937,1115
0.858668,0.213462,355,4,2,50
0.842311,0.711584,356,4,4,63,542,607,634,773,1124
0.925504,0.284292,357,4,4,178,511,902,1092,1279
0.663377,0.58931,358,7,7,456
0.564721,0.292268,359,0,0,76,143,196,269,455,1284
0.411477,0.625497,360,7,7,144,172,345,1335
0.074038,0.648209,361,7,7,104,137,187,203,547,815,821,966
0.603082,0.922513,362,5,5,25,338
0.817286,0.118134,363,4,2,1,52,99,794
0.241551,0.566759,364,7,7,97,586,609
0.818608,0.434766,365,4,4,421,483,538,879,912
0.476677,0.197227,366,1,1,516
0.073343,0.179564,367,1,1,39,181,426,460,627,656,744,780
0.413602,0.439095,368,6,6,218
0.331152,0.924807,369,5,5,653,878,1115,1151
0.708022,0.523922,370,-1,3
0.579025,0.160368,371,1,1,10,58,89,374,910,983
0.888991,0.435515,372,4,4,30,289,430,871,1108
0.393481,0.138852,373,1,1,65,169,332,337,514,668,1139
0.565569,0.160056,374,1,1,8,10,40,89,198,371,528,983
0.33147,0.353457,375,0,0,28,31,239,468,641,896,1217
0.287725,0.865375,376,5,5,3,459,1207,1310
0.839744,0.796437,377,4,4,90,324,341,569,862,950,1246
0.883227,0.779172,378,4,4,153,343,581,862,1393
0.538799,0.886886,379,5,5,158,246,494,676,1066
0.394893,0.181026,380,1,1,169,332,340,395,514,863,1128,1285
0.645251,0.247168,381,0,0,416,481,587,1175,1226
0.840608,0.35006,382,4,4,142,146,342,608,626,741,872,982
0.757419,0.861888,383,-1,3,1214
0.418037,0.350729,384,0,0,83,135,443,466,479,658,920,946
0.564155,0.691794,385,7,7,56,216,493,545,564,1379
0.776836,0.205499,386,4,4,15,47,190,636,795,923
0.583725,0.351616,387,0,0,7,170,411,503,552,752,1212
0.183401,0.823078,388,5,5,4,457
0.282077,0.643518,389,7,7,124,442,1043
0.752819,0.606165,390,-1,3,251,1047,1344
0.182476,0.114285,391,1,1,226,288,495,850,905,1009
0.350379,0.603686,392,7,7,118,195,208,484,693
0.733156,0.8581,393,-1,3
0.000124,0.157092,394,-1,-1
0.395727,0.198835,395,1,1,340,380,863,1128,1285
0.52246,0.670742,396,7,7,56,91,545,718,1074
0.332337,0.58572,397,7,7,86,484
0.074998,0.607244,398,7,7,104,187,204,431,539,856
0.075458,0.68854,399,7,7,815,821,966
0.498833,0.841748,400,5,5,11,159,496,760,849,864,925,1211
0.389746,0.494511,401,6,6,906
0.944206,0.746746,402,-1,-1
0.477008,0.583112,403,7,7,19,27,298,418,541,622,628,778
0.653304,0.622305,404,7,7,174,406,456,743,1013,1174
0.389666,0.058191,405,-1,-1
0.652069,0.646228,406,7,7,174,404,446,629,924,1174
0.758425,0.435671,407,3,3,747,1143
0.199547,0.883174,408,5,5,276,657,796,991,1235,1276
0.074403,0.712588,409,-1,-1
0.943342,0.140658,410,4,4,2,224,336,1147,1187
0.563011,0.351337,411,0,0,7,229,387,503,800,822
0.645388,0.393964,412,0,0,194,477,1100
0.15158,0.731817,413,-1,-1,1472
0.331864,0.164026,414,1,1,121,167,191,325,502,591,785,846
0.585455,0.390764,415,0,0,7,752,1212,1264
0.629072,0.229152,416,0,0,381,481,882,926,1226
0.372864,0.286615,417,0,0,42,98,480,633,790,835,859,1145
0.479108,0.609006,418,7,7,403,628,705,778
0.094066,0.842083,419,5,5,1470
0.500067,0.5495,420,7,7,223,298,622
0.841099,0.410895,421,4,4,80,138,365,871,873,879,912,1297
0.712802,0.540264,422,3,3,18
0.096188,0.221684,423,1,1,49,107,149,171,460,713,744,1162
0.627769,0.88484,424,5,5,162,683,691,1120
0.397526,0.564622,425,7,7,344,350,575
0.097459,0.177885,426,1,1,12,39,367,460,568,713,744,780
0.48011,0.138069,427,1,1,57,206,259,347,515,517,1243
0.579001,0.835712,428,5,5,163
0.373309,0.352959,429,0,0,23,239,243,443,896,920
0.903216,0.457429,430,4,4,236,289,372,454,1108
0.093252,0.6032,431,7,7,104,187,204,398,539,694
0.45146,0.138124,432,1,1,515,791
0.841407,0.476904,433,4,4,222,476,483,684,734,1184
0.177955,0.68933,434,7,7,321,679,824,901,1088,1263
0.8775,0.112303,435,4,2,449,557
0.860309,0.566073,436,4,4,122,264,490,520,613,643,1205,1278
0.39154,0.677406,437,5,5,270
0.587703,0.606181,438,7,7,128,248,555,811,818,1004,1042,1050
0.536201,0.119722,439,1,1,8,440,474,817
0.558263,0.115071,440,1,1,8,10,439,983,1027
0.608925,0.175007,441,1,1,89,910,1002,1351
0.285286,0.627661,442,7,7,124,199,389,590,725,1043
0.393141,0.372828,443,0,0,23,135,384,429,920
0.390004,0.776033,444,5,5,33,101,527,644,909,1056
0.882519,0.819517,445,4,4,523,580,581,600,819,1206
0.626602,0.67286,446,7,7,322,330,406,512,924,1254
0.965415,0.098144,447,4,4,2,353,829
0.848377,0.215262,448,4,2,50,504
0.864818,0.109689,449,4,2,52,435,557,794
0.116795,0.69327,450,7,7,221,560,618,624,966,1253,1415
0.264371,0.793452,451,5,5,245,637,659,704,940
0.034031,0.32797,452,0,0,81,888,986,1098,1539
0.134305,0.538272,453,7,7,281,660,715,764,904,1036
0.901155,0.478279,454,4,4,236,289,313,430,518
0.583674,0.263882,455,0,0,100,359,750,832
0.64983,0.604901,456,7,7,174,358,404,743,783,1013,1073,1174
0.201303,0.817842,457,5,5,4,388,740
0.116953,0.922745,458,-1,5,787,1301
0.292439,0.842225,459,5,5,151,376,753,1413
0.092417,0.202318,460,1,1,12,107,171,367,423,426,713,744
0.281818,0.502173,461,6,6,311
0.201984,0.327951,462,0,0,1287
0.307472,0.545661,463,-1,-1
0.604889,0.545702,464,7,7,110,290,506,623,892
0.206152,0.628924,465,7,7,241,524,709,722,898,942,999,1000
0.440919,0.337257,466,0,0,82,83,384
0.819027,0.755836,467,4,4,141,324,542,1246
0.330856,0.371963,468,0,0,239,375,896
0.434599,0.56575,469,7,7,19,27,344,350,737
0.243929,0.750382,470,5,5,534
0.439794,0.760033,471,5,5,1227
0.901566,0.646545,472,4,4,277,489,615,761,827
0.434835,0.904441,473,5,5,661
0.522933,0.118081,474,1,1,8,439,517,817,1243
0.726707,0.474375,475,-1,3
0.820448,0.47976,476,4,4,433,684,734
0.624572,0.371953,477,0,0,170,194,412,1212
0.642901,0.818207,478,5,5,161,784
0.43909,0.37627,479,0,0,83,103,135,384,674
0.352081,0.309262,480,0,0,16,31,98,243,417,790
0.62501,0.241342,481,0,0,100,381,416,587,926
0.905688,0.391994,482,4,4,30,67,762,895,951
0.842485,0.456716,483,4,4,365,433,871,912,1184,1348
0.349742,0.585898,484,7,7,86,195,208,339,392,397,578,693
0.473373,0.371875,485,0,0,82,103,230,300,529,531
0.419139,0.29003,486,0,0,42,102,126,282,633,666,859,1247
0.646628,0.137399,487,1,1,348,703,853,866,1351
0.097561,0.13563,488,1,1,39,566,568,593,710,780,1219,1251
0.884718,0.649767,489,4,4,277,472,563,615,761,777,827,1087
0.84395,0.540351,490,4,4,94,264,436,655,1205,1269
0.314931,0.286896,491,0,0,16,249,717,880,1031
0.182072,0.185048,492,1,1,5,173,176,260,323,595,772,922
0.583683,0.690584,493,7,7,216,322,385,512,564,1379
0.566202,0.88105,494,5,5,379,995,1066,1374
0.160092,0.119403,495,1,1,247,288,391,733,850,988,993
0.518474,0.837175,496,5,5,11,400,864
0.880243,0.326905,497,4,4,296,550,608,687,741,997
0.497722,0.307549,498,0,0,237,509,604,639,650,1053,1192
0.24676,0.738719,499,-1,5
0.375836,0.887076,500,5,5,309,612,621,1011,1151
0.752004,0.933504,501,-1,-1
0.333693,0.138562,502,1,1,191,325,414,682,724,1071
0.565012,0.33096,503,0,0,76,143,229,387,411,552,800,1284
0.838976,0.201317,504,4,2,50,96,213,448,599,671
0.880059,0.883625,505,4,4,263,640,680,941
0.627053,0.548356,506,7,7,290,464,651,892
0.393547,0.461984,507,6,6,218,219,797,884
0.605791,0.289444,508,0,0,100,587,1096
0.479332,0.331757,509,0,0,82,230,498,531,650,751,1419
0.307919,0.580708,510,7,7,38,86,208,590,725,807,886
0.922411,0.311468,511,4,4,357,550,1515
0.604878,0.669682,512,7,7,155,322,330,446,493,564,924
0.879247,0.183394,513,4,2,50,213,1079,1316
0.414106,0.158353,514,1,1,65,332,373,380,791,887,1128
0.457061,0.160973,515,1,1,259,427,432,516,649,791,887
0.477123,0.179453,516,1,1,111,259,347,366,515,649,1020,1024
0.50126,0.120175,517,1,1,206,427,474,817,1243
0.884171,0.500923,518,4,4,222,236,313,454,774,1184
0.226339,0.860254,519,5,5,165,796,1276
0.840911,0.58644,520,4,4,175,264,328,436,643,655,801,948
0.521703,0.630413,521,7,7,91,271,526,628,748,977,1062,1105
0.334076,0.034671,522,-1,-1
0.898215,0.819304,523,4,4,445
0.203449,0.647645,524,7,7,88,241,465,709,898,901,999
0.584666,0.90193,525,5,5,25,338,1066
0.543894,0.649695,526,7,7,91,271,521,545,1050,1097
0.370049,0.776393,527,5,5,84,186,291,444,551,644
0.562049,0.182457,528,1,1,40,89,198,374
0.500546,0.370486,529,0,0,6,230,240,257,300,485,531
0.47943,0.267046,530,0,0,237,619,639,700,730,1213
0.476699,0.349256,531,0,0,82,230,485,509,529,650,751
0.187429,0.924586,532,-1,5
0.03624,0.841275,533,5,5,840,848
0.262666,0.752364,534,5,5,59,245,470,571,637,704
0.925571,0.969694,535,-1,-1
0.203176,0.545699,536,7,7,253,1077
0.414019,0.712199,537,5,5,270,326,662,831,981,1176
0.796515,0.440544,538,4,3,365
0.077421,0.587168,539,7,7,60,204,346,398,431,943,954
0.8172,0.158399,540,4,2,1,85,96
0.502202,0.58657,541,7,7,223,298,403,622,628,967,1105
0.818888,0.734419,542,4,4,141,356,467,773,1429
0.71307,0.861247,543,-1,3,1152
0.820687,0.841646,544,4,4,17,148,569,950,1237
0.544223,0.668295,545,7,7,56,91,385,396,526,1074,1097,1379
0.413804,0.817559,546,5,5,33,793,909,1054,1299
0.096176,0.646889,547,7,7,104,187,361,927,966
0.206532,0.28808,548,0,0,352,572,757
0.683535,0.111944,549,-1,-1
0.904896,0.329287,550,4,4,497,511,687,932,997,1045,1273,1515
0.350629,0.754987,551,5,5,186,207,291,527,1333
0.588816,0.331111,552,0,0,170,387,503,1328
0.760391,0.669764,553,-1,3
0.794732,0.970793,554,-1,-1
0.600563,0.606266,555,7,7,174,248,438,743,818,1004,1042,1073
0.453815,0.735699,556,5,5,326,1176,1227
0.866215,0.101437,557,4,2,52,435,449,794
0.037013,0.691541,558,-1,-1
0.139694,0.290482,559,0,0,24,779,908,913,1185
0.137457,0.692057,560,7,7,221,450,624,679,824,1088,1253
0.645404,0.176282,561,1,1,853,1002
0.543618,0.854901,562,5,5,217,952,995
0.861802,0.649277,563,4,4,277,489,775,777,799,827,900,1087
0.584065,0.673085,564,7,7,155,322,330,385,493,512,1097,1379
0.544445,0.389078,565,0,0,6,7,822
0.090391,0.110672,566,1,1,283,488,593,710,771,1001
0.534978,0.418242,567,-1,-1
0.118636,0.159229,568,1,1,12,39,247,426,488,1107,1219,1255
0.820369,0.817312,569,4,4,17,90,377,544,950
0.898742,0.58642,570,4,4,279,1278
0.265157,0.73698,571,5,5,534
0.224595,0.310071,572,0,0,352,548,757,825,1204
0.052671,0.099081,573,1,1,78,280,283,301,302,593,1191,1488
0.498619,0.931667,574,5,5,576,732,903
0.393091,0.586511,575,7,7,172,195,344,345,350,425,693
0.523975,0.925575,576,5,5,246,574,676,1291
0.371935,0.839589,577,5,5,20,309,672,793,813,1173
0.350215,0.562878,578,7,7,86,339,484
0.058796,0.224566,579,1,1,107,627,744,931,953,1119,1162
0.860626,0.844403,580,4,4,17,148,263,445,941,950,1206
0.88339,0.798384,581,4,4,341,378,445,600,862,1500
0.585721,0.802755,582,5,5,51,163,305
0.157468,0.8592,583,5,5,157
0.035621,0.662914,584,7,7,26,137,815
0.308391,0.732413,585,5,5,192
0.227765,0.567613,586,7,7,43,253,364,609,834
0.623884,0.268164,587,0,0,21,41,100,381,481,508,926,1175
0.158957,0.921202,588,-1,5,1040,1160
0.369579,0.111776,589,1,1,696,724
0.308621,0.603787,590,7,7,38,199,208,442,510,725
0.330051,0.176519,591,1,1,121,127,167,267,414,785,1118
0.434555,0.796894,592,5,5,33,123,1056,1319
0.072083,0.115196,593,1,1,283,301,349,488,566,573,771,1251
0.773234,0.136931,594,4,4,719,763,810,1109
0.187539,0.165096,595,1,1,5,260,323,492,772,850,1030
0.327418,0.101747,596,1,1,682,724,1071,1223,1391
0.324294,0.043885,597,-1,-1
0.776955,0.480096,598,-1,3,962
0.840484,0.184988,599,4,2,50,85,96,213,504,671,1316
0.862288,0.817235,600,4,4,17,445,581,950
0.305893,0.758325,601,5,5,1046
0.799175,0.288426,602,4,4,211,266,310,317,745,1322,1565
0.650046,0.86512,603,5,5,75,162,1120
0.522902,0.28703,604,0,0,143,196,269,498,639,700,1053,1182
0.139518,0.650944,605,7,7,197,225,235,624,927,959,1088,1253
0.263565,0.097401,606,1,1,252,314,642,855,916
0.859742,0.691514,607,4,4,63,284,356,634,775,827,1087
0.862369,0.354289,608,4,4,146,382,497,687,741,895,982
0.246309,0.584777,609,7,7,66,97,152,364,586,834,942
0.737234,0.56602,610,-1,3
0.057441,0.92886,611,5,5,739,1320
0.366,0.899419,612,5,5,500,1151
0.8762,0.582753,613,4,4,175,436,643,1278
0.391681,0.441336,614,-1,6
0.899708,0.627857,615,4,4,277,279,472,489
0.310557,0.930209,616,-1,5
0.199749,0.77591,617,5,5,72,1416
0.100511,0.68566,618,7,7,450,966
0.459271,0.262843,619,0,0,102,237,530,730
0.414459,0.906137,620,5,5,299,621,661,1082
0.3924,0.908985,621,5,5,299,500,620,699,1011,1082
0.501222,0.560548,622,7,7,223,298,403,420,541
0.582753,0.543637,623,7,7,110,290,464,707,1021,1245
0.141118,0.668309,624,7,7,225,450,560,605,679,1088,1253
0.644758,0.195882,625,-1,-1
0.834068,0.328991,626,4,4,142,266,272,296,342,382,741
0.050607,0.200434,627,1,1,107,367,579,647,656,744,931,1119
0.501069,0.605085,628,7,7,403,418,521,541,705,748,967,1105
0.664001,0.651306,629,7,7,406,1095,1174
0.055684,0.780376,630,5,5,268
0.736172,0.711512,631,-1,3,1061
0.34807,0.522624,632,-1,-1
0.394873,0.267814,633,0,0,126,417,486,835,859
0.8364,0.690193,634,4,4,63,356,607,773,775,877,890,1087
0.501525,0.800283,635,5,5,669,864
0.775759,0.180728,636,4,4,190,386,719,742,810,923,1468
0.267224,0.776106,637,5,5,59,245,451,534,704
0.175093,0.898815,638,-1,5
0.497555,0.287627,639,0,0,237,498,530,604,700
0.861417,0.900056,640,4,4,505,680
0.33127,0.330473,641,0,0,28,31,375
0.246367,0.096778,642,1,1,252,606,728,916
0.86054,0.584222,643,4,4,175,264,328,436,520,613,1278
0.393134,0.752519,644,5,5,101,205,444,527,1022,1056
0.11676,0.793935,645,5,5,654,754,776,1163,1270
0.245913,0.821795,646,5,5,940,1340
0.034705,0.181907,647,1,1,154,627,656,931
0.135781,0.352141,648,0,0,716,766,769,806,836,1164
0.456723,0.182202,649,1,1,259,515,516,791,887,1020,1116
0.498616,0.329111,650,0,0,230,257,498,509,531,1053,1192
0.645399,0.56409,651,7,7,506,783,892,1073,1138
0.397079,0.938748,652,5,5,299
0.34864,0.926799,653,5,5,369,699,1151
0.138516,0.778515,654,5,5,200,645,847,1163
0.82355,0.564562,655,4,4,264,490,520,948,1269
0.051677,0.182073,656,1,1,154,181,367,627,647,780,931
0.183317,0.861547,657,5,5,4,276,408,796
0.413177,0.331709,658,0,0,42,83,282,384,920,946
0.283443,0.801483,659,5,5,451,1413
0.140588,0.524293,660,7,7,453,715,1036,1418
0.436523,0.88686,661,5,5,106,189,473,620,1082,1161
0.411913,0.692438,662,5,5,270,326,537,670
0.949872,0.200265,663,4,4,188,304,689,706,711,1130,1282
0.625639,0.79625,664,5,5,161,784,808,1028
0.736508,0.877797,665,-1,3
0.435281,0.307236,666,0,0,282,486,730,786,1247
0.735636,0.411001,667,-1,3,867
0.408331,0.113652,668,1,1,65,87,337,373,1131,1208
0.516327,0.79885,669,5,5,11,71,635,864
0.408391,0.675538,670,5,5,270,662
0.822987,0.199549,671,4,2,47,96,504,599
0.389599,0.83885,672,5,5,577,793
0.699029,0.475376,673,-1,3
0.433876,0.385205,674,0,0,479
0.712411,0.415356,675,-1,3
0.523402,0.903703,676,5,5,158,246,379,576,814,843
0.262077,0.352531,677,0,0,117
0.734495,0.675761,678,-1,3
0.160605,0.691767,679,7,7,434,560,624,824,1088,1263
0.864756,0.884539,680,4,4,263,505,640,941
0.682164,0.905233,681,-1,-1
0.327587,0.119283,682,1,1,191,325,502,596,724,1071,1223
0.624629,0.905256,683,5,5,338,424
0.840867,0.499626,684,4,4,94,222,433,476,734,837,1184
0.091615,0.333396,685,0,0,129,131,234,702
0.288219,0.71564,686,-1,5
0.883822,0.353781,687,4,4,67,146,497,550,608,741,895,932
0.238385,0.663683,688,7,7,88,124,870,898
0.927208,0.200184,689,4,4,188,304,663,706,1282
0.710392,0.756532,690,-1,3
0.607648,0.864243,691,5,5,424,788,1015,1120,1426
0.74935,0.101694,692,4,4,351,763,1233
0.370191,0.584656,693,7,7,172,195,339,392,484,575
0.118575,0.60768,694,7,7,114,187,204,235,431,720,959,1112
0.002515,0.113689,695,-1,-1
0.372154,0.102637,696,1,1,337,589,1208
0.480045,0.777499,697,5,5,54,125
0.431813,0.471126,698,6,6,92,218,219
0.37047,0.923918,699,5,5,299,621,653,1151,1317
0.500815,0.264875,700,0,0,237,530,604,639,1114,1182,1213,1367
0.224849,0.778302,701,-1,5
0.095898,0.310542,702,0,0,129,234,685,767,908,913,1164
0.629367,0.13922,703,1,1,58,335,348,487,853,866,910,1351
0.250673,0.777795,704,5,5,451,534,637
0.47939,0.624881,705,7,7,44,147,418,628,778,977,1358
0.922727,0.226144,706,4,4,73,663,689,1058
0.560116,0.541462,707,7,7,14,110,320,334,623,897,1021
0.521424,0.160729,708,1,1,8,40,79,111,198,347,817,1243
0.182181,0.625548,709,7,7,184,197,225,465,524,722,999,1000
0.114498,0.116521,710,1,1,247,488,566,771,988,993,1001,1219
0.961831,0.184703,711,4,4,304,663,1130
0.218644,0.924165,712,-1,5,1368
0.118088,0.203345,713,1,1,12,171,423,426,460,727,1107
0.715091,0.648529,714,-1,3,1110
0.159222,0.540913,715,7,7,453,660,764,904,1077,1190,1418
0.118257,0.348634,716,0,0,131,648,1164
0.307831,0.306387,717,0,0,16,28,209,491,880,1369
0.500989,0.668363,718,7,7,91,396,977,1074
0.753874,0.157939,719,4,4,594,636,742,746,810,1109,1241
0.117638,0.587204,720,7,7,114,204,281,694,904,943,1112
0.716086,0.587929,721,-1,3
0.180965,0.604903,722,7,7,43,184,197,465,709,1000,1044,1258
0.521586,0.409871,723,-1,-1
0.351393,0.118092,724,1,1,191,502,589,596,682,1391
0.289732,0.607365,725,7,7,38,199,442,510,590,1043
0.203177,0.352245,726,0,0,1016,1220,1287
0.136848,0.199264,727,1,1,12,171,176,713,772,830,1107
0.221316,0.095842,728,1,1,319,642,905,916,1009
0.335291,0.620884,729,7,7,208
0.454608,0.289354,730,0,0,102,237,530,619,666,1247
0.047045,0.550118,731,7,7,346
0.474992,0.924546,732,5,5,106,574,820
0.15961,0.137118,733,1,1,247,260,495,850,1255
0.821176,0.499813,734,4,4,94,433,476,684,837
0.611542,0.517805,735,-1,-1
0.037007,0.401259,736,-1,-1
0.436368,0.588777,737,7,7,19,344,345,469,778,1144
0.072275,0.759296,738,-1,5
0.052878,0.903553,739,5,5,611,989,1010,1135,1167,1320
0.202993,0.803738,740,5,5,457
0.86142,0.328198,741,4,4,272,296,382,497,608,626,687
0.754876,0.182186,742,4,4,190,636,719
0.630148,0.605587,743,7,7,174,248,404,456,555,783,1042,1073
0.080578,0.201867,744,1,1,107,367,423,426,460,579,627
0.814772,0.268776,745,4,4,310,602
0.739615,0.138872,746,4,4,351,719,763,1109
0.736338,0.430216,747,3,3,407
0.503528,0.632364,748,7,7,91,521,628,977
0.053884,0.690192,749,-1,7
0.584944,0.245097,750,0,0,100,455,832,882,926
0.459571,0.329989,751,0,0,82,83,509,531
0.587302,0.370674,752,0,0,7,170,387,415,1212
0.308831,0.835281,753,5,5,151,459,1006,1413
0.1149,0.819703,754,5,5,645
0.09543,0.702791,755,-1,-1
0.163018,0.942355,756,-1,5
0.222506,0.291012,757,0,0,352,548,572,825,1250
0.415864,0.498251,758,6,6,92,219
0.779617,0.629214,759,-1,3,1524
0.475773,0.820587,760,5,5,125,400,839,864,1070
0.9005,0.671727,761,4,4,284,472,489,827,1216
0.904199,0.415665,762,4,4,30,482,951,1108
0.7523,0.118418,763,4,4,351,594,692,746,1109
0.157179,0.563387,764,7,7,453,715,904,1044,1077,1112,1190,1258
0.676014,0.03312,765,-1,-1
0.139717,0.330525,766,0,0,648,769,779,1164
0.076722,0.293316,767,0,0,129,702
0.419274,0.547342,768,7,7,350
0.160613,0.33149,769,0,0,24,648,766,779,836,960,1220,1287
0.515161,0.077009,770,-1,-1
0.09533,0.098704,771,1,1,0,283,566,593,710,1001,1191,1339
0.159665,0.1797,772,1,1,176,260,492,595,727,922,1107,1255
0.820822,0.709889,773,4,4,356,542,634,877
0.881969,0.521141,774,4,4,122,222,287,313,518,1283,1464
0.838479,0.667748,775,4,4,563,607,634,877,890,900,956,1087
0.097285,0.77465,776,5,5,645,973,1068,1163,1270
0.862591,0.625113,777,4,4,175,277,328,489,563,799,1055
0.458052,0.605228,778,7,7,19,144,147,403,418,705,737,1144
0.139785,0.307982,779,0,0,24,559,766,769,908,913,1164,1185
0.072626,0.160452,780,1,1,39,181,349,367,426,488,656,1251
0.287527,0.21752,781,1,1,133,166,267,975
0.966544,0.436193,782,-1,-1
0.642749,0.581333,783,7,7,456,651,743,892,1073
0.628942,0.819208,784,5,5,161,478,664,788,1028,1090,1506
0.310238,0.160727,785,1,1,70,74,167,228,325,414,591
0.450496,0.314196,786,0,0,666
0.117353,0.911522,787,-1,5,458
0.606569,0.840095,788,5,5,163,691,784
0.43531,0.103222,789,1,1,1131
0.371241,0.312454,790,0,0,31,42,98,243,417,480,859,946
0.438052,0.160048,791,1,1,65,432,514,515,649,887,1128
0.560055,0.211548,792,-1,-1
0.389899,0.820236,793,5,5,20,33,546,577,672,909
0.837949,0.119186,794,4,2,1,22,52,99,363,449,557
0.756277,0.22441,795,4,4,15,190,386
0.200624,0.861824,796,5,5,4,165,276,408,519,657,980,1276
0.387468,0.473041,797,6,6,507
0.450294,0.011136,798,-1,-1
0.83847,0.627361,799,4,4,175,328,563,777,801,900,956,1398
0.541315,0.348926,800,0,0,6,229,257,411,503,822
0.81982,0.606598,801,4,4,328,520,799,948
0.563212,0.392973,802,-1,0
0.010223,0.49904,803,-1,-1
0.757853,0.692872,804,-1,3,1061
0.651557,0.746847,805,-1,-1
0.141511,0.365998,806,0,0,648
0.289346,0.566976,807,7,7,38,97,510,886
0.62586,0.784211,808,5,5,664
0.78902,0.419654,809,-1,3
0.775444,0.155456,810,4,4,594,636,719,1109
0.56335,0.607804,811,7,7,128,271,438,818,1004,1050,1062
0.263781,0.926783,812,5,5,48,112,354
0.354058,0.864504,813,5,5,274,577,971,1173
0.499155,0.906152,814,5,5,180,676,843
0.053692,0.668271,815,7,7,26,137,361,399,584,821
0.645038,0.927711,816,-1,5
0.52139,0.136693,817,1,1,8,40,347,439,474,517,708,1243
0.581737,0.585227,818,7,7,110,128,248,290,438,555,811,1021
0.898406,0.843958,819,4,4,263,445,1206
0.457293,0.923214,820,5,5,106,732,1458
0.073998,0.672,821,7,7,137,361,399,815,966
0.549456,0.375336,822,0,0,6,7,411,565,800
0.205476,0.037651,823,-1,-1
0.158104,0.704672,824,7,7,434,560,679
0.243134,0.311448,825,0,0,64,134,303,572,757,918,1204,1250
0.776201,0.460055,826,-1,3
0.88381,0.669764,827,4,4,284,472,489,563,607,761,1087,1216
0.549036,0.779176,828,5,5,68,71,227,1394
0.947805,0.100079,829,4,4,2,353,447
0.162929,0.222831,830,1,1,176,262,727,922,1067,1197
0.388987,0.713539,831,5,5,270,333,537,1022
0.564129,0.246971,832,0,0,196,455,750,1146
0.737283,0.777769,833,-1,3
0.224261,0.584173,834,7,7,43,586,609,942
0.373558,0.264546,835,0,0,417,633,859
0.16205,0.352062,836,0,0,648,769,1220,1287
0.827009,0.517044,837,4,4,94,684,734
0.92716,0.058769,838,-1,-1
0.456315,0.841541,839,5,5,120,760,1025,1070
0.033465,0.819442,840,5,5,268,533
0.307728,0.47633,841,6,6,139,182,256,311,978,1023,1183
0.269945,0.936609,842,-1,5
0.497479,0.881425,843,5,5,158,159,676,814,849,1133,1211
0.54046,0.821451,844,5,5,11
0.346766,0.838314,845,-1,5
0.352102,0.159149,846,1,1,121,169,191,414
0.157531,0.78099,847,5,5,72,200,654,1416
0.053163,0.841525,848,5,5,306,533
0.517675,0.861252,849,5,5,158,400,843,1211
0.180214,0.142507,850,1,1,260,323,391,495,595,733,905,1030
0.658468,0.972885,851,-1,-1
0.094314,0.882841,852,5,5,1121,1134,1157,1167
0.647596,0.164552,853,1,1,487,561,703,1002,1351
0.031301,0.60387,854,7,7,136,203,856,954,1019
0.286386,0.101916,855,1,1,252,314,606,1071,1223
0.051628,0.603453,856,7,7,104,136,203,398,854,954,1019
0.567423,0.077936,857,-1,-1
0.076477,0.544062,858,7,7,60,233,346,943
0.390721,0.289405,859,0,0,42,126,282,417,486,633,790,835
0.324202,0.941056,860,-1,5
0.308939,0.711033,861,-1,5
0.85964,0.776779,862,4,4,141,153,341,343,377,378,581,1246
0.370971,0.183635,863,1,1,121,127,169,332,380,395,1285
0.498285,0.820792,864,5,5,11,125,400,496,635,669,760
0.259794,0.878535,865,5,5,112,1209
0.646903,0.123451,866,1,1,348,487,703
0.738551,0.396875,867,-1,3,667
0.663755,0.502504,868,-1,-1
0.670458,0.386678,869,-1,-1
0.244596,0.648017,870,7,7,88,124,241,250,688,898,1043
0.858853,0.434279,871,4,4,30,138,289,372,421,483,912,1348
0.820976,0.368485,872,4,4,142,382,982,1297
0.840539,0.393716,873,4,4,80,421
0.411832,0.863373,874,5,5,189,309,1082,1299
0.211314,0.683559,875,7,7,88,901
0.548886,0.037678,876,-1,-1
0.822471,0.688963,877,4,4,634,773,775,890
0.325208,0.902814,878,5,5,369,971,1115,1151
0.8194,0.414501,879,4,4,365,421,1297
0.292919,0.291154,880,0,0,64,134,209,249,491,717,1076
0.587575,0.937181,881,5,5,25
0.604149,0.226341,882,0,0,416,750,926
0.755059,0.778658,883,-1,3,1262
0.375857,0.45509,884,6,6,37,150,507
0.916075,0.373918,885,4,4,67
0.309401,0.567157,886,7,7,38,86,510,807
0.438355,0.178315,887,1,1,340,514,515,649,791,1020,1116,1128
0.035113,0.313529,888,0,0,452,986,1539
0.487245,0.661849,889,-1,7
0.819371,0.667299,890,4,4,634,775,877,956
0.734647,0.496911,891,-1,3
0.629679,0.560592,892,7,7,248,290,464,506,651,783,1073
0.335882,0.67722,893,5,5,183,1179
0.710761,0.820231,894,-1,3
0.884753,0.37279,895,4,4,67,80,146,482,608,687,932,951
0.351126,0.366969,896,0,0,23,239,375,429,468
0.564387,0.528638,897,7,7,334,707
0.222718,0.655175,898,7,7,88,241,250,465,524,688,870,901
0.179137,0.242593,899,-1,1
0.836128,0.647516,900,4,4,563,775,799,956
0.202509,0.674984,901,7,7,88,321,434,524,875,898,999
0.926957,0.267173,902,4,4,73,178,258,357,1058,1279
0.501439,0.938943,903,5,5,574
0.140873,0.563765,904,7,7,281,453,715,720,764,1036,1112,1258
0.200235,0.120672,905,1,1,226,319,391,728,850,1009,1030,1086
0.37022,0.499855,906,6,6,401,1039,1166
0.718486,0.76952,907,-1,3
0.11347,0.311037,908,0,0,559,702,779,913,1164
0.392854,0.799432,909,5,5,33,444,546,793
0.603968,0.160701,910,1,1,58,89,371,441,703,983,1002,1351
0.787486,0.573478,911,-1,3
0.840771,0.435578,912,4,4,138,365,421,483,871,1348
0.11666,0.291425,913,0,0,331,559,702,779,908
0.140144,0.816622,914,-1,5
0.779181,0.697641,915,-1,3,1313
0.246242,0.115546,916,1,1,13,115,252,319,606,642,728,1086
0.308944,0.416666,917,-1,-1
0.267901,0.328653,918,0,0,64,209,825,1072
0.770996,0.304005,919,-1,4
0.395656,0.352109,920,0,0,135,243,384,429,443,658,946
0.71374,0.49543,921,-1,3,1078
0.181555,0.19777,922,1,1,5,29,173,176,262,492,772,830
0.79283,0.205572,923,4,4,15,47,96,386,636
0.625873,0.654247,924,7,7,174,330,406,446,512,1042
0.478321,0.843038,925,5,5,400
0.606968,0.243846,926,0,0,100,416,481,587,750,882
0.115261,0.650614,927,7,7,187,235,547,605,959,966,1253
0.058265,0.947831,928,-1,5
0.814567,0.039487,929,-1,-1
0.593921,0.739424,930,-1,-1
0.034523,0.206136,931,1,1,579,627,647,656,1119
0.903959,0.355651,932,4,4,67,550,687,895,1045
0.43105,0.438918,933,-1,6
0.73398,0.731456,934,-1,3
0.036948,0.295739,935,-1,-1
0.373671,0.802919,936,-1,5
0.285144,0.905567,937,5,5,112,354,1115
0.243265,0.940013,938,5,5,48
0.947814,0.664309,939,-1,-1,1555
0.240928,0.801039,940,5,5,451,646,1141
0.861845,0.865624,941,4,4,17,148,263,505,580,680,1012,1206
0.219822,0.607069,942,7,7,43,66,241,250,465,609,834,1000
0.094251,0.566648,943,7,7,60,204,233,281,539,720,858,1036
0.609542,0.408525,944,-1,-1
0.754714,0.568862,945,3,3,35,231
0.394127,0.327755,946,0,0,42,243,282,384,658,790,920
0.03849,0.241762,947,1,1,1119
0.819341,0.587429,948,4,4,264,328,520,655,801
0.209421,0.964971,949,-1,-1
0.838511,0.814909,950,4,4,17,90,377,544,569,580,600
0.883639,0.39543,951,4,4,30,67,80,138,146,482,762,895
0.543662,0.845293,952,5,5,217,562
0.052523,0.239812,953,1,1,579,1119
0.052152,0.585829,954,7,7,60,136,346,539,854,856,972
0.035537,0.864854,955,-1,5
0.823298,0.649276,956,4,4,775,799,890,900
0.308735,0.214873,957,1,1,267
0.756649,0.736601,958,-1,3
0.138079,0.624495,959,7,7,114,184,197,225,235,605,694,927
0.180203,0.306516,960,0,0,24,769,1017,1287
0.354107,0.819671,961,5,5,84
0.756215,0.479941,962,-1,3,598,1059
0.805088,0.329577,963,4,4,142,266,342,1322,1444
0.226116,0.204807,964,1,1,5,29,32,173,212,1094,1215,1230
0.88334,0.265624,965,-1,-1
0.0941,0.673904,966,7,7,361,399,450,547,618,821,927,1253
0.52266,0.586587,967,7,7,14,223,541,628,1008,1105
0.755523,0.818069,968,-1,3,1330
0.147593,0.402645,969,-1,-1
0.631263,0.305784,970,0,0,21,41,238,312,1169
0.331371,0.879853,971,5,5,274,813,878,1115,1207
0.034736,0.568641,972,7,7,136,346,954
0.079125,0.77441,973,5,5,776
0.332849,0.710594,974,5,5,192,207,992,1179
0.271105,0.217286,975,1,1,133,166,212,781
0.068731,0.425454,976,-1,-1
0.498368,0.644089,977,7,7,91,521,705,718,748,1358
0.309022,0.499002,978,6,6,182,311,841,1023
0.822461,0.458006,979,-1,4
0.204225,0.841298,980,5,5,4,796
0.421058,0.731373,981,5,5,326,537,1176
0.840153,0.370904,982,4,4,80,142,146,382,608,872,1297
0.584177,0.140039,983,1,1,10,58,335,371,374,440,910,1027
0.553672,0.264873,984,0,0,196
0.700055,0.651587,985,-1,3
0.056135,0.312061,986,0,0,129,452,888,1539
0.756707,0.457425,987,-1,3
0.137328,0.097045,988,1,1,0,140,288,495,710,993,1001
0.078784,0.905707,989,5,5,739,1157,1167
0.82132,0.09882,990,-1,2
0.20679,0.899296,991,5,5,408,1235
0.34425,0.715576,992,5,5,207,974
0.134323,0.116687,993,1,1,247,288,495,710,988,1001
0.003302,0.861558,994,-1,-1
0.561288,0.859598,995,5,5,217,494,562
0.590309,0.503373,996,-1,-1
0.884097,0.311296,997,4,4,296,497,550
0.768075,0.792139,998,-1,3
0.175318,0.647814,999,7,7,197,225,321,465,524,709,901,1088
0.201985,0.607351,1000,7,7,43,241,465,709,722,942,1044
0.119701,0.095378,1001,1,1,0,140,566,710,771,988,993
0.628683,0.177098,1002,1,1,441,561,853,910,1351
0.656715,0.785527,1003,-1,5
0.590244,0.626506,1004,7,7,155,330,438,555,811,1042,1050,1097
0.791949,0.684806,1005,-1,3
0.328343,0.81539,1006,5,5,84,151,753,1080
0.121447,0.842522,1007,-1,5
0.544326,0.587698,1008,7,7,14,128,967,1021,1062
0.199965,0.092932,1009,1,1,226,391,728,905,1132,1440
0.038304,0.901651,1010,5,5,739
0.389288,0.882075,1011,5,5,309,500,621,1082
0.83835,0.886152,1012,4,4,148,941,1237
0.668785,0.609683,1013,7,7,404,456,1174
0.565738,0.761707,1014,5,5,68,227
0.59003,0.861246,1015,5,5,691
0.202907,0.364467,1016,0,0,726
0.177956,0.287172,1017,0,0,960
0.32588,0.775682,1018,5,5,1046
0.02911,0.62573,1019,7,7,26,137,203,854,856,1338
0.459,0.195669,1020,1,1,516,649,887
0.567448,0.564073,1021,7,7,14,110,128,320,623,707,818,1008
0.38824,0.729983,1022,5,5,205,644,831
0.325401,0.496834,1023,6,6,182,841,978
0.493558,0.193354,1024,1,1,111,516
0.435432,0.841802,1025,5,5,839
0.64805,0.344573,1026,0,0,238,1169
0.580742,0.11851,1027,1,1,10,58,335,440,983
0.612132,0.807298,1028,5,5,664,784
0.95523,0.844572,1029,-1,-1
0.204425,0.137493,1030,1,1,34,319,323,595,850,905,1086
0.329113,0.269629,1031,0,0,16,249,491,1145
0.273106,0.448541,1032,6,6,256
0.027747,0.056278,1033,-1,-1
0.367509,0.670725,1034,5,5,108,156,183,270
0.057202,0.821221,1035,5,5,268,1186
0.116498,0.540061,1036,7,7,46,233,281,453,660,904,943
0.691936,0.432687,1037,-1,-1
0.693301,0.731098,1038,-1,3
0.353073,0.479684,1039,6,6,150,182,906,1166
0.146735,0.927307,1040,-1,5,588
0.523786,0.396699,1041,-1,0
0.604765,0.627473,1042,7,7,155,174,330,438,555,743,924,1004
0.267599,0.627279,1043,7,7,66,124,250,389,442,725,870
0.181961,0.585107,1044,7,7,43,253,722,764,1000,1077,1258
0.919546,0.349003,1045,4,4,67,550,932
0.311077,0.77488,1046,5,5,245,601,1018,1080
0.739832,0.609852,1047,-1,3,390
0.139882,0.901934,1048,5,5,1063
0.884548,0.246735,1049,-1,-1
0.563734,0.62614,1050,7,7,155,271,438,526,811,1004,1062,1097
0.713302,0.283744,1051,-1,-1
0.226615,0.372248,1052,-1,0
0.519781,0.308408,1053,0,0,143,229,498,604,650,1192
0.431181,0.816029,1054,5,5,546
0.883416,0.603448,1055,4,4,175,277,279,777
0.417559,0.777389,1056,5,5,33,101,444,592,644,1319
0.963078,0.31312,1057,-1,-1
0.92852,0.242114,1058,4,4,73,178,706,902
0.748712,0.496471,1059,-1,3,962
0.268463,0.833183,1060,5,5,1413
0.753742,0.713183,1061,-1,3,631,804,1313
0.549708,0.606714,1062,7,7,128,271,521,811,1008,1050
0.135411,0.883576,1063,5,5,220,1048,1091,1134,1388
0.249582,0.859876,1064,5,5,1209,1340
0.691065,0.500967,1065,-1,-1
0.565249,0.904019,1066,5,5,25,246,286,379,494,525
0.142079,0.236041,1067,1,1,830
0.096988,0.763649,1068,5,5,776
0.076354,0.348734,1069,0,0,131,234
0.458175,0.820208,1070,5,5,123,125,760,839
0.310306,0.119378,1071,1,1,70,314,325,502,596,682,855,1223
0.283897,0.329581,1072,0,0,28,209,918
0.627332,0.586986,1073,7,7,248,290,456,555,651,743,783,892
0.521219,0.690554,1074,7,7,56,396,545,718
0.792599,0.397791,1075,3,3,244
0.281984,0.270564,1076,0,0,134,880,1231
0.185367,0.561238,1077,7,7,43,253,536,715,764,1044,1190
0.712061,0.479351,1078,-1,3,921
0.881279,0.161832,1079,4,2,22,213,513,1171,1316
0.314185,0.795693,1080,5,5,151,1006,1046,1222
0.309702,0.369471,1081,-1,0
0.41259,0.88608,1082,5,5,189,309,620,621,661,874,1011
0.646565,0.434171,1083,-1,-1
0.619325,0.061652,1084,-1,-1,1225
0.765649,0.255887,1085,-1,4
0.221623,0.13637,1086,1,1,13,34,318,319,323,905,916,1030
0.860383,0.671016,1087,4,4,284,489,563,607,634,775,827
0.160252,0.66787,1088,7,7,225,321,434,560,605,624,679,999
0.847458,0.899289,1089,-1,4
0.608106,0.819935,1090,5,5,163,784
0.15738,0.884045,1091,5,5,1063
0.904514,0.290453,1092,4,4,357
0.735945,0.838112,1093,-1,3
0.243145,0.219998,1094,1,1,212,964
0.669672,0.668402,1095,7,-1,629
0.603077,0.308405,1096,0,0,508,1169,1284
0.566515,0.648737,1097,7,7,155,271,526,545,564,1004,1050,1379
0.049565,0.347129,1098,0,0,452
0.664022,0.896106,1099,-1,5
0.650354,0.370716,1100,0,0,412
0.740298,0.243285,1101,-1,-1
0.265242,0.605808,1102,7,7,66
0.497607,0.031702,1103,-1,-1
0.993473,0.761607,1104,-1,-1
0.520021,0.60334,1105,7,7,521,541,628,967
0.662892,0.884343,1106,5,5,162
0.139223,0.183429,1107,1,1,12,176,568,713,727,772,1255
0.902164,0.438164,1108,4,4,30,289,372,430,762
0.752683,0.136355,1109,4,4,351,594,719,746,763,810
0.7309,0.642828,1110,-1,3,714
0.923309,0.937428,1111,-1,-1
0.137382,0.587523,1112,7,7,114,281,694,720,764,904,1258
0.757642,0.984415,1113,-1,-1
0.517138,0.248091,1114,0,0,196,700,1182
0.310777,0.904586,1115,5,5,354,369,878,937,971,1207
0.431935,0.196754,1116,1,1,340,649,887,1128
0.143056,0.843504,1117,-1,5
0.32854,0.200799,1118,1,1,121,127,167,267,591
0.038739,0.226529,1119,1,1,579,627,931,947,953
0.628465,0.866382,1120,5,5,424,603,691
0.093302,0.863753,1121,5,5,852
0.153127,0.361965,1122,-1,0
0.961022,0.748635,1123,-1,-1
0.862735,0.732551,1124,4,4,63,141,153,297,343,356,1429
0.229026,0.047981,1125,-1,-1
0.4086,0.409336,1126,-1,-1
0.476091,0.105176,1127,1,1,206
0.418782,0.178507,1128,1,1,332,340,380,395,514,791,887,1116
0.541562,0.945847,1129,5,5,1291
0.958912,0.202734,1130,4,4,304,663,711
0.437943,0.115674,1131,1,1,57,65,668,789,1140
0.183612,0.079148,1132,1,1,226,288,1009,1440
0.475992,0.876861,1133,5,5,120,159,843,1161
0.112397,0.88762,1134,5,5,852,1063
0.055209,0.879356,1135,5,5,739,1167
0.854363,0.926788,1136,-1,-1
0.130641,0.226075,1137,1,1,171
0.659881,0.565602,1138,7,7,651
0.375738,0.139964,1139,1,1,169,191,332,373
0.438222,0.128968,1140,1,1,1131
0.220767,0.799071,1141,5,5,940,1452
0.757748,0.405889,1142,-1,3
0.776319,0.431309,1143,3,3,244,407
0.438022,0.601716,1144,7,7,345,737,778
0.348728,0.265755,1145,0,0,16,98,417,1031
0.545695,0.246767,1146,0,0,196,832,1182
0.966216,0.135668,1147,4,4,2,336,353,410,1543
0.810697,0.249851,1148,4,4,109,310
0.519392,0.757879,1149,5,5,71,227
0.794902,0.876129,1150,-1,3,1267
0.352149,0.904271,1151,5,5,369,500,612,653,699,878
0.714208,0.844235,1152,-1,3,543
0.464109,0.419035,1153,-1,-1
0.486144,0.478153,1154,-1,-1
0.666141,0.80056,1155,-1,5
0.763427,0.388782,1156,3,3,308,1196
0.090825,0.902584,1157,5,5,852,989,1167
0.2664,0.441976,1158,-1,6
0.990704,0.296833,1159,-1,-1
0.155193,0.905001,1160,-1,5,588
0.456236,0.875741,1161,5,5,120,661,1133
0.073507,0.241744,1162,1,1,107,423,579
0.117776,0.778141,1163,5,5,645,654,776
0.115266,0.331431,1164,0,0,131,648,702,716,766,779,908
0.712967,0.733329,1165,-1,3
0.357272,0.496383,1166,6,6,182,906,1039
0.072908,0.886613,1167,5,5,739,852,989,1135,1157
0.586181,0.774967,1168,-1,5
0.626202,0.329427,1169,0,0,170,238,312,970,1026,1096,1300,1328
0.908576,0.188795,1170,-1,4
0.880664,0.137616,1171,4,2,22,1079,1316
0.244672,0.362965,1172,-1,0
0.370828,0.859263,1173,5,5,309,577,813
0.66365,0.626452,1174,7,7,404,406,456,629,1013
0.64299,0.265447,1175,0,0,21,41,381,587
0.438431,0.732429,1176,5,5,326,537,556,981
0.519387,0.436802,1177,-1,-1
0.465978,0.248302,1178,-1,0
0.333767,0.690856,1179,5,5,893,974
0.70202,0.461911,1180,-1,3
0.461585,0.771946,1181,-1,5
0.519825,0.26115,1182,0,0,196,604,700,1114,1146
0.307999,0.455998,1183,6,6,139,182,256,311,841,1256
0.857845,0.480002,1184,4,4,222,236,289,433,483,518,684,1348
0.15235,0.285188,1185,0,0,24,559,779
0.073115,0.824453,1186,5,5,268,1035,1470
0.927349,0.141399,1187,4,4,2,224,336,410
0.698798,0.765022,1188,-1,3,1473
0.585958,0.297687,1189,0,0,1284
0.176412,0.53888,1190,7,7,715,764,1077,1240
0.07819,0.080679,1191,1,1,78,283,573,771
0.518229,0.327951,1192,0,0,143,229,230,257,498,650,1053
0.319778,0.436285,1193,-1,6
0.412013,0.008605,1194,-1,-1
0.973116,0.88776,1195,-1,-1
0.769068,0.377909,1196,3,3,1156
0.154699,0.236016,1197,1,1,830
0.925806,0.397122,1198,-1,-1
0.615889,0.710419,1199,-1,-1
0.362406,0.243904,1200,-1,-1
0.669797,0.303856,1201,-1,-1
0.772058,0.519047,1202,-1,3
0.036599,0.881168,1203,-1,5
0.222651,0.333057,1204,0,0,572,825,1257
0.861414,0.541004,1205,4,4,94,122,264,436,490
0.882959,0.844299,1206,4,4,263,445,580,819,941
0.309225,0.882963,1207,5,5,3,376,971,1115
0.39171,0.101401,1208,1,1,337,668,696
0.26388,0.867368,1209,5,5,865,1064
0.090573,0.409426,1210,-1,-1
0.501149,0.864775,1211,5,5,158,159,400,843,849
0.604976,0.370219,1212,0,0,170,194,387,415,477,752
0.480819,0.252278,1213,0,0,530,700
0.773869,0.857698,1214,-1,3,383
0.223802,0.179205,1215,1,1,5,32,34,173,212,318,323,964
0.899144,0.694296,1216,4,4,284,761,827,1272
0.306278,0.353105,1217,0,0,28,255,375
0.899226,0.752212,1218,4,4,297,343,1453
0.121106,0.139771,1219,1,1,247,488,568,710,1255
0.181697,0.353285,1220,0,0,726,769,836,1287
0.24201,0.384626,1221,-1,0
0.331146,0.794704,1222,5,5,84,1080
0.306487,0.098959,1223,1,1,314,596,682,855,1071
0.779513,0.241744,1224,4,4,15,109,211
0.614755,0.061915,1225,-1,-1,1084
0.646189,0.227305,1226,0,0,381,416
0.456299,0.75574,1227,5,5,471,556
0.28018,0.347233,1228,-1,0
0.403276,0.641713,1229,-1,7
0.219175,0.2232,1230,1,1,29,173,964
0.276106,0.275015,1231,0,0,134,1076
0.208202,0.754553,1232,-1,-1
0.741053,0.103365,1233,4,4,351,692
0.710732,0.232659,1234,-1,-1
0.21918,0.899855,1235,5,5,408,991,1276
0.524833,0.542958,1236,7,7,320
0.824024,0.860576,1237,4,4,17,148,544,1012
0.01295,0.454445,1238,-1,-1
0.590524,0.74524,1239,-1,-1
0.179705,0.530146,1240,7,7,1190
0.743909,0.157353,1241,4,4,719
0.259647,0.540932,1242,-1,-1
0.495988,0.140453,1243,1,1,206,259,347,427,474,517,708,817
0.012882,0.770668,1244,-1,-1
0.57788,0.527505,1245,7,7,623
0.840099,0.776805,1246,4,4,90,141,153,324,341,377,467,862
0.437114,0.28562,1247,0,0,102,126,486,666,730
0.670412,0.714,1248,-1,-1
0.228797,0.029087,1249,-1,-1
0.244022,0.287367,1250,0,0,134,757,825,1302
0.076064,0.136925,1251,1,1,39,301,349,488,593,780
0.700639,0.219944,1252,-1,-1
0.118709,0.676853,1253,7,7,450,560,605,624,927,966
0.64007,0.672498,1254,7,7,446
0.136866,0.157262,1255,1,1,12,247,260,568,733,772,1107,1219
0.311843,0.442553,1256,6,6,139,1183
0.228852,0.345103,1257,0,0,117,1204
0.160088,0.583678,1258,7,7,722,764,904,1044,1112
0.968711,0.056819,1259,-1,-1
0.944319,0.953472,1260,-1,-1
0.221439,0.417958,1261,-1,-1
0.771969,0.777111,1262,-1,3,883
0.172357,0.702664,1263,7,7,434,679
0.597264,0.395231,1264,0,0,415
0.968568,0.223204,1265,-1,-1
0.474095,0.760269,1266,-1,5
0.794863,0.867576,1267,-1,3,1150
0.336039,0.251002,1268,-1,0
0.821893,0.543289,1269,4,4,94,264,490,655
0.096325,0.792604,1270,5,5,645,776
0.427049,0.701127,1271,5,5,326
0.885151,0.71344,1272,4,4,63,284,297,1216
0.920466,0.331853,1273,4,4,550
0.931154,0.567153,1274,-1,-1
0.050653,0.978407,1275,-1,-1
0.223205,0.881056,1276,5,5,408,519,796,1235
0.92379,0.461391,1277,-1,-1
0.884291,0.562031,1278,4,4,122,287,436,570,613,643,1296
0.939654,0.283529,1279,4,4,178,357,902
0.02763,0.418812,1280,-1,-1
0.493951,0.741788,1281,-1,5
0.947554,0.217264,1282,4,4,663,689
0.90452,0.524348,1283,4,4,122,287,313,774
0.581221,0.307548,1284,0,0,76,359,503,1096,1189
0.377138,0.200388,1285,1,1,121,127,380,395,863
0.752714,0.651011,1286,-1,3,130
0.18335,0.328311,1287,0,0,24,462,726,769,836,960,1220
0.039699,0.797382,1288,5,5,268
0.790255,0.63908,1289,-1,3
0.412315,0.943506,1290,-1,5
0.541008,0.929249,1291,5,5,286,576,1129
0.900915,0.144134,1292,-1,-1
0.991253,0.824381,1293,-1,-1
0.709578,0.69424,1294,-1,3
0.896519,0.866295,1295,4,4,263
0.900777,0.56042,1296,4,4,122,287,1278
0.822928,0.39268,1297,4,4,421,872,879,982
0.284198,0.738133,1298,5,5,59
0.416835,0.843189,1299,5,5,546,874
0.63028,0.349347,1300,0,0,238,1169
0.114208,0.941886,1301,-1,5,458
0.246805,0.271781,1302,0,0,134,1250
0.797243,0.07404,1303,-1,-1
0.070846,0.938007,1304,-1,5
0.924762,0.607685,1305,-1,-1
0.711216,0.461697,1306,-1,3
0.782087,0.841559,1307,-1,3
0.266522,0.368045,1308,-1,0
0.946436,0.586774,1309,-1,-1
0.286395,0.87661,1310,5,5,376
0.311706,0.037642,1311,-1,-1
0.985186,0.374521,1312,-1,-1
0.776497,0.709502,1313,-1,3,915,1061
0.224491,0.441129,1314,-1,-1
0.00382,0.100054,1315,-1,-1
0.862782,0.160841,1316,4,2,22,85,99,213,513,599,1079,1171
0.374993,0.939607,1317,5,5,699
0.055777,0.386042,1318,-1,-1
0.438476,0.780518,1319,5,5,592,1056
0.072782,0.926054,1320,5,5,62,611,739
0.71205,0.665066,1321,-1,3
0.800095,0.310835,1322,4,4,266,317,342,602,963
0.070699,0.856959,1323,5,5,306
0.457579,0.720218,1324,-1,5
0.32334,0.831332,1325,5,5,151
0.016016,0.273302,1326,-1,-1
0.567466,0.098313,1327,-1,1
0.603646,0.333415,1328,0,0,170,552,1169
0.248848,0.073801,1329,-1,1
0.775006,0.821246,1330,-1,3,968
0.438958,0.972388,1331,-1,-1
0.120144,0.462751,1332,-1,-1
0.336015,0.749574,1333,5,5,192,207,551
0.960561,0.704576,1334,-1,-1
0.396856,0.618226,1335,7,7,172,345,360
0.788842,0.821019,1336,-1,3
0.207089,0.248673,1337,-1,-1
0.019415,0.628184,1338,7,7,1019
0.096498,0.078796,1339,1,1,771
0.245063,0.840926,1340,5,5,165,646,1064
0.142145,0.990233,1341,-1,-1
0.980662,0.225968,1342,-1,-1
0.737873,0.081348,1343,-1,4
0.755016,0.623858,1344,-1,3,390
0.959,0.52292,1345,-1,-1
0.307508,0.989619,1346,-1,-1
0.758655,0.803456,1347,-1,3
0.861181,0.453245,1348,4,4,289,483,871,912,1184
0.741835,0.320619,1349,-1,-1
0.373758,0.543115,1350,-1,7
0.623164,0.160392,1351,1,1,58,441,487,703,853,910,1002
0.014067,0.205615,1352,-1,-1
0.569471,0.735206,1353,-1,-1
0.522376,0.530141,1354,-1,7
0.672286,0.688642,1355,-1,-1
0.415132,0.392876,1356,-1,-1
0.14314,0.803532,1357,5,5,200
0.477414,0.645559,1358,7,7,44,705,977
0.495997,0.407776,1359,-1,-1
0.697984,0.849261,1360,-1,3
0.983147,0.927748,1361,-1,-1
0.718391,0.566513,1362,-1,3
0.716953,0.713916,1363,-1,3
0.773106,0.88182,1364,-1,3
0.267948,0.500167,1365,-1,6
0.799874,0.942979,1366,-1,-1
0.498901,0.247419,1367,0,0,700
0.204586,0.921576,1368,-1,5,712
0.319878,0.308989,1369,0,0,717
0.609133,0.738494,1370,-1,-1
0.062911,0.982689,1371,-1,-1
0.583862,0.468588,1372,-1,-1
0.97137,0.694134,1373,-1,-1
0.585641,0.882493,1374,5,5,494
0.262873,0.980438,1375,-1,-1
0.243776,0.034246,1376,-1,-1
0.68998,0.566274,1377,-1,-1
0.266584,0.703146,1378,-1,-1
0.565277,0.673289,1379,7,7,56,155,385,493,545,564,1097
0.702388,0.349769,1380,-1,-1
0.482444,0.73373,1381,-1,5
0.69354,0.252336,1382,-1,-1
0.92945,0.63468,1383,-1,-1
0.71135,0.796228,1384,-1,3
0.425153,0.070384,1385,-1,-1
0.524187,0.942941,1386,-1,5
0.410174,0.929038,1387,-1,5
0.120758,0.86401,1388,5,5,220,1063
0.105332,0.727998,1389,-1,-1
0.059932,0.752042,1390,-1,-1
0.34936,0.101852,1391,1,1,596,724
0.024904,0.033854,1392,-1,-1
0.8963,0.772683,1393,4,4,343,378
0.545756,0.790694,1394,5,5,828
0.789393,0.536346,1395,-1,3
0.828129,0.002565,1396,-1,-1
0.735022,0.522844,1397,3,3,18
0.820285,0.626937,1398,4,4,328,799
0.217979,0.939442,1399,-1,5
0.30637,0.670205,1400,-1,-1
0.319176,0.08268,1401,-1,-1
0.789373,0.755435,1402,-1,3
0.710407,0.98504,1403,-1,-1
0.343001,0.873205,1404,-1,5
0.628535,0.918245,1405,-1,5
0.671551,0.198499,1406,-1,-1
0.245137,0.899611,1407,5,5,112
0.789072,0.733755,1408,-1,3
0.733704,0.580581,1409,-1,3
0.164446,0.410033,1410,-1,-1
0.464941,0.936647,1411,-1,5
0.020528,0.476659,1412,-1,-1
0.284816,0.819784,1413,5,5,151,459,659,753,1060
0.185824,0.940435,1414,-1,5
0.123501,0.711178,1415,7,-1,450
0.178928,0.792232,1416,5,5,72,116,200,617,847
0.296078,0.699007,1417,-1,5
0.157321,0.5263,1418,7,7,660,715
0.473347,0.310273,1419,0,0,237,509
0.428797,0.659849,1420,-1,-1
0.776875,0.982864,1421,-1,-1
0.603689,0.191694,1422,-1,1
0.967816,0.467334,1423,-1,-1
0.629178,0.753201,1424,-1,-1
0.675233,0.229047,1425,-1,-1
0.604384,0.879296,1426,5,5,691
0.223057,0.270175,1427,-1,0
0.158888,0.438556,1428,-1,-1
0.838906,0.735032,1429,4,4,63,141,153,542,1124
0.744577,0.195007,1430,4,4,190
0.699793,0.547913,1431,-1,3
0.555129,0.466348,1432,-1,-1
0.85904,0.018586,1433,-1,-1
0.75103,0.841524,1434,-1,3
0.745161,0.883412,1435,-1,3
0.286809,0.399998,1436,-1,-1
0.443911,0.941762,1437,-1,5
0.725462,0.949064,1438,-1,-1
0.575023,0.064624,1439,-1,-1
0.191581,0.083358,1440,1,1,1009,1132
0.511938,0.003261,1441,-1,-1
0.351442,0.435691,1442,6,6,150
0.959989,0.002838,1443,-1,-1
0.807151,0.342595,1444,4,4,142,963
0.223596,0.961951,1445,-1,-1
0.85197,0.949595,1446,-1,-1
0.791439,0.492367,1447,-1,3
0.742364,0.274042,1448,-1,-1
0.901829,0.718441,1449,-1,4
0.532773,0.975395,1450,-1,-1
0.766686,0.11668,1451,-1,4
0.222863,0.810524,1452,5,5,1141
0.903082,0.738301,1453,4,4,297,343,1218
0.183951,0.453572,1454,-1,-1
0.121612,0.47964,1455,-1,-1
0.186096,0.748812,1456,-1,-1
0.911942,0.245788,1457,-1,4
0.438207,0.926642,1458,5,5,820
0.845397,0.959845,1459,-1,-1
0.773412,0.575386,1460,3,3,35
0.917296,0.075056,1461,-1,-1
0.29121,0.442506,1462,6,6,256
0.456663,0.044588,1463,-1,-1
0.862978,0.525701,1464,4,4,94,222,774
0.484921,0.544821,1465,-1,7
0.31666,0.939929,1466,-1,5
0.680551,0.4756,1467,-1,-1
0.796963,0.178912,1468,4,4,636
0.218202,0.457211,1469,-1,-1
0.074753,0.839998,1470,5,5,419,1186
0.375288,0.618127,1471,7,7,172,195
0.147372,0.733276,1472,-1,-1,413
0.701727,0.771506,1473,-1,3,1188
0.019056,0.738541,1474,-1,-1
0.753271,0.522113,1475,-1,3
0.118137,0.759273,1476,-1,5
0.647994,0.898258,1477,5,5,162
0.204324,0.52538,1478,-1,-1
0.041917,0.520052,1479,-1,-1
0.784483,0.746327,1480,-1,3
0.807731,0.040341,1481,-1,-1
0.296327,0.021118,1482,-1,-1
0.810308,0.946798,1483,-1,-1
0.359607,0.550668,1484,-1,7
0.517757,0.989266,1485,-1,-1
0.869649,0.974812,1486,-1,-1
0.312678,0.697356,1487,-1,5
0.037063,0.078587,1488,1,1,78,573
0.794486,0.718372,1489,-1,3
0.628285,0.720391,1490,-1,-1
0.184401,0.389624,1491,-1,-1
0.251092,0.494965,1492,-1,-1
0.009306,0.27904,1493,-1,-1
0.44816,0.538755,1494,-1,-1
0.740105,0.179588,1495,-1,4
0.102088,0.983892,1496,-1,-1
0.22876,0.402767,1497,-1,-1
0.483265,0.429228,1498,-1,-1
0.072045,0.059772,1499,-1,-1
0.897901,0.798307,1500,4,4,581
0.161663,0.471442,1501,-1,-1
0.065704,0.962238,1502,-1,-1
0.250722,0.446082,1503,-1,-1
0.445635,0.213835,1504,-1,-1
0.69661,0.510718,1505,-1,3
0.625921,0.836348,1506,5,5,784
0.007068,0.396675,1507,-1,-1
0.000154,0.877741,1508,-1,-1
0.105698,0.01048,1509,-1,-1
0.740955,0.905096,1510,-1,3
0.199173,0.943261,1511,-1,5
0.824299,0.887381,1512,-1,4
0.507076,0.090487,1513,-1,-1
0.610963,0.103379,1514,-1,1
0.906958,0.312615,1515,4,4,511,550
0.474531,0.723214,1516,-1,5
0.65661,0.101741,1517,-1,-1
0.707314,0.600682,1518,-1,3
0.499758,0.781951,1519,5,5,71
0.670341,0.441442,1520,-1,-1
0.965306,0.381572,1521,-1,-1
0.449157,0.478381,1522,-1,6
0.092531,0.829336,1523,-1,5
0.789162,0.628372,1524,-1,3,759
0.925558,0.533565,1525,-1,-1
0.034642,0.733169,1526,-1,-1
0.965461,0.854151,1527,-1,-1
0.321424,0.990118,1528,-1,-1
0.935377,0.983264,1529,-1,-1
0.705377,0.390376,1530,-1,3
0.165881,0.083746,1531,1,1,288
0.916106,0.875033,1532,-1,-1
0.320266,0.528995,1533,-1,-1
0.710555,0.14796,1534,-1,-1
0.982263,0.5942,1535,-1,-1
0.049158,0.282939,1536,-1,-1
0.900053,0.896231,1537,-1,4
0.662338,0.532228,1538,-1,-1
0.049839,0.324392,1539,0,0,452,888,986
0.653365,0.059534,1540,-1,-1
0.574849,0.445842,1541,-1,-1
0.823512,0.044073,1542,-1,-1
0.96434,0.154349,1543,4,4,1147
0.222855,0.077313,1544,-1,1
0.357511,0.409285,1545,-1,-1
0.829683,0.080346,1546,-1,2
0.106197,0.945944,1547,-1,5
0.62896,0.490932,1548,-1,-1
0.547017,0.733687,1549,-1,-1
0.338174,0.961071,1550,-1,-1
0.099119,0.531769,1551,7,7,233
0.712728,0.898534,1552,-1,3
0.010227,0.576456,1553,-1,-1
0.571502,0.971068,1554,-1,-1
0.949994,0.658249,1555,-1,-1,939
0.987194,0.487878,1556,-1,-1
0.313898,0.069374,1557,-1,-1
0.788976,0.806447,1558,-1,3
0.726535,0.222946,1559,-1,-1
0.380407,0.474118,1560,-1,6
0.926635,0.002593,1561,-1,-1
0.556023,0.494153,1562,-1,-1
0.159576,0.256395,1563,-1,-1
0.682878,0.619259,1564,-1,-1
0.78541,0.28448,1565,4,4,602
0.241426,0.01336,1566,-1,-1
0.267462,0.418089,1567,-1,-1
0.7276,0.375948,1568,-1,3
0.585446,0.205522,1569,-1,-1
0.698271,0.361461,1570,-1,-1,285
0.219314,0.524012,1571,-1,-1
0.735233,0.765755,1572,-1,3
0.261212,0.663259,1573,7,7,124
0.449878,0.988576,1574,-1,-1
0.10142,0.054762,1575,-1,-1
0.482545,0.06472,1576,-1,-1
0.226194,0.707045,1577,-1,-1
